0f,1
1st,1
6th,1
A,82
AT,1
Abbot,1
About,1
Academy,3
Acres,1
Ada,2
Adam,1
After,24
Ah,18
Air,1
Alacoque,1
Alderman,2
Ale,1
All,25
Allan,1
Allen,1
Alleyne,26
Alleyne’s,2
Allow,1
All’s,1
Almighty,1
Alphy,6
Always,1
Am,1
Amen,1
America,1
American,5
American’s,1
Amid,1
Among,1
Amy,1
An,7
And,90
Andre,2
Annie,4
Annie’s,2
Another,2
Antient,4
Anxiety,1
Any,2
Anyway,3
Apache,1
Apolinaris,1
Apollinaris,2
Araby,2
Arab’s,1
Aramburo,1
Aran,1
Are,7
Arrayed,2
As,44
Ask,1
Aston’s,1
At,41
Atalantas,1
Atkinson,1
Atlantic,1
Aughrim,4
Aungier,1
Aunt,100
Ay,2
Ayres,3
B,1
Bachelor’s,1
Back,2
Baggot,3
Balbrigan,1
Balfe,1
Ballast,2
Ballsbridge,1
Bank,2
Bantam,1
Bar,2
Bartell,15
Base,1
Bass,1
Batter,1
Beannacht,1
Beautiful,1
Because,3
Beer,1
Before,3
Beirne,4
Belfast,4
Belgian,1
Belgium,2
Bell,5
Belle,1
Bell’s,1
Bergin,2
Berlin,1
Bernard,5
Besides,6
Bessie,1
Betrayed,1
Better,2
Between,3
Bewley’s,1
Beyond,1
Billy,1
Billy’s,1
Birds,1
Black,2
Blackwhite,1
Blast,3
Blessed,1
Board,1
Bob,2
Bodley,4
Bog,1
Bohemian,3
Bonaparte,1
Boose,1
Borgia,1
Both,3
Bravo,1
Breakfast,1
Bridal,2
Bridge,8
Bring,1
Britain,1
Briton,4
Brothers,1
Brown,1
Browne,48
Browning,2
Browning’s,1
Buckingham,1
Buenos,3
Bunser,1
Burke,10
Burke’s,2
Burns,1
But,125
Butler,5
Butler’s,1
By,10
Bye,2
Byrne’s,1
Byron’s,1
C,3
Cab,1
Cadet,1
Cafe,1
Callan’s,1
Calmly,1
Cambridge,3
Campanini,1
Campbell,1
Can,1
Canada,1
Canadian,1
Canal,2
Can’t,4
Capel,3
Captain,3
Cards,1
Caruso,2
Case,1
Cassidy,1
Castle,4
Cathedral,1
Catherine’s,1
Catholic,6
Catholicism,1
Celtic,2
Ceoil,1
Certainly,1
Chandler,41
Chandler’s,1
Chantant,1
Chapelizod,3
Charles,1
Charlie,1
Chief,2
Christ,5
Christian,2
Christmas,7
Christmas-card,1
Christmas-time,2
Christmastime,1
Christy,1
Church,14
Churches,1
Cigarettes,1
Circular,1
City,7
Clancy,1
Clerk’s,1
Close,2
Colgan,1
Colgan’s,2
College,6
Come,13
Cometty,1
Commission,1
Committee,2
Communnicant,1
Concert,4
Connacht,1
Conroy,17
Conservative,2
Conservatives,2
Constable,1
Constabulary,1
Constantine,2
Consumption,1
Continent,3
Continentals,1
Corless’s,3
Corley,46
Corley’s,6
Corner,1
Coroner,3
Corporation,1
Cotter,11
Cotter’s,1
Could,7
Couldn’t,2
County,1
Course,1
Courts,1
Cowley,2
Credo,2
Crofton,17
Crofton’s,1
Croly,1
Crosbie,3
Cross,2
Crowe,1
Crux,2
Cunningham,57
Cunningham’s,1
DEATH,2
Daily,2
Dalkey,1
Daly,8
Dame,3
Damn,5
Damned,1
Dan,3
Darkness,2
Davy,1
Dawson,2
Daybreak,1
Dear,1
Death,1
Decent,1
Decidedly,1
Delacour,7
Delight,1
Deputy,2
Derevaun,2
Desisting,1
Devines,1
Devlin,1
Devout,1
Diamonds,1
Dicky,2
Dicky’s,1
Did,14
Didn’t,5
Dillon,10
Dinorah,1
Directory,1
Distant,1
Ditto,1
Do,14
Docks,1
Dodder,1
Does,1
Dolling,1
Don,1
Donnelly,11
Donnybrook,2
Don’t,8
Doran,4
Doran’s,1
Dorset,1
Dowling,3
Down,2
Downes’s,3
Doyle,1
Dr,1
Drapery,1
Dreamt,1
Driving,1
Drumcondra,2
Dublin,34
Dublin’s,2
Duffy,7
Duggan,3
Duke,1
Duke’s,1
Dunn,1
Dunne,1
Dunns,1
Dwelt,1
Dwyer,1
D’Arcy,25
D’Arcy’s,1
D’ye,1
E,1
ELECTIONS,1
EXCHANGE,1
Each,2
Eagle,2
Earl,1
Earlsfort,1
Eastern,1
Ecod,1
Eddie,1
Edmund,1
Education,1
Edward,2
Edward’s,1
Egan’s,2
Eh,3
Eight,1
Eliza,13
Ellen,1
Ely,1
Emily,1
England,4
English,5
Englishman,2
Englishman’s,1
Entertaining,1
Erin,4
Erin’s,3
Ernest,4
Escape,1
Eucharist,1
Europe,1
Eustace,1
Eva,1
Eve,3
Eveline,2
Even,4
Ever,1
Every,7
Everybody,3
Everyone,13
Everyone’s,1
Everything,3
Eves,1
Eve’s,1
Evidently,2
Evvy,1
Exchange,1
Experience,1
Express,2
Faith,1
Fanning,5
Farewell,1
Farley,7
Farrington,19
Farrington’s,8
Farther,1
Father,26
Fathers,1
Fatty’d,1
February,1
Feis,1
Few,1
Fifteen,1
Finally,1
Fine,3
Finlay,1
Fire,1
First,3
Fitzpatrick,15
Fitzpatrick’s,1
Five,1
Fleet,2
Fleming,2
Florentines,1
Flynn,6
Fogarty,15
Fogarty’s,1
For,19
Four,3
Fownes’s,1
France,4
Francois,1
Frank,6
Freddy,34
Freedom’s,1
Freeman,4
Freeman’s,3
Freemason,1
Freemason’s,1
French,7
Frenchmen,2
Friday,5
From,11
Fulham,1
Funds,1
Furey,5
Furlong,5
G,1
Gabriel,142
Gabriel’s,16
Gaiety,1
Galaher,1
Gallaher,47
Gallaher’s,7
Gallicism,1
Galway,6
Gardiner,1
Gavan,1
Gay,1
Gazing,1
General,3
Generous,1
Gentlemen,6
George’s,6
Georgina,1
German,7
Germans,1
Germany,1
Get,2
Ghost,1
Ginger,4
Girl,1
Giuglini,1
Give,3
Giving,1
Glasgow,3
Glasnevin,2
Glasses,1
Glynn,3
Glynn’s,1
Go,9
God,33
God-fearing,1
God’s,2
Going,1
Goldberg,1
Goloshes,2
Good,3
Good-evening,1
Good-night,12
Goodness,1
Goodnight,1
Graces,3
Gradually,2
Grafton,5
Grattan,2
Gray,1
Grays,1
Gray’s,1
Great,3
Greek,1
Green,5
Gresham,1
Gretta,24
Greystones,1
Grimes,3
Guardian,1
Guttapercha,1
H,2
Ha,1
Had,2
Haddington,1
Hail,3
Half,2
Half-seven,1
Halfpenny,1
Hall,1
Hallo,4
Hallow,3
Halpin,1
Hardly,3
Hardwicke,1
Harford,4
Harford’s,1
Harry,5
Has,1
Hasn’t,1
Have,6
He,564
Healey,1
Healy,11
Hear,2
Heart,1
Hearts,1
Hello,2
Help,1
Henchy,53
Hendrick,3
Henrietta,1
Henry,2
Her,46
Herald,1
Here,14
Here’s,4
He’d,2
He’s,24
Hickey’s,1
Higgins,6
High,1
Hill,4
His,86
History,2
Hm,3
Ho,2
Hogan,3
Hogan’s,1
Hohe,1
Holland,1
Holohan,36
Holohan’s,1
Holy,1
Home,1
Honest,1
Hospital,2
Hot,1
Hotel,1
House,8
How,22
However,4
Howth,2
How’s,2
Humanity,1
Hume,2
Hungarian,5
Hungary,1
Hushed,1
Hynes,24
I,659
I.O.U."˜s,1
IX,1
If,24
Ignatius,38
Ilma,1
Imminent,1
In,44
Indeed,1
Indian,1
Indians,1
Inns,2
Instinctively,1
Ireland,7
Irish,25
Irish-looking,1
Irishtown,1
Iron,1
Is,24
Island,2
Isle,3
Isles,1
Isn’t,4
It,102
Italian,3
Italians,1
Italy,1
Its,1
It’ll,1
It’s,32
Ivors,26
I’an’t,1
I’d,13
I’ll,34
I’m,54
I’ve,14
J,2
Jack,18
Jack’s,1
James,7
James’s,1
Jane,49
Jane’s,4
Jesuit,4
Jesuits,5
Jesus,3
Jew,2
Jewesses,1
Jewish,2
Jews,1
Jimmy,24
Jimmy’s,2
Joe,32
Joe’s,2
John,10
Johnny,11
Journal,2
Joy,1
Julia,47
Julia’s,7
Juliet,1
July,2
June,1
Just,7
Kate,71
Kate’s,2
Kathleen,13
Kathleen’s,3
Kavanagh’s,1
Kearney,50
Kearneys,2
Kearney’s,5
Keegan,1
Kelly’s,2
Keogh,2
Keon,5
Kernan,66
Kernan’s,9
Kerrigan,2
Kildare,2
Kilkelly,1
Killarney,1
Kindly,1
King,7
Kingsbridge,1
Kingstown,4
King’s,3
Kirwan,1
LADY,1
Ladies,6
Lambabaun,1
Lamplight,1
Lancers,1
Land,1
Lane,3
Larry,1
Lass,4
Later,1
Latin,4
Law,1
Lawn,1
League,1
Leave,2
Leghorn,1
Lenehan,29
Lenehan’s,2
Lennon,2
Leo,10
Leonard,7
Leoville,1
Leo’s,1
Lest,1
Let,8
Let’s,1
Leverett,1
Liberty,1
Lie,1
Liffey,2
Light,4
Like,2
Lily,12
Lily’s,1
Line,1
Listen,3
Listening,1
Lithia,1
Little,44
Liverpool,1
Lizzie,1
Loan,1
London,16
Londoner,1
Look,6
Lord,10
Lothario,2
Love,1
Lovely,1
Lucan,1
Lucrezia,1
Lux,5
Lyons,13
Lytton,1
Lytton’s,2
MUNICIPAL,1
Mac,4
MacHale,3
Madam,6
Madam’s,2
Magazine,1
Magellan,1
Mahony,21
Mahony’s,2
Mail,1
Major,1
Make,1
Malins,39
Malone,2
Mamma,1
Mamma’s,1
Mammon,1
Man,3
Mangan’s,2
Mansion,3
Many,3
Many’s,1
Margaret,1
Margaret’s,1
Maria,38
Maria’s,2
Maritana,1
Markets,1
Marlborough,1
Martin,6
Marvel,1
Mary,63
Mary’s,1
Mass,3
Massey’s,1
Mat,3
May,3
Maybe,2
Mayor,3
McCloud’s,1
Me,1
Meade,1
Meade’s,1
Mean,2
Meath,1
Meeting,2
Melancholy,1
Melbourne,1
Melleray,2
Melodies,1
Memoirs,1
Mercer,2
Merrion,4
Michael,6
Midland,1
Midway,1
Might,1
Mignon,1
Milan,1
Mind,1
Minstrels,1
Miss,90
Misses,3
Mmmyes,1
Modern,1
Molly,3
Moments,1
Monica,2
Monkstown,2
Monument,2
Mooney,14
Mooney’s,2
Moore,2
More,1
Moreover,1
Morkan,13
Morkan’s,1
Most,2
Moulin,1
Mount,2
Moyle,1
Mozart’s,1
Mr,571
Mrs,114
Much,1
Mucus,1
Mulligan’s,2
Munno,1
Murphy,2
Murzka,1
Musha,1
Music,1
Must,2
My,19
M’Auley’s,2
M’Coy,32
M’Coy’s,1
Nannie,6
Napoleon,2
Nassau,1
National,2
Nationalist,6
Near,1
Nearly,3
Negro,1
Neither,3
Never,3
Nevertheless,1
New,2
Newport,1
Newspaper,1
Next,2
Nice,1
Nietzsche,1
Nineteen,1
No,53
Nobly,1
Nobody,3
None,2
North,3
Norwegian,1
Nosey,3
Not,16
Nothing,2
November,2
Now,29
Nuns,1
O,87
OF,2
Observing,1
October,2
Of,29
Office,5
Often,2
Oh,3
Old,4
On,21
Once,5
One,27
Only,9
Open,3
Or,3
Orangeman,2
Order,2
Oriental,1
Ormond,1
Other,2
Oughterard,2
Our,6
Out,2
Over,1
Own,1
O’Callaghan,6
O’Carroll,1
O’Clohissey’s,1
O’Connell,3
O’Connor,45
O’Donovan,1
O’Farrell’s,1
O’Halloran,8
O’Hara,2
O’Madden,8
O’Neill’s,3
O’Rourke,4
P,2
P.L.G,1
PARADE,1
PARNELL,1
Paddy,3
Pain,1
Painful,1
Papal,1
Parade,2
Pardon,1
Paris,13
Parisienne,1
Park,4
Parker,3
Parkes,1
Parkgate,2
Parkinson,2
Parnell,5
Parnell’s,1
Party,1
Pat,5
Patagonians,1
Patrick,2
Patterson,1
Pay,1
Peake,1
People,6
Perhaps,13
Perish,1
Persia,1
Phoenix,1
Pigeon,3
Pillar,3
Pim’s,1
Pius,1
Place,1
Play,2
Pledge,1
Pok,3
Police,1
Polly,15
Polly’s,1
Pony,1
Poolbeg,1
Poor,6
Pope,13
Poppens,1
Port,1
Post,2
Power,52
Power’s,4
Present,1
Presently,1
Press,4
Prisoner,1
Probably,1
Protestant,2
Protestants,3
Purdon,5
Quadrilles,2
Quay,2
Queen,2
Queen’s,1
Quite,2
R,1
ROYAL,1
Railway,1
Rain,1
Rapid,1
Rather,2
Ravelli,1
Re-covered,1
Really,2
Redeemer,1
Reel,1
Refreshed,1
Refreshment,1
Religion,1
Remembering,1
Rev,1
Revival,1
Rex,1
Reynolds’s,1
Richard,1
Right,3
Righto,2
Ringsend,2
Rise,1
Riviere,6
Road,6
Robert,1
Roman,3
Rome,1
Romeo,1
Room,1
Rooms,4
Rosicrucian,1
Rossa,1
Rotterdam,1
Rotunda,1
Rouge,1
Round,1
Roussel,1
Routh,4
Row,2
Royal,5
Rush’s,1
Rutland,2
Ryan,1
S,1
SYDNEY,1
Sacred,1
Safe,1
Sandymount,2
Satan,1
Saturday,10
Say,2
School,3
Science,1
Scotch,2
Scotland,1
Scott,2
Scott’s,1
Scriptures,1
Sea,1
Secreto,1
See,2
Seeing,2
Segouin,12
Segouin’s,2
Send,2
Seraun,2
Sergeant,1
Seventeen,1
Seventh,1
Sh,2
Sha,1
Sha,"˜s,2
Shake,1
Shakespeare,1
Shakespeare’s,1
Shame,1
Shannon,1
She,205
Shelbourne,2
Shelley,4
Sheridan,2
She’ll,2
She’s,9
Show,1
Silent,1
Simultaneously,2
Sinico,8
Sir,3
Sirr,1
Sit,2
Six,1
Skerries,2
Slip,1
Smith,1
Smoothing,1
Smyrna,1
So,15
Socialist,1
Society,2
Soda,1
Soldier,1
Some,12
Somebody,1
Someone,6
Something,1
Sometimes,6
Son,1
Soon,3
South,1
Spake,1
Special,1
Spoils,1
Square,3
Star,1
States,1
Station,4
Steed,1
Stephen’s,4
Still,5
Stoney,1
Stop,2
Stores,3
Straits,1
Strand,1
Strange,2
Street,55
Struck,1
Sub-Sheriff,1
Such,3
Suddenly,4
Suffolk,1
Sunday,11
Sundays,1
Sunday’s,1
Sundered,1
Sure,2
Surgeons,2
Swaddlers,2
Sydney,2
T,2
THE,1
Take,3
Talk,2
Teddy,3
Tell,9
Temple,1
Tenebrae,1
Tenebris,1
Terrace,1
Terry,2
Thank,3
Thanks,5
That,23
Thats,1
That’d,1
That’ll,2
That’s,33
The,428
Theatre,2
Their,9
Then,73
There,50
Therefore,3
There’s,16
These,4
They,78
They’re,9
Things,2
Thirty,1
This,19
Thomas,3
Thomas’s,1
Those,6
Though,6
Three,7
Through,2
Thursday,5
Thus,1
Tiemey,1
Tierney,4
Tierney’s,1
Tietjens,1
Till,1
Tim,1
Time,1
Times,1
Tiresome,2
Tivoli,2
Tizzie,1
To,22
Toast,1
Today,1
Tom,17
Tommy,8
Tom’s,1
Tonight,2
Tower,1
Town,1
Trebelli,1
Tricky,3
Trinity,4
True,1
Tuam,2
Tuesday,2
Tuesday’s,1
Turkish,1
Twenty,1
Two,6
Two-and-four,1
Umbrellas,1
Uncrowned,1
Under,1
Understand,1
United,1
University,4
Unless,2
Upon,3
Usha,2
Usher’s,1
Vatican,1
Very,6
Vidocq,1
Villona,12
Villona’s,1
Vitriol,1
WARD,1
Wait,3
Walk,1
Walking,1
Wall,1
Walter,3
Ward,3
Was,7
Wasn’t,1
Water,1
Waterhouse’s,1
Waters,2
We,46
Weathers,11
Web’s,1
Wednesday,3
Well,42
Wellington,2
Were,1
Weren’t,1
West,6
Westland,2
Westmoreland,4
We’ll,6
We’re,2
Wharf,2
What,64
What’s,8
When,82
Whenever,4
Where,11
Whereas,1
Wherefore,1
Where’s,2
Which,3
While,14
Whilst,1
Whit-Monday,1
Who,14
Who’s,3
Why,27
Wicklow,1
Wide-awake,1
Wild,2
Wilkins,1
Will,1
Winetavern,1
Wisha,2
With,5
Within,1
Witness,1
Won’t,3
Work,1
Works,1
World,1
Would,6
XIII,1
Ya,1
Year,1
Year’s,1
Yerra,1
Yes,40
Yet,2
You,45
You’d,2
You’ll,3
You’re,4
You’ve,1
Zarathustra,1
Zephyr,1
a,1449
a.p,1
aback,1
abandoned,1
abhorred,1
abject,1
able,5
about,127
above,17
abroad,3
abrupt,2
abruptly,5
absence,2
absent,1
absentmindedness,1
absolve,1
abstinent,1
abstract,1
abstracted,2
abundance,1
abuse,1
abused,1
accent,10
accents,2
accepted,3
accident,11
accidents,1
acclamation,1
accommodation,1
accompanied,2
accompaniment,1
accompaniments,2
accompanist,5
accomplishments,2
accord,2
accordance,1
according,2
accordingly,1
account,6
accountant,1
accounts,4
accurately,1
accused,1
accustomed,1
ached,1
achieved,1
aching,1
acknowledged,2
acquaintance,2
acquaintances,1
acquiescence,1
acrobat,1
across,23
act,2
acting,3
action,1
active,2
actively,1
actor,1
acts,2
actuated,1
acute,1
acutely,1
adapted,1
added,12
adding,1
address,10
addressed,2
addressing,2
adieus,1
admire,2
admired,3
admiring,2
admiringly,1
admit,4
admitted,2
adoration,1
adorned,1
adroitness,1
advance,3
advanced,2
advancing,2
advantage,3
adventure,6
adventureless,1
adventures,3
adverting,1
advertisement,1
advertisements,2
advice,5
advise,1
advised,2
advising,1
affair,10
affairs,2
affected,1
affection,3
affectionate,2
affections,1
affirmed,1
afforded,1
affront,1
aforesaid,1
afraid,12
after,85
afternoon,1
afterward,1
afterwards,6
again,111
against,38
age,15
aged,2
agencies,1
agent,4
ages,1
agile,1
aging,1
agitated,2
agitation,4
ago,11
agony,1
agree,1
agreeable,1
agreeably,1
agreed,9
aid,3
aim,1
aimlessly,1
air,36
airing,1
airs,1
aisles,1
alarm,2
alarmed,4
alas,1
ale,2
alert,2
alight,1
alighted,1
alike,1
alive,6
all,229
alley,1
alleys,1
allow,5
allowed,12
alls,1
alluded,2
alluding,5
allusion,4
allusions,2
all’s,1
almond,1
almonds,2
almost,14
alms,1
alone,14
along,48
aloud,2
already,7
also,29
altar,3
altars,1
alter,1
alternately,2
altogether,3
always,50
am,15
amateur,1
ambition,1
ambulance,1
amiability,1
amiable,2
amiably,3
amid,13
amidst,1
amn’t,1
among,11
amp,1
amuse,2
amused,3
an,168
analogy,1
ancestral,2
ancient,1
and,2072
anew,1
angelical,1
anger,7
angered,1
angle,1
angrily,2
angry,6
anguish,2
animal,2
animatedly,2
animation,1
ankles,1
annihilate,1
anniversary,1
announced,3
annoy,1
annoyance,1
annoyed,5
annual,1
anointed,1
another,38
another’s,1
answer,19
answered,30
answering,3
answers,3
ant,1
anticipation,1
antique,1
anxious,3
anxiously,1
any,55
anybody,2
anyhow,4
anyone,10
anything,25
anyway,3
anywhere,4
apart,3
apologetic,1
apologise,2
apologised,1
apology,2
apparently,1
appeal,2
appealed,4
appear,4
appearance,5
appeared,7
appearing,1
applauded,3
applauding,1
applause,6
apple,3
apple-tree,1
apples,3
applying,1
appointed,1
appointment,2
appreciable,1
appreciated,2
appreciation,1
appreciative,1
apprehend,1
apprehensively,1
approach,1
approached,5
approaching,2
appropriateness,1
approval,2
approved,2
approving,1
approvingly,1
arc,2
arch,2
archbishops,2
archly,1
ardently,1
ardour,1
are,65
area,3
areas,1
aren’t,2
arguing,3
argumentatively,1
arise,1
arm,20
arm-chair,3
armed,1
arms,19
aroma,2
aromatic,1
arose,3
around,4
aroused,1
arranged,8
arrangements,1
arranging,5
array,1
arrayed,1
arrival,1
arrived,5
arriving,2
arrowroot,1
arteries,1
article,1
articles,1
artiste,5
artistes,12
arts,1
as,320
ascend,2
ascent,1
ashamed,4
ashen-grey,1
ashpit,1
ashpits,1
aside,6
ask,20
asked,127
asking,6
asks,1
asleep,4
aspen,1
aspirated,1
assailed,1
assemble,1
assembled,1
assembly,1
assent,3
assert,1
assistant,1
assisted,1
associated,1
association,1
assumed,5
assuming,2
assurance,1
assure,1
astonished,3
astonishing,2
astonishment,1
astounded,1
astrakhan,2
astuteness,1
asunder,1
at,434
ate,6
atmosphere,1
atom,1
attached,3
attack,1
attacked,3
attacking,1
attain,1
attempt,2
attempting,2
attempts,1
attend,1
attendances,1
attended,3
attention,5
attentive,3
attentively,2
attitude,5
attracted,1
audible,1
audience,7
auditorium,2
auditors,1
aunt,25
aunts,7
aunt’s,2
author,1
authoritative,1
autobiographical,1
autumn,2
avenue,3
average,1
avoided,1
awakened,2
award,2
awarded,1
aware,4
away,52
awful,1
awfully,4
awkward,6
awkwardly,1
awoke,3
ay,4
babe,1
bachelor,1
back,89
backwards,2
bacon-fat,1
bacon-rind,1
bad,23
bade,5
badge,1
badges,1
badly,2
baffled,1
bag,7
baggages,1
bailiffs,1
bailiff’s,1
balanced,3
balcony,2
ball,2
ballad,1
ballooned,1
balls,1
balustrade,1
band,2
bandage,2
banded,1
bang,1
banged,1
banish,1
banister-rail,1
banisters,6
bank,8
banknotes,1
banshee,1
baptismal,1
bar,14
bards,1
bare,2
bare-headed,1
barely,1
bargain,1
bargaining,1
barges,1
baritone,8
barman,4
barman’s,1
barmbrack,1
barometer,1
barracks,1
barrels,1
barren,1
barrier,1
bars,1
base,1
basket,4
bass,7
bath,2
battalion,1
battered,1
bawled,1
bazaar,9
be,246
beady,1
bear,2
beard,4
beat,5
beating,1
beats,1
beauties,1
beautiful,15
beautifully,1
beauty,1
became,11
because,39
beckon,1
beckoned,1
become,14
becoming,3
bed,19
bed-rail,2
bedroom,5
beds,1
beef,3
beef-tea,2
been,139
beer,5
beeswax,1
before,97
befoul,1
beg,1
began,99
beggars,1
begged,2
begin,8
beginners,1
beginning,14
begins,1
begone,1
begun,9
behalf,2
behaved,1
beheld,1
behind,30
being,28
belfry,1
belie,1
belief,2
beliefs,1
believe,15
believed,5
believer,1
bell,2
bells,2
belong,1
belonged,2
below,4
belt,2
bench,3
benches,5
bended,1
bending,2
beneath,5
benefit,2
bent,6
bequeathed,1
beside,26
besides,4
best,18
bet,1
betokened,1
betray,1
betrayed,1
betrayer,1
better,31
better-class,1
between,27
bevelled,1
bewildered,1
beyond,6
biceps,2
bicycle-pump,1
bid,1
bidding,3
big,23
biggest,2
bill,3
billiard,1
bills,3
bird,1
birds,1
birth,2
birthday,1
biscuit,3
biscuit-barrel,1
biscuits,4
bishops,2
bit,17
bite,1
bits,1
bitten,2
bitter,3
bitterly,1
bitterness,1
black,23
blackened,1
blackthorn,1
blade,1
blame,4
blancmange,2
blandly,1
blank,1
blankets,1
blankly,1
blast,1
blathering,1
bleaching,1
bleak,1
blended,1
blew,1
blind,3
blindfold,1
blindfolding,1
blinds,1
blinking,2
bliss,1
blocks,1
blond,1
blood,11
bloody,4
bloody-minded,1
blooming,1
blotches,1
blouse,5
blouses,2
blowing,4
blown,2
blue,16
bluish,1
blunt,2
bluntly,2
blush,4
blush-pink,1
blushed,2
blushes,1
blushing,3
boa,1
board,2
boarding,4
boast,1
boasted,2
boasting,1
boat,4
bob,4
bodice,1
bodies,2
bodiless,1
body,30
bold,2
boldest,1
boldly,9
bona,1
bond,2
bone,1
bones,1
bonnet,1
book,9
booked,1
books,14
booksellers,1
bookshelf,1
bookworm,1
boose,2
boosing,1
boot,1
bootees,1
bootmaker,1
boots,5
border,2
borders,1
bore,5
bored,2
born,2
borne,3
borrowed,1
bosom,5
boss,1
bostooms,1
both,14
bother,2
bottle,20
bottle-green,1
bottled,1
bottles,19
bottom,1
bought,9
bounded,1
bounding,2
bouquet,1
bow,2
bowed,8
bowing,1
bowl,2
bowler,1
bowls,2
bows,2
bowsy,1
box,5
box-office,1
boy,46
boyos,1
boys,26
boy’s,1
bracelet,1
bracing,1
braided,1
brain,2
brains,1
branches,2
brandishing,1
brandy,2
brass,1
brave,2
braved,1
bravely,3
bravery,1
brazen,1
bread,2
bread-pudding,1
break,7
break-up,1
breakfast,3
breakfast-cup,1
breakfast-room,1
breakfast-time,1
breaking,1
breaks,1
breast,5
breath,9
breathing,2
breeches,1
breeze,1
breviary,1
brewers,1
brick,1
bricklayer,1
bridal,1
bridge,4
bridges,1
brief,3
bright,9
brightened,1
brilliant,4
brim,2
brimming,1
bring,16
bringing,3
brings,2
brisk,1
briskly,1
bristled,1
broad,3
broader,1
broadly,2
broke,9
broken,9
bronchitic,1
bronze,4
brooch,1
brood,1
brooded,1
brother,7
brothers,2
brought,42
brow,3
brown,21
brown-clad,1
brows,7
brunt,1
brush,1
brushed,4
brutal,2
buck,1
buckle,1
buckled,1
buff,1
buffer,1
build,2
building,3
built,3
bulb,1
bulged,2
bulk,3
bull,1
bulldog,1
bullied,2
bumper,1
bumpkins,1
bumptious,1
bunch,1
bunches,1
bundled,1
bundles,2
buns,1
burden,2
buried,4
burly,1
burned,3
burning,1
burst,5
bursting,1
bushes,1
bushy,1
business,27
businesslike,1
bustle,2
bustling,1
busy,1
but,216
butcher,2
butter,1
buttoned,2
buttonholed,1
buttoning,1
buttons,4
buy,11
buyers,1
buying,1
by,200
bye,1
bygones,2
bystander,1
bystanders,2
bystreet,1
byword,2
cab,14
cabbage,6
cabin,4
cabman,6
cabs,2
cadence,1
cafes,1
caitiff,1
cake,1
cake-shop,1
cakes,4
cakeshop,1
calculate,1
call,18
called,39
calling,5
calm,4
calmed,1
calmer,1
calmly,2
calve,1
camaraderie,1
came,100
camp,1
can,32
canal,2
candid,2
candidate,2
candidly,1
candle,11
candlelight,1
candles,6
candlestick,1
candlesticks,3
canisters,1
cannot,1
cans,2
canvas,1
canvases,1
canvass,2
canvasser,3
can’t,9
cap,11
capable,1
cape,1
capital,5
capitals,2
caps,1
captain,2
capture,1
capturing,1
car,21
carat,1
caraway,1
card,4
card-party,1
cardboard,2
cardinal,3
cardinals,2
cards,8
care,7
career,2
careered,1
careering,1
careers,1
careful,5
carefully,4
carelessly,2
cares,1
caress,2
caressed,2
caresses,1
caressing,1
caretaker,2
caretaker’s,1
cargo,1
carman,2
carpeted,1
carriage,5
carriages,1
carried,10
carrier,1
carry,2
carrying,4
cars,2
carts,1
carve,5
carver,2
carving,1
case,19
cases,6
cash,1
cashier,7
cast,5
caste,1
casual,4
casually,1
cat,4
catacombs,1
catapult,3
catch,12
catching,4
cater,1
cathedra,3
catholic,1
cats,1
caught,20
cause,3
caused,1
causes,1
cautious,1
cautiously,3
cavalier,2
cavaliers,1
cavernous,1
ceased,7
ceiling,1
celebrated,1
celery,4
celibate,2
cell,1
cemetery,2
central,2
centre,4
centuries,1
century,1
ceremonies,1
certain,20
chafed,1
chaffed,1
chain,3
chains,2
chair,17
chairs,3
chalice,4
challenge,1
chance,2
chances,1
chandelier,2
change,4
changed,8
changes,3
changing,3
chanting,1
chap,15
chapel,10
chaplain,1
chaps,2
character,5
charge,9
charges,1
charitable,1
charity,1
charm,2
charmeuse,1
charming,1
chase,1
chased,2
chastising,1
chat,1
chatting,2
cheap,1
cheaper,1
check,3
cheek,6
cheekbones,2
cheeks,7
cheer,1
cheerful,2
cheerfully,4
cheerfulness,1
cheering,1
cheerless,1
cheese,2
cheque,1
cherish,1
chest,1
cheval-glass,1
chewed,2
chief,10
chieftain,1
child,20
childish,1
childishly,1
children,36
children’s,1
child’s,4
chill,3
chilled,1
chilly,1
chin,5
china,2
chivalry,1
chocolate,2
chocolates,2
choice,1
choir,3
choirs,1
choked,1
choking,1
choose,1
choosing,1
chops,2
chords,1
chorus,3
chose,2
chosen,2
chronicles,1
chummy,1
church,9
churchyard,1
cigar,4
cigar-case,1
cigarette,9
cigarette-papers,1
cigarettes,1
cigars,2
cinder,1
cinders,2
circle,7
circled,2
circles,1
circling,1
circulated,2
circumstances,4
circus,1
cities,1
citizen,1
citizens,1
citizenship,1
city,20
civic,1
civil,1
civilisation,1
clacking,2
claim,2
clambered,2
clamour,1
clanged,1
clap,1
clapped,2
clapping,8
clasped,2
clasping,2
clasps,1
class,3
classes,2
classroom,1
clatter,3
clattered,1
clay,2
clean,2
clean-shaven,1
cleanshaven,2
clear,7
cleared,7
clearly,1
cleaver,1
clenching,1
clergyman,1
clergyman’s,1
clerk,15
clerks,4
clever,5
clicking,1
clients,3
climate,1
climax,2
climbing,1
clinch,1
clinked,1
clip,1
cloak,4
cloaks,1
clock,9
close,10
closed,17
closely,4
closing,3
cloth,2
clothe,1
clothes,7
clothing,1
clotted,1
cloud,1
clouds,4
clownish,1
club,2
clumsily,1
clumsy,1
clutch,1
clutched,1
coachman,1
coal,3
coarse,1
coat,7
coats,2
cock-eye,1
cocks,1
cocottes,1
code,1
coffee,1
coffin,5
coffined,1
coffins,1
coin,2
coins,2
cold,32
coldly,5
colds,1
collapse,1
collar,10
collar-bone,1
collarette,1
collars,1
colleague,1
colleagues,1
collect,1
collected,4
collecting,1
collection,1
college,6
colonel-looking,1
colour,12
coloured,5
colourless,1
colours,2
column,2
combed,1
combing-jacket,1
come,64
come-all-you,1
comedy,1
comer,1
comes,6
comfort,4
comfortable,1
comfortably,1
comforted,1
comic,3
comical,2
coming,24
command,1
commerce,1
commercial,2
commercially,1
commission,2
committed,1
committee,9
common,3
common-sense,1
commonly,1
commonplace,2
communing,1
communion,1
companies,1
companion,5
companions,5
companionship,1
companion’s,3
company,21
compared,2
comparing,1
compassionately,1
compelled,1
compete,1
competed,1
competition,1
competitors,1
complacent,1
complain,1
complete,1
completely,2
complex,1
complexion,3
complexioned,1
complicity,1
compliment,4
complimented,1
compliments,1
compose,1
composed,1
composure,1
compromised,1
conceal,2
conceded,1
conceit,1
conceived,2
concern,2
concert,14
concerts,10
conclave,1
concrete,1
condemned,1
condensed,1
condition,1
conduct,4
conference,1
confess,5
confessed,1
confession,2
confession-box,1
confessional,2
confessor,1
confidence,2
confidentially,1
confirmed,1
confuse,1
confused,12
confusedly,1
confusion,2
congenial,1
congregation,3
connived,1
connubial,1
conquer,1
conqueror,1
conscience,1
consciences,1
conscious,8
consciousness,1
consecutively,1
consented,3
conservatory,2
consider,2
considerable,1
considerably,1
considerately,1
consideration,1
considered,3
considering,2
consignor,1
consisted,1
console,2
consoled,1
constable,10
constant,3
constantly,1
constitution,1
constrained,1
consume,1
contained,2
containing,3
contempt,1
content,3
contented,1
contentedly,1
contents,1
continent,1
continually,2
continue,1
continued,26
continuing,2
contract,13
contracted,1
contracts,1
contradictions,1
contralto,3
contrast,1
control,4
contusions,1
convenient,1
convent,7
conventions,1
converged,1
conversation,16
converse,2
conversing,1
converted,1
convex,1
conveyed,1
conviction,1
convincing,1
convulsed,1
convulsively,1
cook,4
cooked,2
cool,6
coolly,1
copied,3
coping,1
copious,1
copiously,1
coppers,1
copy,12
cordially,1
cork,3
corks,1
corkscrew,7
corn-factor,1
corn-factor’s,1
corned,1
corner,30
corners,1
corpse,1
correspondence,4
corridor,2
corroborated,1
corruption,1
cost,3
costable,1
cot,1
cottage,1
cottages,1
couch,1
cough,1
coughed,2
could,121
couldn’t,19
councillors,1
counsel,2
count,3
counted,5
counter,13
counter-orders,1
counting,2
countries,1
country,22
couples,4
courage,4
course,44
courses,4
coursing,1
courted,1
courteous,1
courting,1
courts,1
courtship,1
cousins,3
cover,6
covered,6
covering,1
coverings,1
covers,1
covertly,1
cow,1
coward,2
crabbed-looking,1
crack,1
crackers,1
crammed,3
cranes,1
craning,1
cranny,1
crape,2
crawled,1
craziness,1
cream,1
creased,1
creases,1
created,1
creature,1
creatures,1
credit,1
creed,1
crept,2
crest,2
cretonne,1
crevices,1
cricket,1
cried,20
cries,2
crimson,1
cripple,1
critical,2
criticisms,1
critics,1
crooked,1
cropped,1
cross,9
cross-directions,1
crossed,8
crosses,1
crossing,5
crossings,1
crow,2
crowd,17
crowded,2
crowds,3
crown,3
crowned,1
crumbs,2
crumpled,1
crunching,1
crusade,1
crush,1
crust,1
crusts,1
cry,10
crying,5
cuffs,3
cultivated,1
culture,3
cunning,1
cunningly,1
cup,3
curate,6
curates,3
curbstone,2
curious,6
curiously,2
curled,2
curling,1
curls,1
currant,1
curs,1
curse,1
cursed,3
curses,1
curtain,3
curtains,2
curtly,3
curve,2
curved,2
custard,1
customers,1
customs,1
cut,5
cute,1
cycling,1
cycling-suit,3
cylinder,2
dairy,1
dairyman,1
damn,9
damned,1
damp,3
dance,3
danced,2
dancers,1
dances,1
dancing,4
danger,4
dangled,2
dared,1
dark,46
dark-complexioned,1
darkened,1
darker,2
darkest,1
darkness,9
dart,1
daughter,28
daughters,2
daughter’s,6
dawned,1
dawning,1
day,45
days,16
day’s,2
de,1
dead,23
dead-room,1
deal,14
deals,1
dealt,1
dear,7
death,15
debated,2
debonair,1
debts,1
decanter,4
decanters,1
deceased,6
deceived,1
decency,2
decent,10
deception,1
decided,5
decipher,1
decisive,1
decisively,1
deck,2
declare,1
declared,1
decline,3
declined,2
decorating,1
decorous,1
decrepit,1
deed,1
deep,9
deep-drawn,1
deepened,1
defeated,2
defence,1
defend,1
deferred,1
defiance,1
defiant,1
defiantly,1
defied,1
defined,1
definite,1
definitely,1
deft,1
deftly,2
degraded,2
degree,1
delay,2
delayed,1
deliberate,1
deliberated,1
delicate,5
delight,2
delighted,3
delightful,1
delirium,2
delivered,1
delivering,1
delusion,1
demeanour,1
demure,1
denial,1
denied,3
denuded,1
deny,2
deoc,1
departure,1
depend,1
deplorable,1
deploring,1
deposed,1
deposit,1
depositing,1
depot,1
deprecation,1
depress,1
derided,1
descendant,1
descendants,1
descended,1
descending,2
descent,1
describe,1
described,2
deserted,2
deservedly,1
designed,1
desire,8
desired,1
desires,1
desist,1
desisted,1
desk,12
despair,2
desperately,1
despise,1
despised,1
dessert,1
destiny,1
detachment,1
detail,1
details,5
detective,1
determined,2
deuced,1
developed,1
development,1
device,1
devil,5
devils,2
devious,1
devising,1
devotions,1
dew,1
dexterity,1
dial,1
dialogues,1
diamond-bone,1
did,109
didn’t,26
die,6
died,14
differed,1
difference,3
differences,1
different,7
differently,1
difficult,3
difficulties,1
difficulty,6
diffidence,1
diffident,1
diffused,1
dig,1
dignity,3
dignity’s,1
diligence,1
diligently,1
diluted,1
diminutive,1
dimmed,1
din,1
dine,1
dined,2
dinged,1
dinner,15
dinners,1
dipped,2
direct,1
directed,5
direction,5
directions,1
dirty,4
disappointed,5
disappointment,3
disappointments,1
disapproval,1
disarray,1
disbelieve,1
disbelieved,1
disc,1
discharged,1
discharging,1
disciple,1
disclosed,3
discoloured,1
discomfiture,1
discomposed,1
discontented,1
discontinued,1
discourse,1
discourses,1
discourteously,1
discourtesy,1
discover,2
discovered,2
discovering,1
discovery,2
discreet,3
discreetly,2
discrepancies,1
discussed,2
discussing,1
discussion,3
discussions,1
disfigured,1
dish,8
dishes,1
disillusioned,2
disliked,1
dismal,1
dismally,1
dismissed,1
disorder,4
disordered,1
dispel,1
displayed,2
displaying,1
disposing,1
dispute,1
disreputable,2
dissipations,1
dissolving,1
dissuaded,1
distance,8
distant,6
distantly,1
distaste,1
distended,1
distillers,1
distillery,2
distracted,1
distress,2
distressing,1
distributed,1
distribution,2
district,1
disturb,3
disturbed,1
dived,1
diverged,1
diverted,2
divide,1
divided,4
divine,2
divined,1
diving,1
do,85
docile,1
doctor,2
doctor’s,2
doctrine,1
documents,1
dodge,1
does,11
doesn’t,7
dog,2
dogma,1
dogs,2
doing,7
doll,1
dollar,1
domestic,2
dominant,1
donation,1
done,28
donna,1
don’t,36
door,57
doorknocker,1
doors,8
doorstep,4
doorway,8
doorways,1
doruis,1
dosed,1
double,4
doubled,2
doubly,1
doubt,7
doubted,1
doubtful,2
dow-n,1
down,128
downright,1
downstairs,9
downward,1
dowry,1
doze,1
dozen,4
dozing,1
drag,1
dragging,2
drank,21
draped,1
drapery,1
draper’s,1
draught,3
draw,2
drawers,1
drawing,4
drawing-room,11
drawn,7
dreadful,2
dreadfully,1
dream,3
dreamed,2
dreams,1
dreamt,2
dress,19
dress-boots,1
dressed,12
dresses,3
dressing-room,8
dressingroom,1
drew,10
dribbled,1
dried,2
drifted,1
drill,1
drink,19
drinking,7
drinks,5
dripping,2
drive,6
driven,2
driver,4
drivers,1
driving,1
drizzling,1
drone,1
drop,3
drops,3
drove,8
drown,1
drowsed,1
drum,1
drunk,6
drunkard,3
drunken,2
dry,3
drying,2
dubiously,3
duchess,1
duckie,1
due,1
dull,9
duly,1
dumb-bells,1
dummy,3
during,12
dusk,2
dusky,1
dust,4
dusted,1
dusty,2
duties,6
dutifully,1
duty,2
dwarf,1
dwell,1
dwellings,1
dwelt,1
dwindling,1
d’honneur,1
e,1
each,26
eagerly,3
eagerness,1
ear,12
earlier,1
early,4
earnestly,6
ears,7
earshot,1
earth,6
ease,6
easier,2
easily,1
east,2
eastern,1
easy,5
eat,10
eaten,5
eating,6
eating-house,1
ebullient,1
echo,1
echoed,3
eclogues,1
ecstasy,1
edge,7
edges,1
editions,1
educated,5
education,3
eet,1
effaced,1
effect,3
effectively,1
effort,2
egg,1
egg-shaped,1
eggs,1
eh,5
eider-down,1
eight,11
either,5
elaborate,2
elastically,1
elated,1
elates,1
elbow,3
elbowed,1
elbows,5
elder,2
elderly,2
eldest,2
elected,1
election,2
electric,2
electric-light,1
electrician,1
elegance,1
elegantly,1
elements,1
eleven,1
elevenpence,2
eloquence,1
else,13
elsewhere,1
else’s,1
elucidating,1
em,2
embellish,1
embittered,1
embraced,1
embrasure,1
emerged,1
emerging,1
emotion,3
emotional,1
emotionalised,1
emotions,1
emphasis,2
emphasised,1
emphatically,3
employed,2
employer,2
employment,1
emptied,2
empty,7
enable,1
enchantment,1
enclosed,2
encores,1
encouraged,2
encouragement,3
encouraging,1
encouragingly,2
encumbered,1
end,40
endeavour,1
endeavours,1
ended,9
endless,1
ends,6
endure,1
energetic,1
energetically,1
energy,2
enforce,1
engage,1
engaged,3
engagements,1
engine,5
engines,1
enjoy,5
enjoying,2
enjoyment,1
enlist,1
enlivened,1
enmity,1
enough,24
enraged,2
ensured,1
entangled,2
enter,4
entered,13
enterprise,1
entertained,1
entertaining,3
enthusiasm,6
enthusiast,1
enthusiastic,1
entire,2
entrance,2
entrusted,2
entry,1
enunciated,1
enunciation,1
envelope,1
enviously,1
epileptic,1
equal,1
equally,1
equation,1
equipoise,1
erect,3
errand,1
errors,1
ery,2
escaladed,1
escape,5
escaped,8
escorted,2
escorting,2
especially,2
establishing,1
establishment,2
establishments,1
estate,1
esteemed,1
eternal,1
ethical,1
evasive,1
eve,1
even,29
evening,40
evenings,3
evenly,1
ever,34
ever-changing,1
everlasting,2
every,46
everybody,3
everybody’s,1
everyday,2
everyone,14
everything,9
everywhere,1
evidence,3
evident,1
evidently,4
evils,1
evocation,1
evoked,1
evoking,1
ex,3
exactions,1
exactitude,1
exactly,5
exaggeration,1
exalted,2
examination,1
examined,4
examining,2
example,5
excellent,2
except,7
excess,1
exchange,2
exchanged,2
exchanging,1
excited,7
excitedly,3
excitement,7
exclaim,1
exclaimed,5
exclaiming,1
excluded,1
excursion,1
excuse,4
excused,1
execrate,1
execute,1
executed,1
exemplars,1
exercise,2
exertions,1
exhibition,1
exhilarating,1
exist,2
existence,4
exonerated,1
exotic,1
expect,4
expectantly,1
expected,2
expense,4
experience,2
expert,1
expired,1
explain,2
explained,9
explanation,1
exploded,1
explore,1
exposed,1
express,8
expressed,6
expressing,2
expression,15
expressions,1
expressively,2
exquisite,1
extended,4
extensive,1
extent,2
extinguished,1
extract,1
extraordinary,1
extravagant,2
extremely,2
eye,10
eyebrow,1
eyebrows,5
eyed,2
eyeglasses,1
eyes,94
e’en,1
face,105
faces,8
facing,1
fact,11
factories,2
fade,1
faded,4
fading,1
fail,3
failed,4
failing,4
failings,2
failure,6
faint,3
fainted,1
faintly,3
faints,1
fair,10
fair-haired,1
fairly,3
faith,6
faithful,1
fall,10
fallen,11
falling,16
falls,1
false,2
falsetto,1
fame,2
famed,1
familiar,3
familiarity,1
familiarly,3
families,2
family,9
famous,1
fan,1
fancy,2
fanlight,1
far,20
farcical,1
fare,3
farewell,2
farther,3
farthing,1
fascinated,1
fashion,4
fashionable,1
fast,3
faster,1
fat,11
father,25
fathers,2
father’s,3
fatuous,1
fault,4
faults,1
favour,3
favoured,1
favourite,2
favourites,2
fawning,1
fear,10
feared,3
fearing,3
feast,2
feather,1
feats,1
features,7
feeble,3
feebly,2
feed,1
feel,23
feeling,9
feelings,1
feels,1
fees,1
feet,17
felicitous,1
fell,21
fellow,32
fellow-Catholics,1
fellow-clerks,1
fellow-men,1
fellow-sufferer,1
fellow-travellers,1
fellows,13
felt,58
fenians,1
ferns,1
ferreted,1
ferryboat,2
fervent,2
feudal,1
fever,1
few,61
fewer,2
fib,2
fide,1
field,15
fierce,1
fiercely,3
fiery,1
fifteen,3
fifty,1
fighting,2
figs,2
figure,17
figures,5
fill,1
filled,15
filling,1
filthy,1
final,6
finally,6
finances,1
financial,1
financier,1
find,27
finding,3
fine,21
finery,1
finest,1
finger,5
fingered,2
fingering,1
fingers,11
finish,7
finished,9
finishing,1
fire,39
fireplace,2
fires,1
firm,3
firmly,7
first,59
first-rate,1
firstcomer,1
fish,1
fisher,1
fishermen,1
fishing,2
fist,7
fists,1
fit,3
five,17
fix,2
fixed,6
fixedly,3
flaccid,1
flag,1
flakes,1
flame,2
flames,2
flanked,1
flannel,1
flaring,1
flashed,1
flashing,1
flat,4
flattered,1
flattery,1
flavour,2
fleet,1
flesh,1
fleshy,1
flew,4
flicked,3
flickered,2
flickering,1
flies,1
flight,5
flinch,1
fling,2
flinging,1
flirted,1
floated,1
floating,1
flock,1
flood,2
floor,16
florid,1
florin,1
flourish,1
floury,1
flowered,1
flowers,4
flung,5
flush,2
flushed,3
flutter,1
fly,1
flying,1
foes,1
fog,2
fol-the-diddle-I-do,1
fold,1
folding,1
folds,1
follies,1
follow,4
followed,23
following,6
folly,1
fond,9
food,5
fool,5
fooled,1
fooling,1
foolish,5
foot,9
footing,1
footpath,3
footpaths,1
footsteps,2
for,477
forbid,1
forbidden,1
force,1
forced,4
forces,1
forcing,1
forefathers,2
forefinger,1
forehead,7
foreign,4
forfeit,1
forget,10
forgets,1
forgetting,2
forgive,1
forgot,3
forgotten,5
fork,3
forks,3
form,3
formally,1
formed,3
former,4
formerly,1
forming,2
formless,1
forms,1
form’s,1
forsake,1
forth,3
fortunate,1
fortune,1
fortunes,1
forty,1
forty-three,1
forward,8
forwards,2
found,35
four,24
four-handed,1
fourpence,2
fourteen,1
fourth,2
foxes,1
fractured,1
fragile,1
fragility,1
fragrance,2
fragrant,2
frail,3
frailer,1
frame,3
framework,1
frank,4
frank-mannered,1
frankly,3
freak,1
freckled,1
free,6
free-thinking,1
freed,1
freedom,1
freely,2
frenzy,1
frequent,1
frequently,1
fresh,3
friend,32
friendliness,2
friendly,7
friends,48
friendship,2
friend’s,6
frieze,1
fright,3
frightened,1
frill,1
fringe,2
fringed,1
fro,6
frock-coat,2
from,219
front,18
frontal,1
frowned,2
frowning,4
fruit-stand,1
fugitive,1
fulfil,1
full,28
fullness,1
fully,2
fumes,1
fun,2
funk,2
funny,1
fur,3
furiously,1
furnace,3
furniture,4
furry,1
further,4
furtive,1
furtively,2
fury,2
fussing,1
fussy,2
future,4
g.p,2
gab,1
gaiety,2
gaily,4
gained,3
gaining,1
gaiters,1
gallantly,3
gallantries,1
gallery,6
galloped,1
galloping,2
galoshes,1
game,12
games,3
gang,2
gaping,1
gaps,1
garcon,1
garden,5
gardens,2
garments,1
garret,2
garrulous,1
gas,7
gasping,1
gasworks,2
gate,3
gates,2
gather,3
gathered,7
gathering,1
gatherings,2
gaudy,1
gauging,1
gaunt,3
gauntlet,1
gave,31
gay,9
gaze,15
gazed,9
gazers,1
gazing,5
geese,1
general,7
generally,2
generation,6
generous,2
generously,1
genteel,1
gentility,1
gentle,2
gentleman,18
gentleman’s,2
gentlemen,24
gently,3
genuine,3
genuinely,2
geography,1
gesticulating,2
gesture,4
gestures,2
get,59
gets,2
getting,12
ghastly,1
ghost,1
gift,4
gifted,1
gilded,1
gilt,2
gilt-rimmed,1
ginger,3
girdled,1
girl,33
girlish,1
girls,22
girl’s,1
girt,1
give,25
given,8
giving,10
glad,10
glance,1
glanced,24
glances,2
glancing,5
glare,2
glared,2
glaring,2
glass,32
glass-stoppers,1
glasses,16
gleamed,1
gleaming,2
glimmering,1
glimpse,3
glittered,1
globes,1
globular,1
gloom,4
gloomy,3
gloriously,1
glory,4
glossy,2
glove,2
gloved,2
gloves,1
glow,2
glowed,3
glue,1
glue-boiler,1
gnawed,1
go,85
goer,1
goes,8
going,45
gold,5
gold-rimmed,1
golden,3
goloshes,6
gone,40
gongs,2
good,100
good-bye,2
good-day,1
good-evening,1
good-fellowship,1
good-humouredly,1
good-night,7
goodday,1
goodly,1
goodness,2
goodnights,1
goods,1
goose,7
gossip,2
goster,1
got,38
governed,1
grace,8
graceful,3
gracefully,1
grade,1
gradually,3
grains,1
grammar,1
grand,7
grandest,1
grandfather,1
grandiose,1
grandmother,1
grandmother’s,2
granite,1
granted,1
grasp,2
grass,3
grate,3
grated,2
gratitude,2
grave,2
gravel,2
gravely,6
gravity,1
gready,1
grease,1
great,63
great-coat,1
great-great-grandfather,1
greater,3
greatest,2
greatly,4
greatness,1
greedily,1
green,13
greenish-black,1
greet,1
greeted,1
grew,15
grey,18
grey-green,1
grey-haired,2
greyish,2
grief,4
grimly,1
grimy,1
grin,1
grinned,1
grinning,2
gripped,2
grizzled,2
groaning,1
grocer,1
groceries,1
grocers,1
grocer’s,1
grog,1
groomed,1
groove,1
grope,1
groped,1
grotesque,1
ground,7
group,3
groups,3
grove,1
grow,1
growing,4
grown,10
grudging,1
grudgingly,1
gruff,1
guard,2
guards,1
guard’s,1
guess,2
guessing,1
guest,2
guests,6
guidance,1
guineas,4
guise,1
gulp,1
gulped,1
gums,1
gust,1
gut,1
guttering,1
habit,8
habits,2
habitual,1
hacks,1
had,776
hadn’t,4
had’ve,1
haggard,2
hair,23
hairless,2
hairpin,1
hairy,1
half,14
half-a-dozen,1
half-an-hour,1
half-crowns,1
half-disclosed,1
half-hour,1
half-moons,1
half-one,2
half-open,1
half-opened,1
half-past,2
half-pint,1
half-seven,1
halfpence,2
halfpenny,1
hall,33
hall-door,5
halldoor,1
hallooed,1
halls,2
hallstand,3
halo,1
halted,10
halting,1
halves,1
ham,4
hand,67
hand-me-down,1
handbills,1
handed,6
handing,2
handiwork,1
handkerchief,4
handkerchiefs,1
handle,3
hands,49
handsome,3
handy,1
hand’s,1
hang,1
hanging,3
hank,1
happen,5
happened,7
happiest,1
happily,2
happiness,7
happy,8
harbour,1
hard,18
hard-earned,1
hard-featured,1
hard-working,1
harder,2
hardly,6
harm,4
harmonium,1
harness,1
harnessed,1
harp,2
harpist,2
harsh,1
harsher,1
harshness,1
has,29
hasn’t,3
haste,1
hastened,1
hastily,4
hat,37
hat-brush,1
hat-rack,1
hated,1
hates,1
hatred,1
hats,2
haughty,1
have,158
haven’t,10
having,20
hawk,1
hay-coloured,1
haze,1
hazel,2
he,1054
head,85
headings,2
heads,3
headstones,1
healed,1
health,5
healthier,1
heaped,1
hear,28
heard,55
hearers,6
hearing,5
heart,30
hearth,1
heartily,5
hearts,3
hearty,1
heart’s,2
heat,1
heated,2
heaven,1
heaviest,1
heavily,4
heavy,10
heavy-lidded,1
heckling,1
heed,1
heedless,1
heedlessly,1
heels,6
height,1
heightened,1
held,25
heliotrope,1
hell,4
helmet,1
help,9
helped,7
helping,2
helpings,1
helpless,2
helplessly,1
helplessness,1
hems,1
her,736
here,39
here’s,7
hero,1
heroes,1
hers,5
herself,24
hesitated,4
he’d,7
he’ll,6
he’s,26
hi,1
hid,4
hide,2
high,19
high-class,1
high-pitched,1
higher,2
highest,1
highly,2
hilarious,2
hill,5
hills,1
hillsiders,1
him,486
himself,74
hip,1
hips,2
hire,1
his,1047
hissing,1
historian’s,1
history,3
hit,1
hitched,1
hive,1
hoarse,1
hoarseness,1
hob,3
hobbled,1
hobbling,1
hoisted,2
hold,6
holding,7
holiday,2
holidays,1
holy,2
homage,1
home,53
homely,2
honest,4
honesty,1
honeymoon,1
honour,11
honourable,2
honoured,1
hooded,1
hooked,1
hop-bitters,1
hop-o’-my-thumb,1
hope,13
hoped,8
hopeless,1
hopelessly,1
hopes,3
hoping,1
horde,1
horizon,1
horn,1
hornet’s,1
horns,1
horse,10
horseplay,1
horses,2
hospitable,3
hospitably,1
hospital,1
hospitality,8
host,3
hostess,2
hostesses,1
hostile,1
hosts,1
hot,16
hotel,7
hotels,1
hotly,1
hounded,1
hounds,1
hour,16
hours,8
hour’s,1
house,64
house-boots,1
house-room,1
housed,1
household,2
housemaid’s,1
houses,13
housewives,1
housework,1
how,54
how-do-you-do,1
however,8
hr,1
hubby,1
huckster’s,1
huddled,2
hue,1
huge,7
hum,1
human,7
humanity,2
humble,2
humbly,1
humiliated,2
humiliation,1
humming,2
humour,12
humped,1
hundred,1
hundreds,1
hung,5
hunger,1
hungry,4
hunker-sliding,1
hunt,1
hurried,5
hurriedly,1
hurry,4
hurrying,1
hurt,1
husband,22
husbands,1
husband’s,3
hush,2
hushed,2
hypereducated,2
hypocrites,1
ice,1
icing,1
idea,12
idealising,1
ideals,1
ideas,4
identity,1
idiot,1
idle,4
idleness,1
idly,1
idol,1
if,112
ignominy,1
ignorance,1
ignorant,3
ignored,1
ill,6
ill-feeling,1
illiterate,1
illness,2
illuminated,1
illumined,2
illusions,1
illustrated,1
image,6
images,1
imaginary,1
imagination,5
imagine,1
imagined,4
imbecile,1
imitated,2
imitation,1
immediately,1
immense,3
immensely,1
immersions,1
immobile,1
immobility,1
immoral,3
immorality,2
impalpable,2
impatient,1
impatiently,1
imperfections,1
impersonal,1
impertinence,2
impertinent,2
impetuous,1
impinge,1
implacable,1
implored,1
imposing,2
impossible,4
imprecation,1
impregnated,1
impresarios,1
impressed,2
impression,4
impressionable,1
impressions,1
impromptu,1
improved,1
improvements,1
improvised,1
impudence,1
impulse,2
in,978
inadequate,1
inane,1
inartistic,1
inattentive,1
incapable,1
incessant,1
inch,2
incident,4
incipient,1
inclement,1
inclined,2
included,2
inclusively,1
incomplete,1
incongruity,1
increased,1
incredulous,1
incredulously,1
incurable,2
indecision,1
indecorously,1
indeed,6
indelicate,1
independent,1
indicate,1
indicated,1
indifferent,2
indignant,3
indignantly,1
indignities,1
indistinct,3
indite,1
induced,1
indulgent,1
industries,1
industry,1
inefficacious,1
inefficient,1
inelegance,1
inexperience,1
inexplicable,1
infallibility,3
infallible,1
infant,1
inference,1
inferior,1
inflamed,1
inflection,1
influence,7
influences,2
influential,1
influx,1
informal,1
information,1
informed,1
ingenuously,1
ingratiate,1
inhaling,1
inherited,1
inheritor,1
iniquity,1
initials,1
injured,7
injuries,2
ink,1
inner,3
innocence,1
innocent,2
innocent-looking,1
innumerable,1
inordinate,1
inquest,1
inquired,1
inquiringly,1
inquiry,1
inscription,1
inscriptions,1
insect,1
insensitive,1
insert,1
inside,2
insisted,2
insistence,2
insistent,1
insisting,1
inspect,1
inspector,1
instance,1
instant,5
instanter,1
instead,5
instep,1
instinct,5
instinctively,1
instincts,1
institution,2
institutions,2
instrument,1
instruments,1
insult,1
insuperable,1
insurance,1
intellectual,2
intelligence,1
intelligent,2
intemperance,1
intemperate,1
intend,1
intended,3
intention,6
intently,1
intercourse,3
interest,4
interested,4
interesting,1
interlude,1
interpret,2
interpretation,2
interpreted,1
interrogation,1
interrogatively,1
interrupted,2
interruption,1
intersected,1
interval,5
intervals,3
intervene,1
intervened,3
intervening,2
interview,3
intimacy,1
intimate,2
intimation,1
into,136
intolerable,1
intonation,1
intricate,2
intrigues,1
introduce,1
introduced,2
introducing,2
introduction,1
intrude,1
intruding,1
inundated,1
invade,1
invalid,5
invariable,1
invariably,1
invent,2
invented,1
invention,1
investment,2
invidious,1
invisible,1
invitation,4
invited,7
involuntarily,1
iris,1
irksome,1
iron,3
ironically,2
ironing,1
irons,1
irony,1
irregular,1
irregularly,1
irresolutely,1
irritable,1
irritate,1
irritated,3
is,152
isn’t,15
isolation,1
issue,1
issuing,1
it,464
item,3
items,3
its,38
itself,13
it’ll,1
it’s,31
ivory,1
ivy,3
jacket,2
jacket-coat,1
jaded,1
jam,2
jars,1
jauntily,2
jaws,1
jealous,1
jealously,1
jealousy,1
jelly,2
jerks,1
jerry,1
jest,2
jets,1
job,12
jobs,1
jog-along,1
join,5
joke,4
jokers,1
joking,3
jolly,9
josser,1
jostled,1
journalism,1
journey,5
jovial,2
joviality,1
joy,6
joyful,1
joyfully,1
joys,1
judge,4
judged,2
judgments,1
jump,1
jumped,5
jumping,1
junior,1
juror,1
jury,1
just,41
justifiable,1
jutting,1
keen,3
keener,1
keenly,3
keep,21
keeping,3
keeps,2
kept,20
key,2
key-board,1
keys,1
kicked,1
kicks,1
kid,1
killed,1
kind,12
kinder,1
kindling,2
kindly,4
kindness,1
kindred,1
kinds,1
king,2
kink,1
kiss,3
kissed,5
kitchen,8
knack,1
knee,2
knees,9
knelt,5
knew,55
knit,1
knitted,2
knives,3
knob,1
knock,6
knockabout,2
knocked,3
knocker,1
knocking,1
knot,2
knotted,1
know,113
knowing,2
knowledge,2
known,12
knows,6
knuckles,2
kowtowing,1
labels,1
laborious,1
laboriously,1
labour,4
labourers,3
lace,2
lack,3
lacking,1
lad,3
laden,1
ladies,24
ladling,1
lads,1
lady,20
ladylike,2
lady’s,2
lager,1
laid,12
lain,1
lakes,1
lamb,1
lame,1
lamely,1
lamented,1
lamp,11
lamp-post,2
lamplight,3
lamps,6
lancers,1
land,5
landed,2
landing,6
landlady’s,1
landscape,1
lane,1
lanes,1
laneway,2
language,4
languages,1
lanterns,1
lap,1
lapel,2
large,21
lass,1
last,45
latchkey,1
late,22
lately,2
latent,1
later,6
latest,3
latter,2
latterly,2
laugh,6
laughed,31
laughing,19
laughing-like,2
laughter,18
launched,1
laundry,2
lavender,1
law,2
lay,30
lay-brother,1
laying,2
layman’s,1
lazily,1
lead,7
leaden,1
leader,2
leading,3
leads,1
leaf,5
leaf-shaped,1
leaned,13
leaning,8
leap,1
leaped,1
leaping,1
learn,3
learned,5
least,13
leather,2
leather-bound,1
leave,19
leaves,2
leaving,7
lecture,2
led,12
leech,1
leer,2
leered,1
left,41
leg,3
legend,2
legitimate,1
legs,2
leisure,1
lemonade,5
lend,3
lending,1
length,4
lenses,1
lent,3
less,9
lesser,1
lessons,2
lest,4
let,33
letter,7
letters,6
level,5
liberal,2
liberalism,1
liberated,1
libh,1
licensed,1
lick,1
licked,1
lie,4
lies,4
life,79
life’s,2
lifted,7
lifting,1
lifts,1
light,47
light-heartedly,1
lighted,4
lighting,4
lightly,11
lights,4
like,122
liked,9
likely,3
liking,1
limericks,1
limit,1
limits,1
limp,1
limped,1
limping,2
line,5
lineal,1
lined,2
lines,7
linger,1
lingered,1
linked,1
links,1
lion,1
lip,5
lips,14
liqueurs,1
liquid,1
liquor,2
list,1
listen,9
listened,14
listeners,2
listening,14
listlessly,1
lit,15
litanies,1
literally,1
literary,2
literature,2
littered,1
little,161
live,21
lived,13
lively,6
lives,2
living,11
load,1
loan,1
loans,1
loathed,1
lobes,1
lock,2
locked,1
locks,1
lodgers,1
lodging,1
lodgings,2
lofty,1
loneliness,1
lonely,5
long,59
longed,10
longer,10
longing,1
look,31
looked,62
looking,28
looking-glass,1
looks,3
looped,1
loophole,1
loose,4
loosely,1
loosen,1
loosened,1
lordly,1
lose,3
losers,1
losing,2
loss,3
lost,5
lot,3
lots,3
loud,4
loud-voiced,1
louder,2
loudly,8
love,18
loved,4
lovely,4
lover,1
lovers,1
lover’s,2
loves,2
loving,1
low,10
low-cut,1
lower,10
lowered,1
lowering,2
lowest,1
luck,2
ludicrous,1
lugubrious,2
lumps,1
lunch,2
lunch-time,1
luncheon,1
lunches,1
lurch,1
lust,2
lustre,1
lusts,1
lutes,1
luxuriated,1
lying,7
machine,3
machinery,1
mad,1
made,86
madness,1
madonna,1
madrigal,1
magic-lantern,1
magical,2
magnetised,2
magnificent,1
magnified,1
magniloquent,1
mail,1
main,3
mainly,2
majority,1
make,40
maker,1
makes,5
making,9
male,2
mall,1
malodorous,1
malt,2
mamma,3
mammon,1
man,220
man-o-war,1
manage,1
managed,2
manager,11
manhood,2
manifest,1
manikin,1
manly,2
manner,13
mannerisms,1
manners,6
mannie,1
manoeuvres,1
mansion,2
mansions,1
mantelpiece,6
many,38
man’s,10
marble,2
marked,1
marketing,2
marred,1
marriage,4
married,11
marry,4
marrying,1
mask,1
mass,4
massive,2
master,2
masterfully,1
master’s,2
masts,1
mat,1
match,5
matchsellers,1
maternal,1
mates,1
matron,2
matronly,1
matter,15
matters,3
maturity,1
may,23
mayor,1
maze,1
ma’am,2
me,177
meagre,1
meal,2
meals,1
mean,19
meaning,5
means,3
meant,6
meanwhile,1
measure,3
measures,2
meat,2
mechanic,2
mechanical,1
mechanically,1
mechanicians,1
medal,2
medical,2
mediocre,1
meditate,1
meditatively,2
medival,1
meek,1
meekly,1
meet,17
meeting,4
meetings,2
melancholy,7
mellow,2
melodious,1
melody,6
member,3
members,3
memoranda,1
memories,6
memory,16
men,70
menace,1
menacingly,1
mental,2
mentally,1
mention,1
mentioned,5
men’s,2
mercantile,1
merchant,1
merciful,1
mercy,3
mere,2
merely,3
merest,1
merrily,1
merriment,2
merry,4
merry-making,1
mess,1
met,21
metal,1
metaphor,2
methods,1
mice,1
miching,1
midday,1
middle,7
middle-aged,1
midst,1
midway,1
might,34
mighty,1
mild,1
mildly,1
miles,1
military,1
milk,2
mill,5
mills,1
mimic,2
mimicking,1
mimicry,2
mind,42
minds,5
mine,2
mineral,1
minerals,2
mingled,1
minsters,1
minute,10
minutes,25
mire,1
mirror,7
mirth,1
mirthless,1
misdirected,1
miserable,1
misgave,1
miss,4
missed,2
missing,2
missus,1
mist,2
mistake,9
mistaken,1
mistook,1
mistresses,1
misunderstood,1
mite,1
mitigated,1
mits,1
mix,1
mixed,3
moaning,1
mock,1
mockery,1
model,1
moderately,1
modern,3
modest,3
modestly,1
modified,1
moist,5
moistened,1
moisture,1
molten,1
moment,38
momentary,1
moments,17
moment’s,1
monarch,1
monarch’s,1
monastery,1
money,50
moneylender,1
monks,4
monologue,4
monosyllable,1
monotonous,2
monotonously,1
month,4
months,2
mood,5
moodily,2
moods,1
moody,1
moon,2
mooning,1
mope,1
moral,4
moralising,1
morality,2
more,50
moreover,4
morning,31
mornings,1
morosely,1
morsel,2
morsels,1
mortal,2
most,16
mother,28
mother-of-pearl,1
mothers,3
mother’s,10
motion,2
motor,3
motoring,1
motorists,1
mottled,1
motto,3
moulding,1
mounted,2
mourn,1
mournful,2
mourning,2
moustache,17
mouth,23
mouthful,1
mouthfuls,1
move,3
moved,10
movement,3
movements,1
moving,4
moya,1
much,46
mud,1
muddy,1
muffled,1
muffler,1
mug,1
mugs,2
mug’s,1
mulberry,1
mumbled,1
murdered,1
murky,2
murmur,4
murmured,5
murmuring,3
muscle,2
muscular,1
mused,1
music,31
music-hall,2
music-stand,2
musical,7
musichall,1
musketry,1
muslin,1
must,43
muster,1
mustn’t,1
musty,2
mutinous,1
muttered,2
muttering,2
mutterings,1
mutton,1
mutually,1
my,161
myself,13
mysterious,1
mysteriously,1
mystery,5
nabs,1
nails,2
name,38
named,7
names,6
naming,1
nape,2
napkin,1
narrate,2
narrative,4
narrow,3
narrowest,1
nasal,1
national,1
nations,2
native,1
natural,3
naturally,1
nature,11
naughty,1
nausea,1
na’e,1
near,24
nearer,1
nearest,1
nearing,1
nearly,19
neat,4
neatly,1
necessary,3
necessitous,1
neck,10
necktie,1
needles,1
needn’t,4
neighbour,1
neighbours,4
neither,10
nephew,3
nephews,1
nephew’s,1
nerves,3
nervous,5
nervously,8
nervousness,1
nest,1
nettled,1
never,66
never-to-be-forgotten,1
new,19
new-comer,2
new-fangled,1
newly,2
news,2
newspaper,1
newspapers,3
next,12
next-door,5
nice,26
niece,2
nieces,1
night,69
night-boat,1
nights,5
night’s,1
nimbly,1
nine,4
nine-tenths,1
nineteen,3
nipper,1
nix,1
no,114
nobility,1
nobleman,1
nobody,9
nod,3
nodded,14
nodding,3
nods,2
noise,20
noiselessly,3
noises,2
noisiest,1
noisily,1
noisy,2
nominators,1
none,5
nonsense,1
noon,2
nor,15
normal,1
northern,1
northward,1
nose,15
nostril,1
nostrils,2
not,269
note,9
noted,1
notes,9
nothing,55
notice,7
noticeable,1
noticed,7
notices,2
notion,2
notions,2
notoriety,1
novel,1
novice,1
now,98
nowadays,1
nowhere,1
nudged,1
nudges,1
number,2
nursed,2
nurses,1
nursing,2
nut,1
nutcracker,1
nutcrackers,1
nutmeg,1
nuts,4
o,1
oats,1
obdurately,1
obediently,1
obeyed,1
objected,1
objective,1
objects,2
oblige,1
obliged,7
oblique,1
obliquely,2
obscenities,1
obscure,1
obscurely,1
obsequiously,1
observation,1
observe,1
observed,6
observer,1
observing,2
obstinately,1
obtuse,1
occasion,4
occasional,1
occasionally,2
occasions,1
occupations,1
occupied,1
occurred,1
occurs,1
octave,1
octaves,1
odd,3
odorous,1
odour,4
odours,1
of,1767
off,48
offer,6
offered,2
offering,2
offhand,1
office,30
office-girls,1
officer,1
offices,1
official,1
officials,1
officiate,1
officiated,1
often,26
oftener,1
oil-lamp,1
oil-rag,1
oily,1
old,136
old-fashioned,3
older,4
oldish,1
omadhauns,1
on,425
once,39
one,174
ones,10
one’s,2
ongue,1
onlookers,1
only,60
onward,2
open,23
open-hearted,1
opened,26
opening,4
openly,1
opera,6
operas,1
operatic,1
opinion,12
opinions,1
opponent’s,2
opportune,1
opportunities,1
opportunity,2
opposite,4
opposition,1
optimist,1
option,1
opulence,1
or,149
orange,3
oranges,2
orating,1
orator,1
oratory,1
orbit,1
ordeal,2
order,14
ordered,6
orderliness,1
orderly,1
orders,5
ordinary,3
organ,2
organ-player,1
origin,1
original,4
originally,1
orthodox,1
other,64
others,25
otherwise,1
other’s,3
ou,1
ought,3
our,52
ourselves,9
out,225
out-and-out,1
out-generalled,1
out-of-doors,1
outburst,2
outcast,2
outdoor,1
outer,1
outraged,1
outright,1
outside,12
outsider,1
outsiders,1
outskirts,2
oval,3
over,103
overbearing,1
overcoat,11
overcome,1
overflowing,1
overhear,1
overheard,1
overlook,1
overmaster,2
overnight,1
overstayed,1
owe,1
owed,1
owing,2
own,47
owner,2
oxter,1
ox’s,1
oysters,1
o’clock,11
o’liged,2
pa,8
pace,6
paced,1
paces,2
pacifically,1
pack,1
packed,1
packet,2
packing,2
padded,1
page,6
pages,5
paid,14
pain,6
pained,2
painful,2
paint,1
painter,2
painters,1
pair,8
palace,2
palate,1
palaver,1
pale,12
paled,1
paler,2
pallid,1
pallor,3
palm,3
palms,2
palpitated,1
palpitations,1
paltry,2
pane,2
panels,3
panes,1
pang,1
pangs,1
panorama,1
pansy,1
pant,1
panting,2
pantomime,1
pantry,9
papa,1
paper,15
paper-covered,1
papers,12
parade,1
paragraph,5
parallel,2
paralysis,1
paralytic,1
parapets,1
parcel,4
parcelled,1
parcels,2
pardon,1
parents,1
park,3
parlour,5
parole,1
paroxysm,2
parsley,1
part,34
parted,2
partial,1
particularised,1
particularly,1
particulars,1
partly,3
partner,5
partnered,1
parts,1
party,15
pass,11
passage,2
passages,2
passed,38
passes,1
passing,8
passion,5
passionately,1
passive,1
past,14
pasteboard,2
pat,1
patch,1
patches,3
patent,1
patent-leather,1
path,6
paths,1
patience,1
patient,1
patiently,1
patriot,2
patriotic,2
patronising,2
patted,2
pattered,1
patting,1
pause,14
paused,10
pauses,1
pausing,2
pavement,1
pawn-office,2
pawnbroker’s,2
pawned,2
pay,8
paying,6
peace,2
peace-maker,1
peaceful,1
peacefully,2
peacock-blue,1
peaked,1
peaks,1
peal,2
peals,1
peas,4
peculiar,1
peeled,1
peeping,1
peer,1
peered,3
peering,2
pegs,1
peloothered,1
pen,2
pencil,1
pencilled,1
pending,1
penitent,1
pennies,1
penny,5
penny-a-week,2
penny-piece,1
pennyboy,1
pensively,2
peony,1
people,38
peopled,1
people’s,2
pepper,1
peppered,1
perceived,2
perched,1
perennial,1
perfect,1
perfectly,2
perform,1
performed,1
performing,1
perfume,3
perfumed,2
perfumes,2
perhaps,19
periods,1
perished,1
permanently,1
perplexed,1
perplexity,1
persistent,1
person,21
personal,4
personally,1
persons,2
persuade,1
persuaded,1
persuasion,1
persuasively,1
pertly,1
perturbation,1
perturbed,1
pervades,2
perverse,1
petticoat,2
petticoats,1
philosophically,1
philosophy,1
phlegm,1
photograph,10
phrase,8
phrasemongers,1
phrases,4
physical,1
pianist,2
piano,23
piano-stool,1
pick,3
picked,1
picking,1
picnic,1
picture,5
pictures,1
piece,13
pieces,3
pier-glass,1
pierced,2
piercing,1
pierglass,1
pigs,2
pile,3
piled,1
pillars,1
pillows,3
piloting,1
pimples,1
pinches,1
pink,1
pinned,2
pint,1
pious,5
piously,1
pipe,3
pipeclayed,1
piping,1
pit,1
pitch,1
piteously,1
pitiable,1
pitied,1
pitiful,1
pitilessly,1
pity,8
pivot,1
place,10
placed,8
places,6
placidly,1
placing,3
plaid,1
plain,8
plainly,3
plaintive,1
planks,1
planned,1
plans,1
planted,2
plants,1
plate,9
plates,9
platform,8
plausible,1
play,21
played,17
playing,14
plead,1
pleaded,2
pleasant,9
pleasantly,3
pleasantry,1
please,10
pleased,4
pleasing,1
pleasure,9
pleasures,1
pledge,1
plenty,1
plot,3
plots,1
pluck,1
plucked,1
plum-pudding,1
plumcake,4
plump,2
plumped,1
plunged,1
plying,1
pocket,12
pocket-handkerchief,1
pockets,4
poem,2
poems,6
poet,2
poetic,1
poetry,4
poet’s,1
point,18
pointed,7
pointing,6
points,3
poised,1
poisons,1
police,3
policeman,2
policemen,2
policy,1
polish,3
polished,2
polite,3
politely,2
politeness,2
political,1
politics,2
polkas,1
pompous,1
pomps,1
pontificates,1
poor,34
poor-looking,1
pope,2
popes,2
pope’s,1
popped,1
popular,2
populated,1
population,2
porcelain,1
porch,1
port,4
porter,11
porters,1
portholes,1
portmanteaus,1
position,7
positively,2
possession,4
possibility,1
possible,3
post,1
postcards,2
pot,2
potatoes,2
pots,1
pouch,1
pound,6
pounding,1
pounds,3
pour,1
poured,2
poverty,1
powdered,2
powerful-looking,1
powers,2
practical,1
practices,1
praised,3
praises,2
pray,2
prayed,2
prayer,1
prayer-book,3
prayers,2
preach,1
preached,2
preacher,3
preaching,1
precaution,1
preceded,1
preconsidered,1
predecessor,1
predecessor’s,1
predicate,1
prefer,1
prelude,3
preparatory,1
prepared,2
presence,3
present,10
presented,3
pressed,6
presume,2
pretended,3
pretending,1
pretty,7
prevail,1
prevent,2
prevented,2
previously,1
prey,1
price,1
pricked,1
pride,7
priest,15
priestess,1
priesthood,3
priesthoods,1
priestly,1
priests,2
priest’s,1
prim,1
prima,1
prime,1
prince,1
princely,1
princes,1
principal,1
principle,1
principles,1
print,1
printed,5
printers,1
prisoner,1
private,6
privately,2
prize,1
prizes,1
pro-cathedral,1
probably,2
problem,2
problems,1
proceeded,6
prodigy,1
produce,2
produced,3
produces,1
production,1
profane,1
profession,1
professional,1
professionally,1
profile,1
programme,2
progressing,1
project,1
projecting,1
prolonged,3
prominent,2
promise,3
promised,2
promises,1
promising,1
promptly,5
pronounce,1
pronounced,1
pronunciation,1
proofs,1
prop,1
propagandism,1
proper,4
properly,9
property,1
prophecy,1
proposal,1
proposed,4
propped,2
proprietor,2
prosperity,1
prosperous,1
prostrate,1
protect,1
protest,3
protested,1
protesting,1
protruded,1
proud,7
proudly,1
proved,1
provided,1
provincial,2
provisions,2
proxy,1
prudence,1
public,3
public-house,6
public-houses,1
publican,1
publicity,2
published,1
puckers,1
pudding,7
pudding-fork,1
puff,2
puffed,2
puffing,2
puffs,1
puffy,2
pull,5
pulled,6
pulling,5
pulls,1
pulp,1
pulpit,4
pulse,1
punch,7
punches,1
punctiliously,1
punctuated,1
pungent,2
pupil,2
pupils,8
pure,2
purest,1
purple,2
purpose,6
purposed,1
purse,5
pursing,2
pursued,2
pushed,13
pushing,1
put,53
putting,4
puzzled,4
pyramid,1
pyre,1
quaint,1
quaintness,1
qualified,2
qualities,3
quality,1
quarrelled,2
quarrels,1
quarrelsome,2
quarter,6
quarters,3
quavering,1
quay,10
quays,4
queer,3
quenched,2
question,15
questions,6
quick,5
quickened,2
quickly,27
quiet,8
quietly,9
quilt,2
quincunx,1
quit,2
quite,19
quivering,1
quizzically,1
quizzing,1
quotation,3
quoting,1
rabbit’s,1
rabble-rout,1
racing,2
radiant,1
rag,1
rage,3
ragged,5
rail,1
railing,2
railings,7
raillery,1
railway,5
rain,9
raindrops,1
rainy,3
raised,13
raising,2
raisins,2
rake,2
rakish,2
rambled,1
ran,25
random,1
rank,2
rankled,1
rapidly,6
rapture,1
raptures,1
raspberry,2
rasping,1
rate,1
ratepayer,1
rates,2
rather,12
rattle,1
rattled,1
rattling,4
raucous,1
ravaged,1
raving,1
raw,2
re-entered,1
reach,3
reached,14
reaching,1
read,22
reader,1
readily,1
reading,7
readjusted,1
readjustment,1
reads,1
ready,12
real,5
realised,2
realists,1
reality,1
really,20
reappeared,1
reared,2
rearranged,1
reason,10
reasonable,2
reasons,2
reasserted,1
reassurance,1
reassured,2
reassuringly,1
rebuke,1
recall,3
recalled,2
recede,1
receding,2
receive,4
received,9
recent,1
recently,2
recherche,1
recipients,1
reciprocated,1
recitation,2
recite,3
recklessness,1
reclines,1
recognise,2
recognised,6
recognition,1
recollection,2
reconstruct,1
recruits,1
rectangle,1
rectify,1
rectitude,1
recur,1
recurrences,1
recurring,1
red,19
red-faced,1
red-nosed,1
reddish,1
redeeming,1
redly,2
reefer,1
reeking,1
reel,1
refined,2
reflected,4
reflecting,1
reformed,2
refractory,1
refraining,1
refreshed,1
refreshment,2
refreshment-room,2
refuge,1
refusal,2
refused,1
regained,1
regarded,2
regarding,3
region,2
registered,1
registration,1
regret,3
regretfully,4
regretted,1
regular,3
regularly,4
regulate,1
rehabilitated,1
rehearsal,1
rehearsing,1
reign,2
reiterating,1
related,1
relatives,1
relaxation,1
released,2
relenting,1
relief,2
relieved,3
relight,1
religion,6
religious,6
relish,1
reluctant,2
remain,4
remained,13
remark,5
remarked,1
remarks,1
remember,19
remembered,18
remembering,3
remembrance,1
remind,3
reminded,3
reminding,1
reminds,1
reminiscence,1
reminiscences,1
remonstrative,1
remorse,1
remote,3
removal,1
remove,2
removed,1
removing,1
renege,1
renew,1
renewed,2
renounce,1
rented,1
repaid,1
reparation,5
repeat,1
repeated,15
repeatedly,2
repeating,3
repelled,1
repentant,1
replace,1
replaced,2
replenished,1
reply,1
0,10
replied,2
report,2
reported,5
reporter,2
reports,1
reposing,1
represent,1
represented,1
reputation,4
reputed,1
required,1
resemble,1
resembled,1
resembling,1
resented,4
resentment,2
reserve,2
reserved,2
resident,2
resignation,1
resigned,3
resignedly,1
resolve,1
resonant,2
resounding,2
respect,6
respectable,2
respected,4
respectfully,4
respects,2
respond,2
response,1
responses,1
responsible,1
rest,6
rested,7
resting,1
restless,1
restlessly,1
restored,1
restrain,2
restraining,1
rests,1
result,3
resumed,2
resuming,2
resurrected,1
retaining,1
retch,1
retired,2
retort,5
retorted,1
retrace,1
retreat,5
retreated,2
return,5
return-room,1
returned,17
returning,4
reunion,2
revealed,1
revealing,2
revel,1
revelation,1
revenged,1
revengeful,1
revengefully,1
revengefulness,1
reverie,1
revery,3
review,6
reviewed,1
reviewing,1
reviews,1
revolted,3
revolution,1
revolving,2
reward,1
rewarded,1
rheumatic,1
rhythm,3
ribbon,1
ribs,2
rich,4
riches,1
richly,1
rickety,1
riddles,1
ride,1
ridge,1
ridicule,1
ridiculous,3
rife,1
right,70
rightly,2
rights,2
rim,1
rims,1
ring,8
ringing,1
rinsed,1
riot,2
rioting,1
ripe,1
rise,3
risen,3
risk,1
rival,2
river,13
riverbanks,1
road,15
roads,2
roadway,3
roaming,1
roared,1
roaring,1
roast,1
rob,1
robustness,1
rock,1
rocked,1
rocking,1
roll,2
rolled,2
rolling,2
romance,2
romantic,4
roof,4
roofs,2
room,85
rooms,2
rope,1
rose,6
rosy,1
rotten,1
rotundity,1
rough,4
roughly,2
roughshod,1
round,50
roundly,1
rounds,1
roused,1
route,1
routine,2
row,8
rowboat,1
roystered,1
rub,4
rubber,1
rubbing,2
rubbish,1
ruddy,1
rude,2
rudely,2
rudeness,1
ruffian,3
ruffle,1
rug,1
ruined,1
ruinous,1
ruins,1
rule,3
rum,3
run,12
running,10
runs,3
rush,3
rushed,1
rusty,1
s,2
sack,2
sacraments,1
sacred,2
sacrifices,1
sad,4
sadder,1
sadly,3
sadness,1
safe,4
safely,2
said,751
sailed,1
sailingvessel,1
sailor,4
sailors,2
sake,7
salmon-pink,1
salutation,1
salute,1
saluted,5
saluting,1
salver,1
same,24
sandy,1
sang,14
sash,1
sashes,2
sat,50
satin,1
satirically,1
satisfaction,3
satisfactory,1
satisfied,3
satisfy,1
saturated,1
saturnine,1
sauce,2
saucers,2
sauntered,1
savage,1
save,6
saved,2
saw,49
sawdust,1
say,71
saying,38
sayings,1
says,15
scale,1
scales,1
scandal,1
scandalous,1
scandalously,1
scant,1
scantily,1
scanty,2
scarcely,3
scarf,1
scatter,1
scattered,2
scene,5
scenery,1
scenes,1
scented,1
sceptical,1
scheme,1
scholar,1
school,21
schoolboy,2
schooling,1
schoollife,1
scintillated,1
scolded,1
score,1
scorn,1
scornfully,1
scoundrels,1
scraping,2
scream,1
screaming,2
screen,3
screened,1
screw,1
screwed,4
scrupulous,1
scrutiny,1
scuffling,1
scurry,1
sea,2
search,3
searched,2
searching,1
searchingly,1
seas,2
seasoned,1
seasons,1
seat,5
seated,3
seating,1
seats,1
secluded,1
second,15
second-class,1
second-hand,1
seconds,9
secrecy,1
secret,7
secretaries,3
secretary,4
secretly,2
secrets,1
sections,1
secular,1
secure,4
secured,1
securely,1
security,1
sedulously,1
see,77
seed,1
seeing,15
seem,12
seemed,68
seems,4
seen,32
sees,1
segment,1
seize,3
seized,5
seizing,1
seldom,2
selected,1
selection,1
self-contained,1
self-won,1
sell,2
send,3
sending,5
senior,1
sensation,5
sensations,1
sense,5
senses,2
sensibility,1
sensible,3
sensibly,2
sensitive,1
sent,20
sentence,3
sentenced,2
sentences,3
sententiously,1
sentiment,1
sentimentalist,1
sentiments,1
sentries,1
separation,1
serene,1
serfs,1
serge,2
sergeant,1
series,1
serious,15
seriously,2
sermon,1
servant,2
serve,1
served,6
service,2
services,2
servility,1
serving,1
set,21
sets,1
setting,2
settle,4
settled,6
settling,2
seven,5
seventeen,2
seventy,2
severe,1
severely,2
sexual,2
sh,2
shabbily,1
shabby,3
shade,5
shades,2
shadow,12
shadows,1
shady,1
shaft,4
shafts,1
shake,2
shaken,1
shaking,5
shaky,1
shall,5
shallow,1
sham,1
shame,6
shameful,1
shapeless,1
shapely,1
share,2
shared,2
sharing,1
sharp,5
sharp-faced,1
sharply,1
shave,1
she,481
sheaf,1
sheds,1
sheep,1
sheet,1
sheets,2
shelf,1
shell,1
shelter,2
sheltering,1
shelters,1
shelves,3
shepherded,2
shepherds,1
shepherd’s,1
sheriff’s,2
sherry,5
she’d,4
she’s,3
shifts,1
shilling,2
shillings,7
shimmering,1
shin,1
shining,6
ship,1
ship-building,1
ships,3
shirking,1
shirt,2
shirt-front,1
shirt-sleeves,1
shiver,1
shivered,1
shivering,1
shock,3
shoe,2
shoeboy,2
shoes,6
shone,3
shoneens,1
shook,24
shoot,1
shop,23
shop-boys,1
shop-windows,1
shops,3
short,21
shortened,1
shortest,1
shortly,4
shot,4
should,26
shoulder,4
shoulders,14
shout,1
shouted,8
shouting,1
shouts,1
shoved,1
shovel,1
shoving,1
show,8
showed,9
shower,1
showers,1
showing,2
showman,1
shown,2
shrewd,1
shrewdly,2
shrewdness,1
shrill,3
shrivelled,1
shrugged,2
shuffling,3
shutters,1
shy,1
shyness,2
sick,4
sickening,2
sickroom,1
side,33
side-dishes,1
side-glasses,1
side-pocket,1
side-thrusts,1
sideboard,5
sides,3
sideways,5
sidling,1
siege,1
sifted,1
sigh,1
sighed,4
sighing,1
sight,17
sign,6
signal,1
signalled,2
signed,2
significant,1
significantly,1
signs,4
silence,27
silenced,1
silent,24
silk,6
silken,1
silver,8
similar,2
simoniac,1
simple,1
simple-minded,1
simplest,1
simply,7
simultaneously,1
sin,4
since,14
sincere,3
sincerely,1
sing,15
singer,2
singers,3
singer’s,2
singing,14
single,1
singlehanded,1
singly,1
sinners,1
sins,3
sinus,1
sip,2
sipped,3
sipping,1
sips,1
sir,24
sirloins,1
sister,14
sisters,2
sister’s,2
sit,11
sits,1
sitting,19
situation,1
six,7
sixpence,6
sixpenny,1
sixth,1
sixty,1
sixty-five,1
size,1
sketch,1
skin,6
skip,1
skipped,1
skips,1
skirt,9
skirts,2
skit,1
skull,1
sky,6
slackened,1
slain,1
slake,1
slang,1
slanted,1
slap,1
slapped,1
slate-blue,1
slate-colour,1
slatternly,2
slaved,1
slavey,2
slaving,1
sleep,2
sleepily,1
sleeping,3
sleepy,2
sleeve,4
sleeves,3
slender,2
slept,3
slice,3
slices,2
slight,1
slighting,1
slightly,10
slim,2
slip,3
slipped,3
slippers,1
slipping,1
slips,1
slope,5
sloping,2
slow,2
slowly,36
slung,2
slush,1
slushy,1
smacked,1
smacking,1
smahan,1
small,31
smaller,1
smallest,2
smart,4
smarted,1
smartly,1
smear,1
smell,1
smile,15
smiled,16
smiles,1
smiling,19
smoke,8
smoked,2
smoking,1
smooth,1
smoothed,2
smoothing,3
smoothly,2
smote,1
smothered,1
smouldering,1
snatched,1
sniffed,1
snorting,1
snow,18
snow-covered,1
snow-stiffened,1
snowing,1
snuff,4
snuff-box,1
snuff-stains,1
snuffle,1
snuffled,1
snuffling,1
snug,4
so,157
sob,1
sobbed,1
sobbing,3
sober,5
sobered,1
sobs,2
social,4
society,6
sod,1
sodden,1
sofa,1
sofa-pillow,1
soft,11
softer,1
softly,9
soil,1
soldiers,2
solemn,4
solemnity,1
soles,1
solicitous,1
solicits,1
solicitude,2
solid,4
solidly,1
solitary,2
solution,1
sombre,2
some,122
somebody,1
someone,4
something,59
sometimes,13
someway,1
somewhat,9
somewhere,4
son,9
son-in-law,2
song,13
songbook,1
songs,2
sonorously,1
sons,5
son’s,2
soon,16
sooner,1
soot,1
soothe,1
soothingly,1
soprano,3
sore,2
sorrow,1
sorry,11
sort,4
sottish,1
sought,2
soul,17
souls,1
soul’s,2
sound,12
sounded,2
sounds,1
soup,1
sour,1
sources,1
sovereign,1
sown,1
space,3
spacious,2
spanking,1
spared,3
spark,2
sparkled,1
spasm,2
spat,3
speak,18
speaker,2
speaking,12
speaks,2
spears,1
special,4
specially,2
specials,1
speck,2
spectacle,3
spectators,2
spectral,1
speech,14
speechless,1
speed,1
spell,2
spend,3
spent,9
spiced,2
spicy,1
spikes,1
spilling,1
spirit,8
spirits,4
spiritual,5
spite,8
spits,1
spitting,1
spittle,1
splendid,7
spoke,33
spoken,5
spondulics,1
sponge,1
sponging,1
spoon,2
spoonfuls,1
spooning,1
spoons,2
sporting,1
sportsman,1
spots,2
spotted,1
sprang,2
sprawled,1
spread,1
sprigs,1
spring,3
spurious,1
spurned,1
spurs,1
spy,1
spying,1
squabble,1
squad,1
squads,1
squalid,2
squander,1
square,7
squared,1
squat,2
squatted,1
squeaking,1
squeal,1
squeezed,1
squeezing,1
stables,1
stage,3
stage-wardrobe,1
staircase,8
stairs,24
stake,1
stale,1
stalk,1
stalk-shaped,1
stalks,1
stall,3
stalls,3
stammer,1
stamping,6
stamps,1
stand,14
standing,28
stands,3
stanza,1
starch,2
stare,2
stared,7
staring,7
stars,2
start,4
started,4
startled,1
state,2
stated,4
statesmen,1
station,5
statue,4
stature,2
stay,6
stayed,1
staying,1
steadied,1
steadily,1
steady,1
stealing,1
stealthily,1
steaming,4
steered,2
stem,1
stems,2
step,7
stepped,1
stepping,1
steps,13
stern,4
sternness,1
steward,1
stewards,5
stick,8
stiff,2
stiffly,1
still,57
stillness,1
stimulus,1
stinging,1
stipulated,1
stir,3
stirabout,3
stirring,1
stock,3
stockstill,1
stomach,2
stone,4
stones,2
stood,74
stool,3
stooped,1
stop,1
stopped,17
store,1
stories,8
story,13
stout,21
stoutly,3
straggling,2
straight,6
straight-laced,1
straightening,1
strain,2
strained,3
strange,11
strangely,2
strangers,1
stratagem,1
straw,1
stray,1
streaks,2
street,26
street-singers,1
streets,12
strength,3
strenuous,1
stress,2
stretched,2
strewn,2
stride,2
strife,1
strike,4
striking,3
string,1
strip,1
stripling,1
stripped,1
striving,1
strode,1
stroke,3
stroking,1
strolled,1
strong,9
stronger,1
strongly,4
strove,6
struck,9
struggle,3
struggled,2
struggling,3
strutting,1
stuck,1
students,1
studied,2
studious,1
study,3
studying,1
stuff,7
stuffing,1
stumbling,1
stump,1
stung,1
stunted,1
stupefied,2
stupid,3
stupidly,2
stupor,1
stuttered,1
style,7
stylish,2
suave,1
sub-matron,1
subdued,2
subject,9
subjects,1
submission,1
submit,2
submitted,1
substance,3
subtle,1
subtlety,1
suburbs,1
succeed,1
succeeded,2
success,2
successful,2
successfully,1
such,46
sudden,7
suddenly,12
suffer,1
suffered,2
sufficient,2
suffused,3
sugar,3
suggest,1
suggested,5
suit,5
suitable,1
suited,1
suiting,1
suitor,1
sullen,1
sullen-faced,1
sultry,1
sum,5
summarily,1
summarised,1
summer,10
summons,1
sums,1
sun,2
sung,2
sunk,1
sunlight,1
sunny,3
sunset,4
sunshade,1
sup,2
superfluities,1
superintended,1
superior,2
supped,1
supper,11
supper-room,2
supper-table,3
suppers,2
support,1
suppose,14
supposed,2
sure,34
surely,2
surgeon,1
surname,2
surplice,2
surprise,4
surprised,15
surrounded,2
surrounding,1
surveyed,3
suspect,3
suspected,3
suspended,1
suspicions,1
suspicious,1
sustained,2
sustaining,1
swarthy,2
swathed,1
swathing,1
sway,1
swaying,5
sweated,1
sweeping,1
sweet,3
sweetheart,3
sweethearts,3
sweets,5
swelled,1
swept,3
swerved,1
swift,5
swiftly,6
swindle,1
swing,2
swinging,4
swishing,2
swivelled,1
swoon,1
swooned,1
swung,3
syllable,1
syllables,3
symbol,2
sympathetic,1
sympathy,4
system,2
t,1
tabinet,1
table,61
table-napkins,1
tablecloth,2
tables,1
tact,3
tail,1
tailors,1
take,41
taken,20
takes,7
taking,13
tale,4
talent,3
talented,1
talents,1
tales,1
talk,21
talkative,1
talked,10
talking,22
tall,9
taller,1
tallied,2
tallish,1
tally,1
tangled,1
tanner,1
tap,1
taped,1
tapped,5
tapping,1
taps,1
tardy,1
tart,2
tartly,1
task,8
taskmaster,1
taste,1
tasted,4
tastes,2
tasting,1
taught,5
tawdry,1
tawny,3
tbe,1
tea,11
tea-merchant,1
tea-table,1
tea-things,1
teach,3
teacher,1
teachers,1
teaching,1
team,1
tears,8
teased,1
tedious,1
teeth,8
telegram,1
tell,44
telling,8
tells,3
temper,2
temperament,3
tempered,2
temples,1
temporary,1
temptations,2
tempted,2
ten,15
tenant,1
tenant’s,1
tender,5
tenderness,1
tenor,16
tenors,1
tense,1
term,1
terms,6
terra-cotta,1
terrace,1
terrible,6
terrific,1
terrifying,1
terror,2
tessellated,1
testily,1
text,4
texts,1
than,34
thank,6
thanked,1
thankful,2
thanks,6
that,624
that’d,2
that’ll,1
that’s,20
the,3510
theatre,3
theatrical,2
theatricals,1
their,135
theirs,2
them,167
them;-but,1
themselves,11
then,107
theologian,1
theology,1
theories,1
theory,2
there,116
thereby,1
therefore,4
there’ll,1
there’s,8
these,43
they,190
they’ll,1
they’re,5
they’ve,1
thick,10
thickly,4
thigh,1
thin,8
thing,31
thing-that,1
things,19
think,69
thinking,9
thinks,3
thinly,1
thinned,1
third,5
third-class,1
thirst,2
thirsty,3
thirteen,1
thirty,3
thirty-five,1
thirty-four,1
thirty-one,1
thirty-two,1
this,100
this’ll,1
thither,1
thorax,1
thorns,1
thorny,1
thoroughly,1
those,28
though,16
thought,54
thought-tormented,1
thoughtful,1
thoughtfully,3
thoughtfulness,1
thoughtlessness,1
thoughts,13
thousands,1
threadbare,1
threading,1
threaten,1
three,38
three-quarters,1
three-shilling,1
threemaster,1
threes,1
threshold,1
thresholds,1
threw,4
thrice,1
thrifty,1
thrilled,1
thrills,1
throat,11
throne,1
throng,1
thronged,1
through,52
throw,4
throwing,2
thrown,7
thrust,1
thrusting,1
thuds,1
thumb,1
thumping,1
thundering,1
thus,2
th’upper,1
ticket,2
ticket-collector,1
tickets,1
ticking,1
ticklish,1
tide,1
tidy,1
tie,6
tied,2
tight,3
tightly,6
till,16
time,108
times,19
timid,1
timidity,1
timidly,2
timing,1
timorous,1
tin,1
tincture,1
tinker,3
tinpot,1
tint,1
tiny,3
tip,7
tiptoe,5
tirade,2
tired,12
tiresome,1
tissues,1
to,1693
toast,6
tobacco,3
today,4
toddling,3
toecaps,1
toes,2
toff,1
together,45
toil,1
toilet-table,1
token,1
told,54
tolerance,1
toll,1
tomb,1
tomorrow,5
ton,1
tonality,1
tone,17
tongue,13
tongues,4
tonight,13
tons,1
too,77
took,63
top,7
topped,2
tops,1
tore,1
toreador,1
tormented,1
torpid,1
torrent,1
tortuous,1
toss,1
tossed,3
totties,1
touch,11
touched,8
touching,2
tour,1
tourists,1
towards,58
towel,1
town,2
trace,1
traces,1
tract,1
tracts,1
tradition,4
traffic,1
tragic,2
trailing,1
train,11
tram,17
tram-drivers,1
tramload,1
tramps,1
trams,1
tranquilly,1
transaction,1
transept,1
transfer,2
transferred,1
translate,1
transported,1
transverse,1
trap,1
traveller,2
travellers,1
travelling,1
traversed,2
tray,2
trayful,1
treachery,1
treat,4
treated,5
treble,2
tree,3
treeless,1
trees,4
tremble,3
trembled,5
trembling,6
trepidation,1
trial,5
tribes,1
tribute,1
trick,1
tricks,2
tricky,2
tried,29
trifle,1
trill,1
trimly,1
trip,3
triumph,2
triumphant,1
trivial,1
trodden,1
trolleys,1
troop,1
trotting,1
trouble,9
troubled,6
troubles,1
trousers,4
truculent,2
true,11
trumpery,1
trust,2
trusted,1
trustfulness,2
truth,7
try,7
trying,12
tubs,1
tucked,1
tulle,1
tumbled,2
tumbler,1
tumblers,2
tumid,1
tune,2
turf,3
turn,20
turned,52
turning,9
turns,1
turnstile,1
twas,1
tweeds,1
twelve,2
twenty,5
twenty-five,1
twenty-four,1
twenty-six,1
twenty-two,1
twice,15
twig,1
twilight,2
twined,1
twinkling,2
twirl,1
twisted,1
twisting,1
twitched,1
twitching,1
twittering,1
two,107
two-shilling,1
two-thirds,1
twopence,2
twos,1
two’d,1
tying,1
type,1
typed,1
typewriting,1
typist,1
uch,2
ugly,2
ulster,1
umbrella,5
umbrellas,1
unabashed,1
unable,1
unaccustomed,1
unamiable,1
unanimous,1
unassuming,2
unaware,2
unbearable,1
unbending,1
unbosoming,1
uncanny,1
uncertain,1
uncle,9
uncle’s,1
unconscious,3
uncorking,1
uncover,1
uncovered,3
undaunted,1
undecided,1
under,43
underfoot,2
underhand,1
understand,12
understanding,4
understood,9
undertake,1
undertaken,1
undertone,2
undertook,1
undesirable,1
undid,1
undone,1
undoubtedly,1
undressing,2
uneasily,1
uneasy,1
unexpectedly,1
unfastened,1
unfinished,1
unfit,1
unfolding,1
unfortunate,2
unfortunately,2
unfurled,1
ungallant,1
unhappy,1
unhealthy,1
unheeded,1
unhooking,1
uniforms,1
union,2
unique,3
unison,1
united,2
universe,1
unjust,1
unkempt,1
unknown,3
unless,1
unloaded,1
unmistakable,1
unnerved,1
unnoticed,1
unpleasant,2
unpresentable,1
unpurchaseable,1
unresentfully,1
unrolled,1
unruliness,1
unruly,1
unseemly,1
unsettled,2
unsettlings,1
unspeakably,1
unstable,1
unsteady,1
unsuccessfully,2
untasted,1
untidy,1
until,25
unto,1
unusual,2
unusually,1
unveiling,1
unworthy,1
unyoke,1
up,207
upheld,1
uphold,1
upon,58
upper,9
upright,2
upset,2
upstairs,7
upturned,1
upwards,4
urchins,1
urged,4
us,75
use,7
used,53
useful,1
useless,7
using,1
usual,4
usually,5
usurious,1
usury,1
utter,2
utterance,1
uttered,4
utterly,1
vacant,3
vacantly,2
vacated,1
vagrant,2
vague,5
vaguely,4
vain,1
vainly,1
valises,1
valorous,1
value,3
vamped,1
vanity,1
vanquished,1
variance,1
variations,1
various,1
varying,1
vase,1
vases,2
vassals,1
vast,4
vehemently,1
veil,1
veiled,2
vein,1
veined,1
veins,3
velvet,1
velvety,1
venal,1
venial,1
vent,1
venture,1
verdict,1
verge,1
verified,1
veritable,1
vermin,1
vermin-like,1
vernacular,1
verse,5
version,2
very,124
vessel,1
vested,1
vestibule,1
vestments,1
veteran’s,1
vexation,2
viands,1
vibrate,1
vibrated,1
vice,1
vices,1
vicious,1
victim,2
victimised,1
victims,1
victor,1
victors,1
view,7
views,1
vigorous,1
vigorously,3
vigour,1
vindicate,1
vindictive,1
vinegar,1
violence,3
violent,3
violently,2
violet,1
virtual,1
virtue,1
visible,3
vision,2
visions,2
visit,9
visited,1
visiting,4
visitor,3
visits,1
vivacious,1
vivacity,1
vivid,2
vocation,1
voice,68
voices,4
voice’s,1
volubly,2
volume,2
volumes,2
voluntaries,1
voluptuous,1
vote,3
votes,3
vouch,1
vows,1
voyage,1
vraiment,1
vulgar,5
vulgarians,1
wad,1
wages,2
wailing,3
waist,5
waistcoat,5
wait,9
waited,18
waiters,1
waiting,18
waiting-room,1
waived,1
wake,1
waken,2
waking,1
walk,14
walked,43
walking,17
walking-stick,1
walks,3
wall,10
walls,4
waltz,8
waltzes,1
waltzing,2
wander,3
wandered,8
wandering,5
wanders,1
wane,2
waning,1
want,20
wanted,23
wants,5
ward,2
wares,1
warfare,1
warily,1
warm,13
warm-hearted,1
warmed,1
warmly,6
warmth,1
warned,1
warning,3
warriors,1
was,1123
wash,4
washed,1
washing,1
wasn’t,7
waste,2
watch,2
watch-chain,1
watched,18
watching,6
water,7
water-carafe,1
water-jug,1
waterproof,5
waters,1
wave,1
waved,3
waves,3
waving,1
wax,1
wax-plants,1
way,60
ways,3
wayward,1
we,116
weak,1
weakened,2
weakness,1
wealth,2
wear,4
wearily,3
weariness,1
wearing,3
wearisome,1
wears,1
weary,4
weary-looking,1
weather,5
weathers,1
web,2
wedding,3
wedding-cake,1
wedge,1
week,12
weeks,4
weigh,2
weighing,1
weight,3
weighted,1
welcome,8
welcomed,1
well,70
well-fed,1
well-filled,1
well-laden,1
well-meaning,1
went,108
were,257
weren’t,1
west,2
western,1
westward,3
wet,6
wets,1
we’d,4
we’ll,8
we’re,10
what,130
whatever,5
what’s,2
wheels,1
wheezing,1
whelp,1
when,178
whenever,9
where,61
where’er,1
where’s,1
whether,18
which,185
while,58
whimpering,1
whining,1
whip,3
whipped,5
whipper-snappers,1
whipping,3
whiskies,3
whisky,14
whisper,1
whispered,3
whispering,1
whistle,2
whistled,1
whistling,2
white,33
whites,1
whither,1
who,129
whole,7
wholly,3
whom,9
whose,16
who’d,1
why,20
wide,5
wide-awake,1
wide-brimmed,1
widely,1
widow,1
wife,37
wifely,1
wife’s,1
wig,1
wild,8
wildly,1
wilful,1
will,37
willingly,1
win,2
wind,4
winding,3
window,30
window-panes,1
windows,5
winds,1
windy,1
wine,6
wine-coloured,2
wine-glass,1
wine-glasses,2
wine-merchant’s,1
wing,1
wings,1
winning,2
winnowed,1
winter,4
wintry,1
wiped,2
wiping,2
wires,2
wisdom,1
wise,2
wiser,2
wish,15
wisha,1
wished,16
wishes,1
wishing,3
wistful,1
wit,1
with,471
withdrawn,1
withdrew,1
wither,1
withheld,1
within,10
without,32
witness,2
witnessed,1
wits,2
witticism,1
wizen-faced,1
wizened,1
woe,3
woman,39
woman’s,4
women,16
women’s,1
won,4
wonder,2
wondered,12
wonderful,3
wondering,2
won’t,22
wooden,2
woolly,1
wools,1
word,21
wording,1
words,27
wore,21
work,23
work-girls,2
worked,4
working,4
working-classes,1
working-man,3
workingman,1
workingmen,1
workmen,2
workmen’s,1
works,5
world,33
worldlings,1
worlds,1
worm,1
worms,1
worn,1
worse,5
worship,1
worshippers,2
worth,3
would,216
wouldn’t,26
wound,1
wrapped,3
wraps,1
wrecks,1
wretched,2
wretches,1
wringing,1
wrinkled,1
wrinkles,1
wrinkling,1
wrist,1
wrists,1
write,11
writes,1
writing,6
written,10
wrong,10
wrote,11
wrought,1
wry,1
y,2
yacht,3
yachting,1
yahoos,1
yaka,3
yards,1
yawning,1
ye,2
year,19
years,35
yelling,1
yellow,9
yellowing,1
yes,16
yesterday,2
yet,18
yield,1
yielding,1
you,369
young,110
younger,5
youngest,1
youngster,1
youngsters,2
your,51
yours,1
yourself,10
yourselves,2
yous,1
youth,8
you’d,2
you’ll,10
you’re,12
you’ve,3
zeal,1
57,1
65,2
1891,1
1895,1
