the,3510
and,2072
of,1767
to,1693
a,1449
was,1123
he,1054
his,1047
in,978
had,776
said,751
her,736
I,659
that,624
Mr,571
He,564
him,486
she,481
for,477
with,471
it,464
at,434
The,428
on,425
you,369
as,320
not,269
were,257
be,246
all,229
out,225
man,220
from,219
would,216
but,216
up,207
She,205
by,200
they,190
which,185
when,178
me,177
one,174
an,168
them,167
my,161
little,161
have,158
so,157
is,152
or,149
Gabriel,142
been,139
old,136
into,136
their,135
what,130
who,129
down,128
asked,127
about,127
But,125
very,124
some,122
like,122
could,121
there,116
we,116
no,114
Mrs,114
know,113
if,112
again,111
young,110
did,109
time,108
went,108
two,107
then,107
face,105
over,103
It,102
came,100
good,100
this,100
Aunt,100
began,99
now,98
before,97
eyes,94
Miss,90
And,90
back,89
O,87
made,86
His,86
go,85
do,85
head,85
room,85
after,85
A,82
When,82
life,79
They,78
see,77
too,77
us,75
himself,74
stood,74
Then,73
say,71
Kate,71
right,70
well,70
men,70
night,69
think,69
seemed,68
voice,68
hand,67
Kernan,66
never,66
are,65
other,64
house,64
What,64
come,64
Mary,63
took,63
great,63
looked,62
where,61
few,61
table,61
only,60
way,60
get,59
something,59
long,59
first,59
towards,58
felt,58
upon,58
while,58
still,57
door,57
Cunningham,57
nothing,55
heard,55
any,55
knew,55
Street,55
told,54
I’m,54
thought,54
how,54
home,53
used,53
No,53
Henchy,53
put,53
through,52
away,52
turned,52
our,52
Power,52
your,51
round,50
There,50
always,50
Kearney,50
money,50
more,50
sat,50
hands,49
saw,49
Jane,49
Browne,48
along,48
off,48
friends,48
Gallaher,47
own,47
Julia,47
light,47
Her,46
Corley,46
We,46
such,46
much,46
every,46
boy,46
dark,46
day,45
going,45
You,45
together,45
last,45
O’Connor,45
As,44
tell,44
In,44
Little,44
course,44
walked,43
these,43
must,43
under,43
mind,42
Well,42
brought,42
Chandler,41
left,41
At,41
just,41
take,41
end,40
make,40
Yes,40
evening,40
gone,40
here,39
because,39
once,39
fire,39
woman,39
Malins,39
called,39
got,38
Ignatius,38
moment,38
many,38
Maria,38
saying,38
people,38
another,38
name,38
three,38
its,38
passed,38
against,38
hat,37
will,37
wife,37
slowly,36
children,36
air,36
Holohan,36
don’t,36
found,35
years,35
sure,34
ever,34
Dublin,34
than,34
poor,34
might,34
part,34
I’ll,34
Freddy,34
hall,33
let,33
white,33
God,33
world,33
side,33
spoke,33
That’s,33
girl,33
It’s,32
Joe,32
fellow,32
seen,32
friend,32
without,32
M’Coy,32
glass,32
cold,32
can,32
thing,31
laughed,31
look,31
morning,31
small,31
gave,31
it’s,31
better,31
music,31
behind,30
corner,30
answered,30
window,30
heart,30
office,30
lay,30
body,30
even,29
Now,29
Of,29
has,29
tried,29
also,29
Lenehan,29
done,28
being,28
daughter,28
those,28
standing,28
hear,28
full,28
mother,28
looking,28
business,27
between,27
Why,27
quickly,27
One,27
silence,27
find,27
words,27
didn’t,26
each,26
Father,26
opened,26
continued,26
beside,26
street,26
boys,26
Alleyne,26
nice,26
should,26
he’s,26
wouldn’t,26
Ivors,26
often,26
until,25
Irish,25
anything,25
held,25
father,25
All,25
give,25
ran,25
D’Arcy,25
minutes,25
aunt,25
others,25
same,24
gentlemen,24
stairs,24
glanced,24
sir,24
If,24
four,24
near,24
He’s,24
After,24
herself,24
enough,24
coming,24
Gretta,24
Hynes,24
Is,24
ladies,24
shook,24
silent,24
Jimmy,24
hair,23
wanted,23
work,23
feel,23
may,23
dead,23
piano,23
bad,23
across,23
big,23
That,23
mouth,23
black,23
open,23
followed,23
shop,23
won’t,22
husband,22
late,22
girls,22
talking,22
country,22
How,22
To,22
read,22
short,21
wore,21
brown,21
met,21
drank,21
car,21
keep,21
person,21
company,21
live,21
word,21
stout,21
set,21
talk,21
school,21
play,21
fell,21
large,21
Mahony,21
On,21
fine,21
caught,20
child,20
want,20
noise,20
taken,20
turn,20
city,20
far,20
bottle,20
certain,20
lady,20
ask,20
sent,20
cried,20
that’s,20
arm,20
really,20
why,20
kept,20
having,20
mean,19
leave,19
smiling,19
answer,19
arms,19
sitting,19
things,19
drink,19
high,19
times,19
dress,19
Farrington,19
perhaps,19
bottles,19
laughing,19
red,19
remember,19
year,19
This,19
quite,19
bed,19
case,19
couldn’t,19
For,19
new,19
nearly,19
My,19
Jack,18
front,18
hard,18
grey,18
waited,18
whether,18
Ah,18
yet,18
speak,18
call,18
gentleman,18
point,18
love,18
remembered,18
laughter,18
snow,18
waiting,18
best,18
watched,18
tram,17
closed,17
sight,17
feet,17
stopped,17
crowd,17
Conroy,17
meet,17
tone,17
soul,17
Tom,17
bit,17
walking,17
moustache,17
chair,17
moments,17
returned,17
Crofton,17
five,17
figure,17
above,17
played,17
yes,16
conversation,16
There’s,16
glasses,16
hot,16
blue,16
falling,16
whose,16
women,16
memory,16
London,16
most,16
tenor,16
wished,16
smiled,16
days,16
soon,16
though,16
hour,16
till,16
Not,16
Gabriel’s,16
floor,16
bring,16
sing,15
ten,15
expression,15
am,15
beautiful,15
field,15
believe,15
dinner,15
matter,15
Polly,15
So,15
filled,15
grew,15
Fogarty,15
gaze,15
repeated,15
Bartell,15
question,15
chap,15
wish,15
clerk,15
second,15
says,15
seeing,15
age,15
Fitzpatrick,15
paper,15
isn’t,15
lit,15
serious,15
priest,15
death,15
nor,15
surprised,15
nose,15
party,15
road,15
twice,15
smile,15
reached,14
Did,14
everyone,14
both,14
become,14
almost,14
sister,14
died,14
paid,14
listened,14
lips,14
shoulders,14
I’ve,14
alone,14
sang,14
nodded,14
Do,14
playing,14
Mooney,14
pause,14
concert,14
whisky,14
suppose,14
deal,14
beginning,14
past,14
books,14
Who,14
listening,14
bar,14
speech,14
While,14
half,14
Here,14
Church,14
stand,14
cab,14
since,14
singing,14
walk,14
order,14
thoughts,13
Everyone,13
story,13
steps,13
song,13
Paris,13
Morkan,13
leaned,13
itself,13
sometimes,13
taking,13
Kathleen,13
contract,13
Pope,13
tonight,13
amid,13
remained,13
least,13
else,13
I’d,13
entered,13
myself,13
Come,13
Lyons,13
Perhaps,13
green,13
lived,13
manner,13
warm,13
tongue,13
Eliza,13
raised,13
hope,13
fellows,13
piece,13
counter,13
river,13
houses,13
pushed,13
trying,12
ear,12
Villona,12
laid,12
Segouin,12
Good-night,12
rather,12
game,12
outside,12
seem,12
afraid,12
getting,12
Some,12
ready,12
Lily,12
opinion,12
job,12
tired,12
copy,12
desk,12
catch,12
next,12
dressed,12
suddenly,12
shadow,12
wondered,12
confused,12
allowed,12
during,12
understand,12
kind,12
added,12
run,12
you’re,12
humour,12
artistes,12
known,12
papers,12
led,12
pocket,12
streets,12
colour,12
idea,12
sound,12
speaking,12
pale,12
week,12
Johnny,11
write,11
Sunday,11
became,11
among,11
nature,11
cap,11
o’clock,11
lightly,11
train,11
wrote,11
true,11
ago,11
manager,11
From,11
lamp,11
porter,11
eight,11
living,11
Weathers,11
Donnelly,11
blood,11
tea,11
themselves,11
accident,11
pass,11
buy,11
married,11
candle,11
fallen,11
fat,11
touch,11
fingers,11
honour,11
strange,11
sit,11
throat,11
Where,11
does,11
Healy,11
overcoat,11
drawing-room,11
supper,11
fact,11
sorry,11
Cotter,11
soft,11
wall,10
fall,10
cry,10
0,10
slightly,10
minute,10
mother’s,10
please,10
giving,10
horse,10
glad,10
place,10
written,10
close,10
fair,10
we’re,10
photograph,10
reason,10
accent,10
forget,10
decent,10
talked,10
By,10
present,10
yourself,10
ones,10
neither,10
halted,10
haven’t,10
anyone,10
longed,10
Lord,10
paused,10
eat,10
quay,10
chapel,10
thick,10
eye,10
Saturday,10
within,10
summer,10
low,10
Leo,10
carried,10
affair,10
running,10
John,10
collar,10
concerts,10
Dillon,10
neck,10
constable,10
Burke,10
longer,10
address,10
fear,10
moved,10
wrong,10
grown,10
lower,10
heavy,10
drew,10
man’s,10
chief,10
you’ll,10
committee,9
gay,9
jolly,9
downstairs,9
tall,9
They’re,9
notes,9
boldly,9
She’s,9
cigarette,9
damn,9
plate,9
Go,9
family,9
less,9
deep,9
pantry,9
explained,9
strong,9
Kernan’s,9
uncle,9
pleasant,9
broke,9
help,9
plates,9
softly,9
liked,9
listen,9
making,9
note,9
mistake,9
cross,9
understood,9
nobody,9
trouble,9
broken,9
whenever,9
rain,9
knees,9
feeling,9
whom,9
begun,9
showed,9
clock,9
finished,9
turning,9
Only,9
fond,9
bright,9
church,9
breath,9
visit,9
everything,9
Their,9
upper,9
can’t,9
wait,9
bazaar,9
darkness,9
dull,9
received,9
ended,9
quietly,9
gazed,9
subject,9
spent,9
properly,9
skirt,9
bought,9
Tell,9
seconds,9
yellow,9
struck,9
ourselves,9
thinking,9
agreed,9
book,9
pleasure,9
son,9
somewhat,9
foot,9
charge,9
however,8
changed,8
stick,8
Sinico,8
pa,8
baritone,8
grace,8
hoped,8
kitchen,8
Daly,8
pupils,8
dressing-room,8
goes,8
O’Madden,8
pair,8
tears,8
doors,8
loudly,8
telling,8
desire,8
distance,8
youth,8
phrase,8
spite,8
conscious,8
quiet,8
House,8
welcome,8
nervously,8
begin,8
ring,8
drove,8
plain,8
waltz,8
clapping,8
cards,8
happy,8
pay,8
task,8
silver,8
placed,8
arranged,8
hours,8
Don’t,8
wandered,8
we’ll,8
touched,8
leaning,8
O’Halloran,8
escaped,8
doorway,8
wild,8
platform,8
Bridge,8
hospitality,8
show,8
faces,8
row,8
Tommy,8
pity,8
express,8
Farrington’s,8
What’s,8
habit,8
forward,8
given,8
teeth,8
thin,8
passing,8
Let,8
dish,8
staircase,8
bowed,8
crossed,8
smoke,8
bank,8
shouted,8
spirit,8
there’s,8
stories,8
whole,7
stared,7
friendly,7
ground,7
An,7
French,7
lines,7
square,7
grand,7
doing,7
ceased,7
excited,7
drinking,7
middle,7
Just,7
rested,7
lead,7
care,7
empty,7
brother,7
excitement,7
German,7
musical,7
proud,7
thrown,7
break,7
top,7
secret,7
step,7
here’s,7
coat,7
simply,7
railings,7
clear,7
fist,7
doesn’t,7
appeared,7
named,7
goose,7
Are,7
clothes,7
sudden,7
invited,7
lying,7
cashier,7
tip,7
pretty,7
audience,7
staring,7
water,7
use,7
huge,7
Julia’s,7
gas,7
punch,7
upstairs,7
gathered,7
corkscrew,7
Duffy,7
cleared,7
firmly,7
happiness,7
melancholy,7
Could,7
notice,7
Every,7
bass,7
Ireland,7
aunts,7
letter,7
position,7
convent,7
Christmas,7
forehead,7
pointed,7
ears,7
splendid,7
useless,7
brows,7
human,7
finish,7
pudding,7
style,7
features,7
Was,7
dear,7
anger,7
cheeks,7
helped,7
hotel,7
lifted,7
shillings,7
leaving,7
general,7
try,7
noticed,7
Farley,7
except,7
drawn,7
reading,7
circle,7
happened,7
obliged,7
Leonard,7
holding,7
stuff,7
Three,7
edge,7
James,7
mirror,7
influence,7
injured,7
doubt,7
takes,7
City,7
truth,7
six,7
good-night,7
bag,7
he’d,7
view,7
sake,7
different,7
Gallaher’s,7
King,7
already,7
wasn’t,7
Delacour,7
pride,7
skin,6
enthusiasm,6
terms,6
deceased,6
cheek,6
fixed,6
Nannie,6
Someone,6
save,6
review,6
pressed,6
hardly,6
Flynn,6
pace,6
served,6
sign,6
gravely,6
religion,6
adventure,6
public-house,6
ate,6
pain,6
gallery,6
pointing,6
questions,6
recognised,6
writing,6
applause,6
wet,6
ill,6
mantelpiece,6
covered,6
Michael,6
private,6
final,6
beyond,6
knows,6
earnestly,6
ease,6
purpose,6
Corley’s,6
pulled,6
die,6
meant,6
Besides,6
later,6
opera,6
strove,6
Sometimes,6
religious,6
swiftly,6
Very,6
awkward,6
generation,6
curious,6
warmly,6
indeed,6
paying,6
Riviere,6
cabman,6
society,6
image,6
expressed,6
failure,6
cabbage,6
free,6
college,6
cool,6
rest,6
tightly,6
observed,6
finally,6
eating,6
Catholic,6
landing,6
poems,6
afterwards,6
straight,6
daughter’s,6
ordered,6
tie,6
proceeded,6
alive,6
candles,6
comes,6
Gentlemen,6
We’ll,6
account,6
bent,6
rapidly,6
stamping,6
offer,6
Ladies,6
troubled,6
earth,6
Poor,6
path,6
following,6
pound,6
West,6
guests,6
Road,6
faith,6
quarter,6
sixpence,6
cover,6
shame,6
shining,6
Frank,6
angry,6
Martin,6
cases,6
page,6
goloshes,6
George’s,6
Have,6
lively,6
Would,6
People,6
respect,6
silk,6
intention,6
heels,6
lamps,6
handed,6
Though,6
memories,6
rose,6
drunk,6
sky,6
settled,6
Look,6
Two,6
banisters,6
Our,6
ends,6
names,6
curate,6
melody,6
Alphy,6
O’Callaghan,6
aside,6
watching,6
thanks,6
Those,6
shoes,6
laugh,6
duties,6
thank,6
manners,6
knock,6
friend’s,6
trembling,6
asking,6
Madam,6
difficulty,6
hearers,6
Higgins,6
places,6
joy,6
wine,6
hold,6
drive,6
College,6
Nationalist,6
fro,6
stay,6
Galway,6
he’ll,6
distant,6
toast,6
terrible,6
letters,6
heartily,5
companion,5
vulgar,5
waterproof,5
Keon,5
spoken,5
box,5
bade,5
picture,5
line,5
sherry,5
elbows,5
younger,5
flung,5
gold,5
return,5
paragraph,5
slope,5
interval,5
abruptly,5
health,5
sum,5
whipped,5
waist,5
Jesuits,5
lonely,5
Green,5
confess,5
attention,5
Harry,5
boots,5
they’re,5
enjoy,5
forgotten,5
wants,5
Grafton,5
bore,5
crying,5
spiritual,5
bedroom,5
mood,5
retreat,5
Kearney’s,5
vague,5
disappointed,5
bosom,5
annoyed,5
accompanist,5
level,5
stewards,5
instinct,5
careful,5
Thursday,5
flight,5
attitude,5
cut,5
twenty,5
partner,5
figures,5
sideboard,5
coffin,5
tapped,5
mentioned,5
coldly,5
cast,5
exclaimed,5
mystery,5
direction,5
approached,5
works,5
sensation,5
weather,5
learned,5
saluted,5
waistcoat,5
tender,5
none,5
delicate,5
glancing,5
tomorrow,5
makes,5
example,5
lost,5
sharp,5
garden,5
either,5
Once,5
instant,5
fool,5
taught,5
alluding,5
With,5
usually,5
Damn,5
burst,5
hers,5
hall-door,5
tiptoe,5
advice,5
hurried,5
finger,5
kissed,5
English,5
Didn’t,5
allow,5
whatever,5
quick,5
remark,5
penny,5
passion,5
foolish,5
decided,5
worse,5
devil,5
sons,5
sense,5
hill,5
eyebrows,5
pulling,5
exactly,5
happen,5
Office,5
breast,5
pages,5
reported,5
Pat,5
assumed,5
instead,5
food,5
Fanning,5
hearing,5
Butler,5
escape,5
beer,5
treated,5
American,5
gazing,5
Bernard,5
shall,5
seven,5
match,5
blouse,5
eaten,5
leaf,5
moist,5
nervous,5
umbrella,5
easy,5
real,5
arranging,5
verse,5
next-door,5
printed,5
suggested,5
drinks,5
shaking,5
educated,5
purse,5
appearance,5
sober,5
wandering,5
coloured,5
suit,5
carve,5
jumped,5
beneath,5
nights,5
believed,5
third,5
engine,5
windows,5
seized,5
beat,5
counted,5
trembled,5
trial,5
benches,5
sideways,5
mill,5
knelt,5
lip,5
orders,5
arrived,5
minds,5
pious,5
railway,5
imagination,5
companions,5
Hungarian,5
chin,5
Thanks,5
directed,5
scene,5
Purdon,5
crossing,5
calling,5
clever,5
parlour,5
reparation,5
station,5
shade,5
sending,5
swift,5
wide,5
meaning,5
pull,5
eh,5
Bell,5
invalid,5
Parnell,5
sweets,5
Furlong,5
Royal,5
Furey,5
ragged,5
artiste,5
swaying,5
murmured,5
Friday,5
join,5
capital,5
able,5
carriage,5
seat,5
promptly,5
journey,5
retort,5
Lux,5
Christ,5
lemonade,5
hung,5
land,5
details,5
character,5
Still,5
solid,4
gift,4
port,4
plumcake,4
enter,4
appealed,4
pockets,4
winter,4
interested,4
Freeman,4
doorstep,4
nuts,4
cakes,4
loud,4
surprise,4
expect,4
courage,4
dancing,4
labour,4
casual,4
dozen,4
hesitated,4
strike,4
rub,4
Jesuit,4
spirits,4
hell,4
change,4
parcel,4
Annie,4
monks,4
circumstances,4
neighbours,4
hastily,4
tradition,4
interest,4
shoulder,4
gloom,4
mass,4
boat,4
thickly,4
moving,4
drawing,4
impossible,4
follow,4
admit,4
Station,4
Harford,4
steaming,4
incident,4
special,4
smart,4
month,4
started,4
Power’s,4
Hill,4
closely,4
Shelley,4
regularly,4
lighting,4
treat,4
growing,4
asleep,4
somewhere,4
danger,4
weary,4
Bodley,4
divided,4
Ernest,4
awfully,4
puzzled,4
celery,4
Belfast,4
besides,4
bronze,4
dust,4
shot,4
correspondence,4
weeks,4
England,4
opening,4
blush,4
shortly,4
France,4
uttered,4
brilliant,4
upwards,4
cook,4
flat,4
barman,4
courses,4
safe,4
Light,4
reflected,4
Old,4
seems,4
control,4
hurry,4
These,4
murmur,4
compliment,4
dirty,4
wind,4
lighted,4
below,4
today,4
lovely,4
future,4
University,4
Latin,4
therefore,4
nine,4
double,4
imagined,4
collected,4
expense,4
driver,4
lie,4
moreover,4
Can’t,4
putting,4
signs,4
brushed,4
cloak,4
child’s,4
Kingstown,4
secure,4
sunset,4
rich,4
voices,4
early,4
swinging,4
cigar,4
start,4
sleeve,4
fashion,4
hadn’t,4
invitation,4
snuff,4
honest,4
O’Rourke,4
harm,4
lest,4
regretfully,4
narrative,4
existence,4
lights,4
language,4
Isn’t,4
ay,4
someone,4
vaguely,4
visiting,4
extended,4
pulpit,4
hid,4
biscuits,4
marriage,4
reputation,4
calm,4
wash,4
Hallo,4
beard,4
cat,4
bridge,4
wear,4
sick,4
shaft,4
Lass,4
decanter,4
Aughrim,4
Even,4
rattling,4
tasted,4
usual,4
clouds,4
Here’s,4
impression,4
odour,4
flowers,4
original,4
possession,4
statue,4
Park,4
Suddenly,4
loved,4
Antient,4
excuse,4
sighed,4
Concert,4
around,4
trousers,4
poetry,4
guineas,4
won,4
urged,4
cheerfully,4
sailor,4
text,4
accounts,4
agent,4
quays,4
worked,4
moral,4
failed,4
blowing,4
returning,4
former,4
respected,4
pleased,4
bob,4
Tierney,4
evidently,4
miss,4
settle,4
needn’t,4
length,4
You’re,4
proper,4
judge,4
proposed,4
Erin,4
grief,4
working,4
walls,4
understanding,4
sympathy,4
opposite,4
roof,4
Jane’s,4
social,4
comfort,4
Doran,4
vast,4
boarding,4
stern,4
foreign,4
However,4
examined,4
failing,4
stated,4
aware,4
receive,4
bloody,4
blame,4
gesture,4
clerks,4
Whenever,4
marry,4
she’d,4
stone,4
we’d,4
trees,4
flew,4
frank,4
Trinity,4
resented,4
Rooms,4
lies,4
screwed,4
Westmoreland,4
buried,4
anywhere,4
Press,4
woman’s,4
Mac,4
agitation,4
frowning,4
Briton,4
romantic,4
Beirne,4
handkerchief,4
meeting,4
strongly,4
Stephen’s,4
rough,4
couples,4
threw,4
centre,4
faded,4
personal,4
sin,4
basket,4
kindly,4
carefully,4
alarmed,4
older,4
appear,4
Castle,4
greatly,4
furniture,4
peas,4
Ginger,4
occasion,4
ham,4
hungry,4
loose,4
Routh,4
tale,4
joke,4
secretary,4
tongues,4
sad,4
idle,4
forced,4
ashamed,4
snug,4
card,4
neat,4
carrying,4
glory,4
buttons,4
phrases,4
remain,4
solemn,4
allusion,4
merry,4
ideas,4
anyhow,4
chalice,4
fault,4
further,4
conduct,4
catching,4
heavily,4
gaily,4
Merrion,4
monologue,4
disorder,4
cabin,4
respectfully,4
throw,4
sort,4
heads,3
Misses,3
closing,3
quotation,3
cost,3
pounds,3
queer,3
Capel,3
rage,3
visible,3
sleeves,3
bulk,3
toddling,3
broad,3
fifteen,3
common,3
Parker,3
whispered,3
choir,3
hanging,3
Take,3
points,3
curates,3
wedding,3
uncovered,3
swept,3
Right,3
Bohemian,3
patches,3
waved,3
difficult,3
presence,3
dry,3
glimpse,3
comic,3
amiably,3
relieved,3
clients,3
natural,3
shuffling,3
machine,3
fork,3
spend,3
strained,3
likely,3
ginger,3
forks,3
knives,3
theatre,3
tells,3
keenly,3
Isle,3
answering,3
groups,3
copied,3
wearily,3
rhythm,3
sins,3
apple,3
sensible,3
pile,3
tact,3
brow,3
pipe,3
result,3
crowds,3
wholly,3
fright,3
anxious,3
cautiously,3
area,3
group,3
stroke,3
drops,3
warning,3
sobbing,3
fail,3
becoming,3
wailing,3
eagerly,3
Crosbie,3
quarters,3
accepted,3
Glasgow,3
promise,3
frankly,3
rush,3
remind,3
fixedly,3
latest,3
Hm,3
peered,3
unconscious,3
pleasantly,3
gate,3
main,3
irritated,3
keeping,3
apart,3
palm,3
Blast,3
shone,3
mothers,3
shabby,3
drunkard,3
Buenos,3
Ayres,3
First,3
Eh,3
wearing,3
Man,3
Both,3
Graces,3
supper-table,3
ex,3
presented,3
finding,3
Fine,3
infallibility,3
rule,3
cathedra,3
pillows,3
hopes,3
Between,3
plainly,3
pallor,3
faint,3
breakfast,3
park,3
mamma,3
handsome,3
orange,3
disclosed,3
chorus,3
odd,3
lack,3
kiss,3
entertaining,3
hasn’t,3
perfume,3
worth,3
trip,3
Such,3
lose,3
Hogan,3
Italian,3
acting,3
constant,3
yacht,3
altogether,3
Great,3
dance,3
MacHale,3
Dowling,3
cardinal,3
history,3
sunny,3
dresses,3
qualities,3
satisfied,3
excitedly,3
preacher,3
host,3
Corless’s,3
value,3
Dame,3
tremble,3
temperament,3
mixed,3
talent,3
revolted,3
disappointment,3
possible,3
fast,3
farther,3
bravely,3
footpath,3
gaunt,3
nerves,3
King’s,3
walks,3
murmuring,3
loss,3
wonderful,3
recall,3
congregation,3
merely,3
favour,3
matters,3
Molly,3
firm,3
gallantly,3
modest,3
motto,3
genuine,3
shelves,3
immense,3
struggle,3
admired,3
runs,3
regret,3
amused,3
thinks,3
cuffs,3
pieces,3
sentences,3
Because,3
frame,3
roadway,3
attentive,3
emphatically,3
sugar,3
stirabout,3
tight,3
delighted,3
sincere,3
wishing,3
answers,3
measure,3
interview,3
suspected,3
Baggot,3
sides,3
erect,3
awoke,3
Jesus,3
members,3
vacant,3
arm-chair,3
ordinary,3
You’ll,3
check,3
dubiously,3
intervened,3
move,3
discussion,3
gently,3
whiskies,3
risen,3
fresh,3
brief,3
necessary,3
iron,3
education,3
stock,3
May,3
Teddy,3
newspapers,3
forth,3
waves,3
police,3
ridiculous,3
immoral,3
polish,3
cause,3
study,3
denied,3
knocked,3
borne,3
bills,3
regular,3
Cambridge,3
movement,3
companion’s,3
attended,3
Square,3
surveyed,3
noiselessly,3
spared,3
advantage,3
ignorant,3
content,3
indignant,3
Continent,3
you’ve,3
Mass,3
astonished,3
advance,3
motor,3
cousins,3
rum,3
member,3
produced,3
biscuit,3
unique,3
considered,3
thoughtfully,3
bench,3
stoutly,3
sweet,3
aid,3
containing,3
sentence,3
damp,3
Soon,3
prelude,3
pretended,3
Chapelizod,3
bill,3
Upon,3
Duggan,3
Dan,3
seize,3
golden,3
contralto,3
glowed,3
prayer-book,3
soprano,3
echoed,3
arose,3
Nobody,3
suffused,3
blushing,3
space,3
keen,3
leading,3
Glynn,3
feeble,3
teach,3
whip,3
fur,3
seated,3
repeating,3
Wednesday,3
lent,3
everybody,3
chill,3
feared,3
lots,3
sweethearts,3
sweetheart,3
Kathleen’s,3
reach,3
Neither,3
suspect,3
wander,3
faintly,3
ought,3
whipping,3
secretaries,3
oval,3
husband’s,3
screen,3
mercy,3
altar,3
changing,3
Captain,3
learn,3
sadly,3
blind,3
forgot,3
Hail,3
applauded,3
vigorously,3
tawny,3
chairs,3
slip,3
leg,3
nodding,3
pick,3
old-fashioned,3
Pillar,3
dummy,3
hearts,3
sleeping,3
hallstand,3
reminded,3
curtly,3
thirty,3
gained,3
other’s,3
Who’s,3
veins,3
O’Connell,3
syllables,3
fiercely,3
class,3
complexion,3
fare,3
rainy,3
tossed,3
swung,3
slice,3
ways,3
rise,3
apples,3
polite,3
Eve,3
Everybody,3
stands,3
Or,3
drop,3
familiarly,3
evenings,3
Downes’s,3
item,3
remembering,3
Hallow,3
joking,3
chain,3
narrow,3
tiny,3
affection,3
scarcely,3
Hendrick,3
stool,3
shrill,3
balanced,3
stupid,3
slipped,3
votes,3
means,3
Open,3
slept,3
hob,3
Mat,3
tinker,3
difference,3
Pigeon,3
ships,3
working-man,3
stage,3
plot,3
grass,3
Which,3
vote,3
Ward,3
North,3
Listen,3
public,3
Never,3
engaged,3
inner,3
Pok,3
frail,3
cork,3
ivy,3
catapult,3
lad,3
priesthood,3
Roman,3
Mayor,3
protest,3
Mansion,3
Hardly,3
yaka,3
send,3
culture,3
Thank,3
disturb,3
adventures,3
grate,3
remote,3
Lane,3
lot,3
Won’t,3
Tricky,3
abroad,3
revery,3
canvasser,3
form,3
Anyway,3
intended,3
School,3
coal,3
Grimes,3
lend,3
stir,3
search,3
tobacco,3
beef,3
furnace,3
praised,3
turf,3
crown,3
Oh,3
Academy,3
resigned,3
shops,3
sipped,3
evidence,3
Coroner,3
looks,3
fairly,3
Therefore,3
regarding,3
Walter,3
games,3
discreet,3
Many,3
bidding,3
Sir,3
items,3
Four,3
assent,3
intercourse,3
attached,3
Thomas,3
encouragement,3
graceful,3
announced,3
Give,3
woe,3
modern,3
labourers,3
intervals,3
bringing,3
winding,3
tree,3
spat,3
Protestants,3
fit,3
cup,3
Erin’s,3
spectacle,3
shock,3
candlesticks,3
she’s,3
Good,3
emotion,3
Freeman’s,3
placing,3
gradually,3
attacked,3
General,3
substance,3
spring,3
gloomy,3
gather,3
formed,3
changes,3
recite,3
decline,3
effect,3
Everything,3
cycling-suit,3
handle,3
building,3
smoothing,3
crammed,3
clatter,3
familiar,3
panels,3
O’Neill’s,3
Stores,3
striking,3
prolonged,3
elbow,3
anyway,3
consented,3
weight,3
westward,3
struggling,3
visitor,3
flicked,3
C,3
thirsty,3
nephew,3
dignity,3
partly,3
violent,3
stall,3
Wait,3
flushed,3
singers,3
ruffian,3
nod,3
curtain,3
bitter,3
fearing,3
Nosey,3
satisfaction,3
built,3
avenue,3
hospitable,3
Nearly,3
Before,3
burned,3
greater,3
stalls,3
wrapped,3
Paddy,3
father’s,3
cursed,3
dream,3
count,3
arguing,3
nineteen,3
draught,3
unknown,3
violence,3
strength,3
lamplight,3
indistinct,3
gloved,2
conceal,2
spasm,2
sacred,2
streaks,2
measures,2
similar,2
volumes,2
reporter,2
riot,2
Evidently,2
reared,2
sobs,2
nations,2
sashes,2
worshippers,2
stomach,2
degraded,2
revealing,2
upright,2
everlasting,2
priests,2
slatternly,2
habits,2
bread,2
Gradually,2
mainly,2
gates,2
remove,2
servant,2
painful,2
key,2
abstracted,2
medical,2
lock,2
easier,2
surplice,2
mechanic,2
tirade,2
meat,2
halfpence,2
ye,2
outcast,2
life’s,2
slim,2
setting,2
disreputable,2
extent,2
despair,2
enraged,2
accompaniments,2
clasping,2
stare,2
institution,2
reunion,2
gleaming,2
feast,2
tallied,2
Sheridan,2
music-hall,2
redly,2
sustained,2
gentleman’s,2
panting,2
paroxysm,2
privately,2
coward,2
sell,2
palace,2
proprietor,2
work-girls,2
tumblers,2
smoked,2
Out,2
counsel,2
Things,2
sentenced,2
mimicry,2
exist,2
judged,2
jest,2
dragging,2
outburst,2
H,2
Black,2
quilt,2
daughters,2
DEATH,2
traveller,2
packing,2
cooked,2
Skerries,2
fringe,2
confession,2
OF,2
lady’s,2
speck,2
publicity,2
Hospital,2
spots,2
Quay,2
employed,2
lugubrious,2
utter,2
perceived,2
doubled,2
Bar,2
bluntly,2
boasted,2
retired,2
resentment,2
sexual,2
pursing,2
We’re,2
seldom,2
wiser,2
bitten,2
postcards,2
replaced,2
commercial,2
sheets,2
attentively,2
propped,2
employer,2
Send,2
morsel,2
volume,2
Deputy,2
Eagle,2
elder,2
seventeen,2
recitation,2
ribs,2
twelve,2
newly,2
win,2
restrain,2
buttoned,2
gilt,2
Protestant,2
bending,2
violently,2
behalf,2
prevent,2
heart’s,2
theory,2
allusions,2
sufficient,2
clay,2
hushed,2
console,2
Sydney,2
Parade,2
yesterday,2
eyed,2
pen,2
rakish,2
approval,2
absence,2
unsuccessfully,2
hush,2
attempting,2
Lennon,2
pleaded,2
assuming,2
frock-coat,2
respond,2
injuries,2
slow,2
bear,2
descending,2
unaware,2
perfectly,2
surely,2
Yet,2
Darkness,2
stupidly,2
Dawson,2
fragrant,2
classes,2
tied,2
rudely,2
respectable,2
respects,2
November,2
Tiresome,2
suffered,2
king,2
ticket,2
retreated,2
fussy,2
How’s,2
Edward,2
candid,2
fog,2
dog,2
boose,2
Simultaneously,2
Colgan’s,2
coughed,2
realised,2
admitted,2
That’ll,2
Alleyne’s,2
cheerful,2
male,2
intimate,2
addressing,2
pungent,2
Glasnevin,2
delight,2
perfumes,2
hairless,2
severely,2
grizzled,2
byword,2
renewed,2
active,2
em,2
Couldn’t,2
furtively,2
critical,2
tricky,2
Egan’s,2
Mean,2
Usha,2
puff,2
Wisha,2
vacantly,2
you’d,2
twopence,2
Bye,2
moodily,2
domestic,2
master,2
replied,2
chops,2
waltzing,2
shoeboy,2
polished,2
rake,2
reserved,2
cinders,2
rubbing,2
lamp-post,2
expected,2
holy,2
Dicky,2
thirst,2
g.p,2
spark,2
Surgeons,2
lunch,2
throwing,2
happily,2
transfer,2
Ay,2
Sit,2
mine,2
offering,2
settling,2
share,2
muttered,2
broadly,2
prominent,2
shared,2
aroma,2
election,2
indifferent,2
J,2
patriot,2
lodgings,2
board,2
arc,2
Committee,2
caretaker,2
thus,2
rates,2
Jewish,2
canvass,2
ward,2
Mooney’s,2
heated,2
discussed,2
roughly,2
meditatively,2
roll,2
bowls,2
struggled,2
grey-haired,2
bygones,2
songs,2
brings,2
pinned,2
failings,2
commission,2
Madam’s,2
knee,2
favourites,2
factories,2
bow,2
temptations,2
Fleet,2
pasteboard,2
benefit,2
resident,2
puffing,2
advancing,2
slender,2
planted,2
Hello,2
gets,2
Conservatives,2
Cowley,2
Conservative,2
coin,2
legs,2
brim,2
vexation,2
subdued,2
glare,2
breathing,2
belonged,2
resuming,2
pierced,2
household,2
Island,2
sheriff’s,2
missing,2
lapel,2
cardboard,2
continuing,2
glossy,2
flame,2
Kate’s,2
October,2
halls,2
Alderman,2
population,2
tune,2
candidate,2
speaks,2
Sure,2
wine-coloured,2
niece,2
imposing,2
Christian,2
crape,2
aloud,2
extravagant,2
overmaster,2
region,2
T,2
Malone,2
Tivoli,2
observing,2
positively,2
Apollinaris,2
knockabout,2
receding,2
surname,2
fragrance,2
elderly,2
greyish,2
report,2
provincial,2
recognise,2
introduced,2
Henry,2
politeness,2
Celtic,2
seriously,2
touching,2
passages,2
vivid,2
animatedly,2
sup,2
stiff,2
Maria’s,2
emphasis,2
distribution,2
slices,2
laneway,2
Fleming,2
cleanshaven,2
victim,2
flavour,2
Order,2
reformed,2
notions,2
toes,2
watch,2
promised,2
glove,2
distillery,2
malt,2
appeal,2
surrounded,2
superior,2
admire,2
saucers,2
Where’s,2
wonder,2
insisted,2
God’s,2
huddled,2
belief,2
Grattan,2
Sha,"˜s,2
manhood,2
Seeing,2
version,2
speaker,2
bandage,2
act,2
impressed,2
patronising,2
flush,2
friendliness,2
wits,2
bother,2
brandy,2
mere,2
qualified,2
eldest,2
corridor,2
Rather,2
Ballast,2
news,2
Scotch,2
supposed,2
upset,2
tempered,2
bystanders,2
poem,2
shake,2
Orangeman,2
coats,2
continually,2
unfortunate,2
fourpence,2
danced,2
chance,2
louder,2
rival,2
Sh,2
sh,2
rights,2
disillusioned,2
expressing,2
bustle,2
enjoying,2
tray,2
consider,2
yourselves,2
Get,2
Sandymount,2
debated,2
pausing,2
Ada,2
bullied,2
fury,2
succeeded,2
exchanged,2
humiliated,2
pawned,2
comical,2
angrily,2
stress,2
Talk,2
darker,2
capitals,2
puffed,2
opponent’s,2
honourable,2
muscle,2
approved,2
determined,2
immorality,2
65,2
defeated,2
bowl,2
spoon,2
experience,2
haggard,2
compared,2
decency,2
award,2
liquor,2
He’d,2
Righto,2
blushed,2
laundry,2
mellow,2
nursed,2
half-one,2
Joe’s,2
singer,2
gang,2
hats,2
divine,2
relief,2
whistling,2
conservatory,2
energy,2
mugs,2
milk,2
cans,2
Next,2
metaphor,2
Mulligan’s,2
wiping,2
what’s,2
pot,2
Tonight,2
Drumcondra,2
patriotic,2
lecture,2
glared,2
plump,2
rolling,2
sore,2
M’Auley’s,2
months,2
son’s,2
You’d,2
Other,2
clasped,2
dogs,2
Nothing,2
matron,2
O’Hara,2
peace,2
youngsters,2
policeman,2
Any,2
confidence,2
narrate,2
stretched,2
garret,2
carelessly,2
leader,2
elevenpence,2
workmen,2
lover’s,2
cardinals,2
solicitude,2
archbishops,2
bishops,2
Terry,2
nursing,2
gratitude,2
submit,2
entrusted,2
Tuam,2
carman,2
unassuming,2
blouses,2
produce,2
forgetting,2
hoisted,2
half-past,2
intellectual,2
encouraged,2
amiable,2
pawn-office,2
fewer,2
nape,2
y,2
alarm,2
preached,2
meetings,2
bed-rail,2
Kelly’s,2
false,2
china,2
entangled,2
seventy,2
paler,2
dried,2
dipped,2
waken,2
lessons,2
interrupted,2
ascend,2
morality,2
soul’s,2
incurable,2
advised,2
shown,2
shirt,2
biceps,2
ladylike,2
lowering,2
Bob,2
clean,2
Parkgate,2
impertinent,2
witness,2
music-stand,2
system,2
Kearneys,2
fame,2
s,2
bond,2
Society,2
abrupt,2
good-bye,2
celibate,2
knitted,2
delirium,2
examining,2
apology,2
exchange,2
stylish,2
homely,2
Credo,2
hide,2
helping,2
east,2
quit,2
programme,2
exalted,2
perfumed,2
blown,2
undressing,2
union,2
united,2
impertinence,2
apologise,2
drying,2
Monica,2
Meeting,2
generally,2
arch,2
Crux,2
Cross,2
Theatre,2
doubtful,2
doctor,2
specially,2
cheekbones,2
deftly,2
shyness,2
keeps,2
Journal,2
Burke’s,2
humble,2
gentle,2
burden,2
recently,2
tempted,2
hazel,2
sickening,2
poet,2
mental,2
poured,2
sleepy,2
powdered,2
bath,2
o’liged,2
auditorium,2
chatting,2
ery,2
uch,2
chose,2
sack,2
escorted,2
politely,2
extremely,2
ancestral,2
medal,2
swishing,2
marble,2
ordeal,2
cabs,2
dreamt,2
unsettled,2
resounding,2
sung,2
intelligent,2
imitated,2
Must,2
pupil,2
bundles,2
popes,2
greatest,2
appreciated,2
stature,2
rolled,2
muttering,2
according,2
diverted,2
Annie’s,2
captain,2
visions,2
balcony,2
limping,2
signed,2
reign,2
astonishing,2
astrakhan,2
feebly,2
escorting,2
that’d,2
arriving,2
missed,2
Quite,2
None,2
scattered,2
penny-a-week,2
gravel,2
dined,2
flickered,2
autumn,2
outskirts,2
cylinder,2
See,2
effort,2
nails,2
Inns,2
exercise,2
glow,2
trustfulness,2
crowded,2
chosen,2
scraping,2
crow,2
smoothed,2
raisins,2
inch,2
quarrelled,2
chaps,2
opportunity,2
alert,2
harder,2
landed,2
generous,2
Daily,2
blinking,2
favourite,2
resonant,2
triumph,2
aren’t,2
Express,2
encouragingly,2
politics,2
shepherded,2
Unless,2
holiday,2
parcels,2
grated,2
services,2
marketing,2
chocolates,2
Liffey,2
Ho,2
influences,2
wane,2
Jew,2
bells,2
dangled,2
figs,2
quickened,2
almonds,2
laying,2
accompanied,2
colours,2
romance,2
deny,2
lately,2
explain,2
lace,2
Englishman,2
sloping,2
refined,2
electric,2
dusty,2
parallel,2
galloping,2
raspberry,2
quenched,2
probably,2
illness,2
jelly,2
grasp,2
Like,2
Strange,2
carry,2
Down,2
accomplishments,2
organ,2
blancmange,2
families,2
discover,2
lust,2
tastes,2
musty,2
notion,2
sailors,2
mortal,2
Another,2
legend,2
chocolate,2
jam,2
kindling,2
reserve,2
volubly,2
squalid,2
Howth,2
conceived,2
Mangan’s,2
safely,2
repeatedly,2
deck,2
drunken,2
harp,2
acts,2
climax,2
trust,2
gestures,2
noisy,2
grave,2
confessional,2
Eveline,2
confusion,2
entire,2
brutal,2
Rutland,2
accord,2
regarded,2
owing,2
sauce,2
wages,2
noon,2
squat,2
slung,2
anybody,2
weigh,2
grinning,2
shelter,2
rightly,2
solitary,2
wise,2
thankful,2
claim,2
problem,2
Say,2
fully,2
jauntily,2
Through,2
wires,2
New,2
fathers,2
especially,2
club,2
Post,2
undertone,2
potatoes,2
flood,2
jovial,2
clapped,2
Hear,2
oranges,2
Ringsend,2
tumbled,2
minerals,2
Queen,2
ale,2
pigs,2
cemetery,2
sea,2
cavalier,2
fun,2
Constantine,2
merriment,2
loves,2
purple,2
Stop,2
guard,2
fishing,2
chandelier,2
men’s,2
gesticulating,2
tricks,2
luck,2
begged,2
prayers,2
leather,2
guest,2
praises,2
refreshment-room,2
Dublin’s,2
losing,2
signalled,2
Play,2
institutions,2
manly,2
hostess,2
attempt,2
noises,2
carver,2
prepared,2
gardens,2
pianist,2
monotonous,2
knowing,2
Arrayed,2
enclosed,2
unfortunately,2
hypereducated,2
waste,2
rooms,2
Better,2
studied,2
helpless,2
animal,2
curiously,2
popular,2
fancy,2
singer’s,2
Bridal,2
biggest,2
smallest,2
excellent,2
humanity,2
nostrils,2
mourning,2
bell,2
suppers,2
reasons,2
fervent,2
Jimmy’s,2
draw,2
circled,2
seas,2
motion,2
guess,2
strain,2
Frenchmen,2
truculent,2
massive,2
flames,2
goodness,2
gripped,2
humming,2
farewell,2
quarrelsome,2
symbol,2
acknowledged,2
affectionate,2
elaborate,2
painter,2
establishment,2
topped,2
success,2
crest,2
birth,2
pope,2
peering,2
successful,2
lives,2
hilarious,2
owner,2
cars,2
nods,2
described,2
Andre,2
pray,2
shrugged,2
cloth,2
Napoleon,2
paltry,2
everyday,2
pursued,2
sprang,2
Murphy,2
alluded,2
considering,2
presume,2
butcher,2
shoe,2
fix,2
genuinely,2
fourth,2
discovery,2
winning,2
introducing,2
calmly,2
advanced,2
Monument,2
swarthy,2
knot,2
impulse,2
refusal,2
Bank,2
fireplace,2
Seraun,2
Segouin’s,2
Derevaun,2
paces,2
terror,2
declined,2
schoolboy,2
passage,2
bored,2
dusk,2
gongs,2
sombre,2
murky,2
one’s,2
strewn,2
insistence,2
fingered,2
provisions,2
chewed,2
stems,2
Patrick,2
dripping,2
crumbs,2
bows,2
spiced,2
Tuesday,2
ma’am,2
vision,2
starch,2
stars,2
steered,2
bodies,2
career,2
peacefully,2
spell,2
commonplace,2
Belgium,2
soldiers,2
mansion,2
reasonable,2
son-in-law,2
knowledge,2
mournful,2
higher,2
prayed,2
investment,2
distress,2
liberal,2
state,2
whistle,2
mist,2
pane,2
spectators,2
Wellington,2
curled,2
advertisements,2
magnetised,2
scanty,2
theatrical,2
managed,2
strangely,2
straggling,2
bounding,2
Lytton’s,2
sister’s,2
unusual,2
illumined,2
Moore,2
Scott,2
Back,2
roads,2
smoothly,2
supper-room,2
included,2
central,2
friendship,2
concern,2
wine-glasses,2
agitated,2
wealth,2
pained,2
Most,2
devils,2
Leave,2
routine,2
sought,2
raw,2
contained,2
temper,2
mimic,2
pure,2
aged,2
pensively,2
searched,2
forefathers,2
She’ll,2
ugly,2
Each,2
Caruso,2
fib,2
accents,2
Parkinson,2
day’s,2
mounted,2
vases,2
treble,2
cries,2
curtains,2
puffy,2
shades,2
sounded,2
service,2
timidly,2
Mount,2
awakened,2
peal,2
listeners,2
harpist,2
patted,2
Kildare,2
coins,2
underfoot,2
counting,2
Goloshes,2
new-comer,2
saved,2
Canal,2
badly,2
moon,2
grandmother’s,2
Lenehan’s,2
Oughterard,2
web,2
expressively,2
twilight,2
west,2
caress,2
occasionally,2
intervening,2
caressed,2
admiring,2
footsteps,2
impalpable,2
canal,2
Had,2
offered,2
anguish,2
Lothario,2
driven,2
persons,2
veiled,2
refreshment,2
recollection,2
ferryboat,2
inclined,2
Mahony’s,2
tragic,2
Wharf,2
sensibly,2
duty,2
Often,2
completely,2
interpretation,2
spoons,2
showing,2
P,2
reassured,2
master’s,2
band,2
weakened,2
released,2
ball,2
theirs,2
delay,2
crept,2
revolving,2
headings,2
deserted,2
traversed,2
gaiety,2
onward,2
acquaintance,2
Browning,2
Westland,2
Row,2
meal,2
secretly,2
circulated,2
twinkling,2
literary,2
sun,2
powers,2
skirts,2
amuse,2
invent,2
bold,2
glances,2
brain,2
reluctant,2
July,2
number,2
latter,2
tablecloth,2
sleep,2
Really,2
Christmas-time,2
glaring,2
recalled,2
Wild,2
literature,2
charm,2
parted,2
interpret,2
Shelbourne,2
raising,2
Mercer,2
wretched,2
curved,2
discreetly,2
Chief,2
converse,2
innocent,2
pawnbroker’s,2
shilling,2
Half,2
chains,2
pervades,2
dreadful,2
curbstone,2
Hume,2
unpleasant,2
National,2
Melleray,2
inside,2
Monkstown,2
obliquely,2
laughing-like,2
wooden,2
alternately,2
rude,2
rank,2
blunt,2
discovered,2
History,2
bare,2
leer,2
displayed,2
magical,2
belt,2
serge,2
handing,2
entrance,2
jacket,2
resumed,2
gossip,2
build,2
clacking,2
wiped,2
Bergin,2
born,2
latterly,2
branches,2
palms,2
lined,2
Maybe,2
clambered,2
Close,2
screaming,2
roofs,2
gasworks,2
column,2
Araby,2
Swaddlers,2
cheese,2
vagrant,2
gatherings,2
dreamed,2
freely,2
border,2
aunt’s,2
Waters,2
petticoat,2
emptied,2
law,2
stones,2
Quadrilles,2
shrewdly,2
fling,2
frowned,2
highly,2
leaves,2
racing,2
bulged,2
addressed,2
sisters,2
packet,2
ironically,2
brothers,2
intricate,2
stupefied,2
fighting,2
notices,2
spacious,2
prevented,2
curve,2
cigars,2
Donnybrook,2
policemen,2
appointment,2
doctor’s,2
backwards,2
forwards,2
sip,2
knuckles,2
affairs,2
senses,2
approaching,2
objects,2
beef-tea,2
forming,2
hips,2
Kerrigan,2
brave,2
town,2
stride,2
Keogh,2
people’s,2
wondering,2
horses,2
funk,2
tart,2
railing,2
chased,2
slavey,2
swing,2
voice’s,1
colleagues,1
fair-haired,1
frontal,1
tessellated,1
observe,1
competed,1
elastically,1
sinus,1
distended,1
humped,1
haste,1
absent,1
Campbell,1
victims,1
recipients,1
imitation,1
recur,1
crimson,1
jealous,1
tenors,1
Round,1
pompous,1
hobbled,1
extraordinary,1
Holohan’s,1
links,1
random,1
poised,1
exertions,1
prizes,1
endeavour,1
fainted,1
camaraderie,1
airs,1
meekly,1
feelings,1
generously,1
awarded,1
Feis,1
Ceoil,1
onlookers,1
marred,1
progressing,1
popped,1
Fifteen,1
gasping,1
costable,1
bewildered,1
flashed,1
immobile,1
endeavours,1
Acres,1
perform,1
abundance,1
first-rate,1
stage-wardrobe,1
resurrected,1
linger,1
speechless,1
bodiless,1
strenuous,1
sigh,1
licked,1
sweeping,1
Make,1
oldish,1
bird,1
rattled,1
searchingly,1
intonation,1
pronunciation,1
weighted,1
twisted,1
din,1
elegance,1
effaced,1
everybody’s,1
bang,1
delusion,1
contradictions,1
cross-directions,1
manoeuvres,1
unfastened,1
cheaper,1
jealousy,1
welcomed,1
banknotes,1
necktie,1
comfortably,1
thoughtlessness,1
yous,1
deed,1
stronger,1
punctuated,1
brood,1
selection,1
unnoticed,1
parts,1
rug,1
affections,1
intrude,1
dinged,1
inadequate,1
moralising,1
observation,1
pleasing,1
Killarney,1
Glynn’s,1
route,1
operatic,1
undone,1
Queen’s,1
differently,1
Maritana,1
aspen,1
good-fellowship,1
undertaken,1
clamour,1
Billy,1
self-won,1
inundated,1
shiver,1
excused,1
muffled,1
continue,1
devious,1
midst,1
tortuous,1
exhibition,1
enthusiastic,1
profession,1
misdirected,1
fooling,1
farthing,1
actuated,1
principles,1
cherish,1
secluded,1
mannerisms,1
collar-bone,1
audible,1
suave,1
hearty,1
shafts,1
hastened,1
expectantly,1
uncorking,1
attack,1
complacent,1
opulence,1
discourteously,1
youngster,1
spanking,1
goer,1
prosperity,1
fooled,1
distantly,1
ride,1
agree,1
extinguished,1
pudding-fork,1
plausible,1
officer,1
hotly,1
acclamation,1
floated,1
Listening,1
conference,1
Pay,1
considerably,1
warmth,1
repaid,1
hostesses,1
melodious,1
roughshod,1
exaggeration,1
dared,1
good-humouredly,1
tribute,1
mock,1
sceptical,1
intend,1
outdoor,1
snow-covered,1
archly,1
everywhere,1
thought-tormented,1
consideration,1
wilful,1
witnessed,1
unison,1
somebody,1
piercing,1
scandalous,1
descendants,1
jealously,1
sounds,1
harnessed,1
beautifully,1
Billy’s,1
tranquilly,1
inflection,1
gifted,1
perennial,1
stroking,1
softer,1
revelation,1
meagre,1
Amen,1
theatricals,1
visited,1
granted,1
invidious,1
Bell’s,1
approach,1
delivered,1
recurring,1
sits,1
vainly,1
sadder,1
ebullient,1
paced,1
amateur,1
desperately,1
adieus,1
scandalously,1
choose,1
seats,1
Shake,1
fellow-sufferer,1
vein,1
condemned,1
fol-the-diddle-I-do,1
limped,1
stiffly,1
startled,1
western,1
lamented,1
aforesaid,1
dig,1
warm-hearted,1
Might,1
courteous,1
hive,1
never-to-be-forgotten,1
trap,1
revengefully,1
deservedly,1
prize,1
magniloquent,1
grandfather,1
commonly,1
hard-working,1
quality,1
nieces,1
talented,1
military,1
haughty,1
youngest,1
compassionately,1
civil,1
princely,1
glue-boiler,1
shelters,1
finances,1
willingly,1
cultivated,1
widely,1
glue,1
stirring,1
Safe,1
fires,1
citizens,1
industries,1
grandmother,1
ship-building,1
mills,1
influx,1
irony,1
tenderness,1
Law,1
Guardian,1
belong,1
smacking,1
evocation,1
kinder,1
eyeglasses,1
grog,1
personally,1
sportsman,1
where’s,1
ideals,1
analogy,1
Edward’s,1
argumentatively,1
throne,1
yards,1
gilt-rimmed,1
nonsense,1
glimmering,1
insult,1
citizen,1
comparing,1
Tiemey,1
fatuous,1
apologetic,1
pitiable,1
clownish,1
lusts,1
support,1
Instinctively,1
vain,1
withdrawn,1
interrogation,1
choosing,1
evils,1
lesser,1
idealising,1
vulgarians,1
pennyboy,1
property,1
ludicrous,1
assailed,1
shameful,1
consciousness,1
extensive,1
well-meaning,1
Atkinson,1
Parkes,1
toff,1
orating,1
ratepayer,1
sentimentalist,1
shirt-front,1
Seventh,1
ardour,1
slain,1
hounds,1
mire,1
dreams,1
annoyance,1
hypocrites,1
breaking,1
mourn,1
resting,1
fever,1
Christmas-card,1
sottish,1
crush,1
Perish,1
sovereign,1
flag,1
famed,1
gloriously,1
weak,1
statesmen,1
unfurled,1
destiny,1
wrought,1
pyre,1
monarch’s,1
conquer,1
diffidence,1
where’er,1
cot,1
Uncrowned,1
1891,1
cats,1
stockstill,1
yield,1
slipping,1
curs,1
Lie,1
astonishment,1
capture,1
anniversary,1
Parnell’s,1
well-filled,1
cheval-glass,1
Crofton’s,1
tardy,1
renege,1
stuck,1
THE,1
brimming,1
washing,1
quaintness,1
6th,1
PARNELL,1
rehearsing,1
impetuous,1
easily,1
diffident,1
yielding,1
Fire,1
reflecting,1
whither,1
purposed,1
taps,1
vermin,1
wig,1
dwindling,1
chaplain,1
dissolving,1
sleepily,1
flakes,1
Bog,1
nowadays,1
hills,1
they’ll,1
treeless,1
Driving,1
Faith,1
Keegan,1
hosts,1
apprehend,1
dwell,1
forms,1
Generous,1
partial,1
wayward,1
flickering,1
Entertaining,1
fading,1
smell,1
oil-rag,1
declare,1
identity,1
Fathers,1
owe,1
headstones,1
spears,1
Ask,1
Kavanagh’s,1
crosses,1
Mmmyes,1
candlestick,1
beg,1
universe,1
descent,1
swooned,1
thorns,1
barren,1
seizing,1
sheep,1
crooked,1
About,1
mutinous,1
Allen,1
Yerra,1
Suffolk,1
hop-o’-my-thumb,1
Shannon,1
churchyard,1
forgive,1
travelling,1
drifted,1
shirt-sleeves,1
goster,1
wisha,1
depositing,1
clean-shaven,1
frailer,1
downward,1
overcome,1
bowler,1
wide-brimmed,1
irresolutely,1
ox’s,1
simultaneously,1
distributed,1
hand’s,1
intruding,1
resembled,1
shy,1
choking,1
implored,1
forces,1
dow-n,1
gathering,1
vindictive,1
Consumption,1
Wilkins,1
trick,1
two’d,1
shivering,1
cow,1
calve,1
Nuns,1
blast,1
hoping,1
wedge,1
begins,1
blinds,1
lame,1
merry-making,1
emotions,1
Many’s,1
limp,1
chilled,1
fade,1
locked,1
shaken,1
dismally,1
wither,1
O’Farrell’s,1
tally,1
loan,1
tinpot,1
half-open,1
deep-drawn,1
tangled,1
unresentfully,1
salutation,1
contents,1
girlish,1
Seventeen,1
grudgingly,1
boot,1
string,1
braved,1
beauty,1
bards,1
warriors,1
tickets,1
two-shilling,1
repentant,1
trusted,1
swathed,1
otherwise,1
fanlight,1
justifiable,1
blush-pink,1
t,1
charmeuse,1
Brown,1
occasions,1
Thomas’s,1
badges,1
vestibule,1
disappointments,1
pulp,1
dressingroom,1
reports,1
unrolled,1
box-office,1
colds,1
readily,1
idleness,1
glance,1
mistaken,1
unless,1
piously,1
beady,1
tide,1
Don,1
menacingly,1
tucked,1
Courts,1
biscuit-barrel,1
burning,1
enterprise,1
slush,1
rioting,1
Moments,1
believer,1
defend,1
series,1
joyful,1
valorous,1
dissuaded,1
parapets,1
type,1
annoy,1
Meade’s,1
invariably,1
leaping,1
advising,1
Goodnight,1
upturned,1
slushy,1
novice,1
wording,1
disposing,1
brooded,1
swathing,1
entertained,1
unable,1
issue,1
resolve,1
flutter,1
dispute,1
chords,1
paint,1
stipulated,1
alter,1
tonality,1
clearly,1
Music,1
originally,1
Distant,1
Cometty,1
principal,1
talents,1
suspicions,1
abstract,1
plans,1
steward,1
three-quarters,1
salmon-pink,1
store,1
handbills,1
stillness,1
Special,1
puffs,1
loving,1
reminding,1
uncertain,1
buttonholed,1
mediocre,1
babe,1
wets,1
Fitzpatrick’s,1
expired,1
dew,1
downright,1
raptures,1
rewarded,1
wrinkled,1
aback,1
hoarse,1
contempt,1
syllable,1
behaved,1
indecorously,1
hoarseness,1
exchanging,1
plaintive,1
abandoned,1
bumper,1
heaven,1
jutting,1
illuminated,1
locks,1
informal,1
falls,1
cadence,1
rehearsal,1
heliotrope,1
Cathedral,1
wax,1
ambition,1
spurs,1
molten,1
attain,1
peaks,1
rests,1
Calmly,1
unstable,1
toilet-table,1
undaunted,1
heroes,1
thumping,1
strife,1
list,1
Rise,1
auditors,1
Joy,1
bare-headed,1
pouch,1
Devlin,1
ascent,1
lifts,1
Pledge,1
Phoenix,1
guttering,1
breaks,1
dawning,1
Freedom’s,1
girt,1
Nobly,1
mighty,1
ghastly,1
clutch,1
idol,1
treachery,1
Shame,1
Sundered,1
Liberty,1
twas,1
World,1
unhooking,1
drawers,1
chest,1
alas,1
couch,1
caitiff,1
mumbled,1
consume,1
tap,1
befoul,1
smear,1
Eight,1
spurned,1
electric-light,1
fawning,1
smote,1
novel,1
article,1
Betrayed,1
rabble-rout,1
carpeted,1
thuds,1
satisfy,1
twenty-four,1
afterward,1
fees,1
arteries,1
ecstasy,1
hundred,1
dowry,1
eyebrow,1
cares,1
cough,1
eider-down,1
ensured,1
model,1
coursing,1
Greystones,1
Sundays,1
caressing,1
breakfast-cup,1
envelope,1
assemble,1
pro-cathedral,1
Birds,1
twittering,1
wave,1
Revival,1
appreciable,1
roaring,1
teacher,1
shimmering,1
souls,1
oftener,1
Turkish,1
desires,1
radiant,1
Delight,1
limit,1
Under,1
dozing,1
hooded,1
naturally,1
high-class,1
unbending,1
ivory,1
suitor,1
chilly,1
pang,1
wifely,1
D’Arcy’s,1
Ormond,1
honeymoon,1
galloped,1
Winetavern,1
thrifty,1
bootmaker,1
marrying,1
Year,1
cordially,1
prosperous,1
loosen,1
silenced,1
terra-cotta,1
exclaiming,1
princes,1
raucous,1
thrilled,1
murdered,1
Romeo,1
Juliet,1
Tower,1
Cunningham’s,1
declared,1
Probably,1
dogma,1
lion,1
wools,1
submitted,1
submission,1
beeswax,1
blathering,1
Gray,1
crabbed-looking,1
momentary,1
priestess,1
bushy,1
Dwyer,1
Edmund,1
confirmed,1
rail,1
unveiling,1
Gray’s,1
imprecation,1
glittered,1
birthday,1
tabinet,1
opposition,1
slighting,1
sullen,1
agreeable,1
interlude,1
degree,1
infallible,1
doctrine,1
octaves,1
octave,1
trill,1
scales,1
rankled,1
cute,1
Balbrigan,1
Papal,1
brains,1
Ha,1
mulberry,1
satin,1
foxes,1
Dolling,1
carrier,1
unanimous,1
man-o-war,1
senior,1
pierglass,1
matronly,1
conclave,1
pauses,1
key-board,1
Gardiner,1
transept,1
lay-brother,1
noticeable,1
seating,1
aisles,1
pledge,1
obdurately,1
created,1
gravity,1
magic-lantern,1
fill,1
Year’s,1
forefinger,1
accommodation,1
orderly,1
shaky,1
security,1
formally,1
habitual,1
offhand,1
suspended,1
hitched,1
canvases,1
collars,1
assembly,1
tweeds,1
mottled,1
pillars,1
repeat,1
buck,1
farcical,1
high-pitched,1
joviality,1
kink,1
exploded,1
mirth,1
God-fearing,1
bronchitic,1
untasted,1
taped,1
bull,1
doubted,1
hawk,1
Grays,1
overflowing,1
inclusively,1
wrinkling,1
renew,1
disarray,1
impatiently,1
baptismal,1
nearing,1
vows,1
out-generalled,1
Satan,1
mechanical,1
readjustment,1
mechanically,1
renounce,1
pomps,1
greeted,1
out-and-out,1
flattered,1
brewers,1
ingratiate,1
housewives,1
district,1
immensely,1
distillers,1
second-class,1
constrained,1
condition,1
Atlantic,1
Isles,1
excursion,1
Aran,1
complimented,1
Browning’s,1
political,1
officiated,1
lamely,1
Glasses,1
grandiose,1
rinsed,1
groceries,1
equal,1
inattentive,1
enunciation,1
half-pint,1
inquired,1
reviews,1
perplexed,1
financial,1
licensed,1
worship,1
avoided,1
altars,1
retorted,1
preaching,1
Struck,1
sour,1
Butler’s,1
lancers,1
stuttered,1
Vatican,1
quizzically,1
damned,1
Course,1
invade,1
examination,1
Connacht,1
cycling,1
Kilkelly,1
looped,1
Clancy,1
grocer,1
tour,1
trailing,1
Redeemer,1
languages,1
awkwardly,1
effectively,1
Germany,1
enlivened,1
risk,1
madness,1
invention,1
Amy,1
knit,1
G,1
theology,1
Leo’s,1
enunciated,1
sententiously,1
oxter,1
cheque,1
trumpery,1
superfluities,1
perplexity,1
pluck,1
thorny,1
frank-mannered,1
talkative,1
smoking,1
partnered,1
vigorous,1
Lancers,1
freckled,1
knocker,1
Weren’t,1
device,1
predecessor,1
brooch,1
low-cut,1
bodice,1
sod,1
covers,1
Pius,1
Allow,1
IX,1
predecessor’s,1
pontificates,1
careers,1
Tenebrae,1
Tenebris,1
Greek,1
XIII,1
Churches,1
aim,1
teachers,1
Europe,1
bystreet,1
inference,1
Bachelor’s,1
Walk,1
Hickey’s,1
booksellers,1
teaching,1
second-hand,1
M’Coy’s,1
Web’s,1
scholar,1
O’Clohissey’s,1
Aston’s,1
Massey’s,1
contentedly,1
good-evening,1
Good-evening,1
housemaid’s,1
caretaker’s,1
diamond-bone,1
awful,1
Cab,1
sirloins,1
Tom’s,1
dumb-bells,1
Eve’s,1
Adam,1
beginners,1
hates,1
forcing,1
Eva,1
three-shilling,1
bottled,1
manage,1
worlds,1
engage,1
shrivelled,1
mat,1
creases,1
braided,1
ripe,1
dreadfully,1
mistresses,1
Docks,1
Port,1
nut,1
Ellen,1
galoshes,1
diving,1
Christy,1
Stoney,1
Batter,1
interesting,1
funny,1
reminds,1
Minstrels,1
faints,1
Bessie,1
depend,1
endless,1
Gresham,1
brisk,1
worms,1
Usher’s,1
angered,1
mirthless,1
prop,1
reassuringly,1
Haddington,1
Dalkey,1
better-class,1
corn-factor,1
nephew’s,1
Guttapercha,1
wears,1
rented,1
Fulham,1
Goodness,1
velvety,1
puckers,1
deprecation,1
discomposed,1
waving,1
bitterness,1
Christmastime,1
trotting,1
schooling,1
shelf,1
doll,1
rag,1
ceiling,1
dispel,1
folding,1
girl’s,1
thrusting,1
lustre,1
scintillated,1
formless,1
restlessly,1
lenses,1
screened,1
rims,1
tallish,1
patent-leather,1
palaver,1
groove,1
kicked,1
restless,1
muffler,1
actively,1
undecided,1
lowest,1
grade,1
differed,1
soles,1
uncanny,1
indelicate,1
perished,1
quoting,1
airing,1
vivacious,1
healthier,1
flaccid,1
shadows,1
taller,1
tops,1
mail,1
Melodies,1
crevices,1
Robert,1
folds,1
snowing,1
hay-coloured,1
preceded,1
out-of-doors,1
frieze,1
cape,1
Shakespeare,1
toecaps,1
squeaking,1
snow-stiffened,1
craning,1
testily,1
that’ll,1
rehabilitated,1
powerful-looking,1
draped,1
priest’s,1
handkerchiefs,1
dances,1
considerable,1
recruits,1
anxiously,1
Lovely,1
raving,1
ladling,1
O’Carroll,1
two-thirds,1
crowned,1
confidentially,1
ignored,1
Wherefore,1
Cassidy,1
sidling,1
famous,1
array,1
appreciative,1
appearing,1
pansy,1
balustrade,1
covering,1
red-faced,1
restored,1
Farther,1
Clerk’s,1
tumid,1
whisper,1
moneylender,1
registration,1
maker,1
mayor,1
protruded,1
stimulus,1
remarks,1
quincunx,1
desisted,1
decorous,1
atmosphere,1
heavy-lidded,1
convex,1
coarse,1
forty,1
councillors,1
piloting,1
table-napkins,1
Town,1
Hogan’s,1
size,1
elected,1
wings,1
immediately,1
lobes,1
pallid,1
fleshy,1
unto,1
boldest,1
weakness,1
dishes,1
arrayed,1
straightening,1
occupied,1
tables,1
taskmaster,1
conscience,1
businesslike,1
fellow-men,1
accountant,1
smaller,1
viands,1
accurately,1
earshot,1
wrinkles,1
annual,1
noisily,1
Slip,1
hurriedly,1
blandly,1
flourish,1
Morkan’s,1
wizen-faced,1
discrepancies,1
verified,1
rectify,1
bristled,1
summarily,1
terrifying,1
solicitous,1
texts,1
broader,1
Scriptures,1
wizened,1
variance,1
observer,1
assurance,1
echo,1
jerks,1
mammon,1
iniquity,1
dwellings,1
developed,1
pleasantry,1
lofty,1
elsewhere,1
charges,1
majority,1
designed,1
hop-bitters,1
Mammon,1
exemplars,1
cranny,1
thither,1
goodly,1
adapted,1
guidance,1
worldlings,1
professional,1
Prisoner,1
oratory,1
bridal,1
floury,1
wing,1
Star,1
well-laden,1
Sea,1
ungallant,1
napkin,1
counter-orders,1
corks,1
roast,1
intimacy,1
courtship,1
accompaniment,1
well-fed,1
expert,1
labels,1
squad,1
uniforms,1
insuperable,1
twenty-five,1
difficulties,1
unbearable,1
transverse,1
smartly,1
plunged,1
lavender,1
gracefully,1
irksome,1
wife’s,1
glass-stoppers,1
helpings,1
thoughtful,1
horseplay,1
plumped,1
alls,1
capturing,1
responsible,1
stuffing,1
preparatory,1
complexioned,1
production,1
debonair,1
removal,1
Lily’s,1
helplessness,1
merest,1
unheeded,1
practical,1
withdrew,1
compromised,1
celebrated,1
serving,1
protested,1
carving,1
Fogarty’s,1
quarrels,1
offices,1
opportune,1
loans,1
Nice,1
squads,1
decanters,1
leaf-shaped,1
thoroughly,1
influential,1
blade,1
particularised,1
astuteness,1
unpresentable,1
stalk-shaped,1
converted,1
development,1
side-thrusts,1
Catholicism,1
colleague,1
bunches,1
association,1
courts,1
Religion,1
blocks,1
appropriateness,1
bloody-minded,1
shallow,1
suffer,1
illusions,1
century,1
waters,1
immersions,1
philosophy,1
informed,1
Shakespeare’s,1
opinions,1
peculiar,1
peeled,1
roundly,1
scolded,1
vase,1
frequent,1
climate,1
intemperance,1
tea-merchant,1
stalks,1
upheld,1
pyramid,1
fruit-stand,1
sentries,1
draper’s,1
launched,1
healed,1
dutifully,1
apologised,1
resemble,1
proudly,1
Smyrna,1
rectangle,1
veteran’s,1
irritable,1
stinging,1
custard,1
nutmeg,1
husbands,1
impregnated,1
occasional,1
debts,1
Negro,1
eet,1
outsider,1
bracing,1
na’e,1
stalk,1
incipient,1
whistled,1
traces,1
incredulously,1
inspect,1
penny-piece,1
footing,1
removing,1
customers,1
sobered,1
mention,1
hurt,1
ongue,1
purest,1
Show,1
bone,1
prime,1
I’an’t,1
hit,1
directions,1
replenished,1
Midway,1
spoonfuls,1
transferred,1
regretted,1
sifted,1
ant,1
grinned,1
comfortable,1
washed,1
explanation,1
hospital,1
authoritative,1
neighbour,1
refused,1
signal,1
pencil,1
indite,1
unsettlings,1
suspicious,1
nudged,1
battered,1
sinners,1
Can,1
bones,1
candidly,1
mess,1
donation,1
monastery,1
coffins,1
helmet,1
committed,1
twirl,1
agile,1
ulster,1
deplorable,1
picking,1
sheltering,1
mouthful,1
liquid,1
Tietjens,1
saturated,1
companies,1
palate,1
canisters,1
battalion,1
Crowe,1
Murzka,1
E,1
de,1
Ilma,1
leaden,1
Burns,1
Georgina,1
mitigated,1
Gaiety,1
highest,1
esteemed,1
inexplicable,1
chieftain,1
intersected,1
pantomime,1
Mignon,1
Constabulary,1
legitimate,1
sharply,1
finest,1
methods,1
Campanini,1
filthy,1
Sha,1
Dinorah,1
operas,1
prima,1
donna,1
Lucrezia,1
Borgia,1
Milan,1
shell,1
obediently,1
gums,1
defiantly,1
clotted,1
unyoke,1
Soldier,1
Ravelli,1
Blackwhite,1
Giuglini,1
evoked,1
Modern,1
Trebelli,1
muster,1
Aramburo,1
gaiters,1
encores,1
articles,1
packed,1
clothing,1
shortened,1
capable,1
leather-bound,1
songbook,1
replace,1
casually,1
convenient,1
invisible,1
initials,1
hubby,1
perched,1
applauding,1
officiate,1
ironing,1
tartly,1
duckie,1
embellish,1
mustn’t,1
quizzing,1
blank,1
unnerved,1
ill-feeling,1
tormented,1
propagandism,1
faults,1
attracted,1
pitch,1
half-seven,1
Half-seven,1
evasive,1
irregular,1
musketry,1
acquiescence,1
Help,1
command,1
official,1
meek,1
depot,1
improved,1
thundering,1
Thirty,1
refractory,1
feed,1
bumpkins,1
clothe,1
slaving,1
reminiscence,1
bostooms,1
omadhauns,1
prodigy,1
boss,1
yahoos,1
showman,1
compliments,1
clap,1
proved,1
pegs,1
wad,1
sergeant,1
drill,1
illustrated,1
grotesque,1
shovel,1
feels,1
collection,1
particulars,1
Something,1
Were,1
persuasively,1
heckling,1
rabbit’s,1
conceit,1
reader,1
unworthy,1
continent,1
jump,1
relenting,1
weighing,1
another’s,1
Munno,1
enthusiast,1
orthodox,1
preach,1
discourse,1
pit,1
magnificent,1
placidly,1
rambled,1
theologian,1
common-sense,1
sermon,1
deliberated,1
banish,1
nettled,1
orator,1
priesthoods,1
honoured,1
conveyed,1
proposal,1
agencies,1
owed,1
enmity,1
conversing,1
reel,1
four-handed,1
gruff,1
scoundrels,1
charity,1
Own,1
occurred,1
D’ye,1
grandest,1
embrasure,1
adverting,1
interruption,1
cater,1
secular,1
threading,1
bumptious,1
Scotland,1
scenery,1
flies,1
fish,1
fisher,1
lakes,1
boyos,1
affront,1
Six,1
retch,1
Pain,1
phlegm,1
Mucus,1
challenge,1
thorax,1
professionally,1
Sub-Sheriff,1
Midland,1
animation,1
Railway,1
Times,1
inquiry,1
wringing,1
all’s,1
blankly,1
duly,1
detachment,1
assure,1
Ever,1
bona,1
hopelessly,1
monosyllable,1
Beannacht,1
sandy,1
departure,1
moody,1
sources,1
libh,1
information,1
periods,1
flock,1
useful,1
frill,1
devotions,1
crust,1
peppered,1
sacraments,1
shin,1
Heart,1
beliefs,1
scheme,1
steadily,1
minsters,1
Sacred,1
side-dishes,1
outer,1
bounded,1
sprigs,1
bite,1
creased,1
geese,1
shortest,1
forbid,1
trace,1
epileptic,1
Holy,1
banshee,1
stripped,1
parsley,1
Ghost,1
fide,1
travellers,1
equally,1
True,1
whipper-snappers,1
squared,1
straight-laced,1
relish,1
peloothered,1
defence,1
Harford’s,1
idiot,1
All’s,1
option,1
dancers,1
Decent,1
crusade,1
valises,1
choirs,1
victimised,1
citizenship,1
mutually,1
twisting,1
piano-stool,1
More,1
engagements,1
slaved,1
portmanteaus,1
enable,1
fulfil,1
imaginary,1
manifest,1
pacifically,1
sums,1
lending,1
usurious,1
Later,1
Loan,1
Goldberg,1
persuade,1
financier,1
overlook,1
fellow-travellers,1
origin,1
overstayed,1
buttoning,1
obscure,1
embraced,1
Healey,1
illiterate,1
bitterly,1
persuasion,1
scandal,1
usury,1
disapproval,1
exactions,1
proxy,1
pope’s,1
ethical,1
code,1
fellow-Catholics,1
smarted,1
patting,1
indignities,1
temples,1
beats,1
folly,1
Daybreak,1
verge,1
yachting,1
ruddy,1
rudeness,1
stupor,1
losers,1
Belle,1
stop,1
I.O.U."˜s,1
Newport,1
cheering,1
heaviest,1
bundled,1
shoved,1
corners,1
scant,1
rotundity,1
rubber,1
ravaged,1
winnowed,1
enforce,1
vigour,1
breeches,1
toreador,1
wheezing,1
jets,1
spilling,1
convulsed,1
cunning,1
rearranged,1
enjoyment,1
calculate,1
mistook,1
vraiment,1
Hohe,1
Roussel,1
rowboat,1
American’s,1
conviction,1
showers,1
Cadet,1
linked,1
ticket-collector,1
priestly,1
blended,1
ancient,1
serene,1
darkened,1
harbour,1
delightful,1
impromptu,1
Diamonds,1
Hearts,1
flinging,1
obscurely,1
wit,1
frequently,1
flashing,1
voluntaries,1
Cards,1
form’s,1
dribbled,1
devising,1
Hungary,1
United,1
America,1
States,1
recherche,1
afternoon,1
dialogues,1
judgments,1
delivering,1
aspirated,1
Florentines,1
servility,1
mockery,1
halo,1
smothered,1
great-coat,1
oily,1
globular,1
gut,1
sweated,1
weathers,1
parade,1
bulb,1
disturbed,1
flattery,1
Ditto,1
R,1
mug’s,1
moistened,1
brightened,1
meditate,1
disc,1
disbelieved,1
convincing,1
persuaded,1
subtle,1
raillery,1
affirmed,1
unbosoming,1
Circular,1
South,1
inherited,1
inspector,1
riddles,1
limericks,1
armed,1
insensitive,1
kinds,1
achieved,1
discourtesy,1
sporting,1
borders,1
adroitness,1
leech,1
Dorset,1
eloquence,1
policy,1
nimbly,1
snuff-box,1
associated,1
tissues,1
Pim’s,1
dodge,1
High,1
hairy,1
burly,1
skips,1
execute,1
Toast,1
Cigarettes,1
Waterhouse’s,1
spotted,1
doze,1
squeezed,1
roused,1
dairyman,1
vent,1
squeezing,1
noisiest,1
significant,1
nudges,1
profane,1
temporary,1
errors,1
previously,1
instincts,1
inheritor,1
shop-windows,1
competitors,1
confuse,1
Villona’s,1
suitable,1
Rapid,1
elates,1
Continentals,1
notoriety,1
limits,1
recklessness,1
careering,1
lordly,1
translate,1
pulse,1
machinery,1
traffic,1
busy,1
unmistakable,1
Moreover,1
intelligence,1
freak,1
latent,1
stake,1
mite,1
pots,1
shrewdness,1
shout,1
deft,1
catacombs,1
contracts,1
fortunate,1
merchant,1
prince,1
motoring,1
pronounce,1
suburbs,1
views,1
luncheon,1
satisfactory,1
Bonaparte,1
optimist,1
twenty-six,1
modified,1
innocent-looking,1
circles,1
term,1
freedom,1
cargo,1
merrily,1
Decidedly,1
hum,1
discovering,1
miles,1
charming,1
freed,1
excess,1
covertly,1
remonstrative,1
Rome,1
acquaintances,1
hotels,1
reputed,1
horns,1
motorists,1
undertook,1
ingenuously,1
instruments,1
mechanicians,1
prevail,1
spurious,1
ridicule,1
deploring,1
madrigal,1
dexterity,1
Englishman’s,1
framework,1
various,1
loosened,1
beauties,1
mildly,1
lutes,1
painters,1
cloud,1
strolled,1
mask,1
aromatic,1
cloaks,1
torrent,1
garments,1
significantly,1
Humanity,1
zeal,1
congenial,1
blackened,1
wake,1
aroused,1
doubly,1
torpid,1
elegantly,1
twined,1
inefficacious,1
northward,1
gazers,1
globes,1
haze,1
mingled,1
pronounced,1
staying,1
meanwhile,1
Near,1
tram-drivers,1
impatient,1
alighted,1
homage,1
dine,1
snorting,1
parents,1
trepidation,1
taste,1
exquisite,1
subtlety,1
increased,1
supped,1
snuff-stains,1
brush,1
grains,1
unusually,1
virtue,1
cities,1
eagerness,1
equation,1
commercially,1
unpurchaseable,1
secured,1
driving,1
Earl,1
naughty,1
hang,1
Umbrellas,1
sham,1
umbrellas,1
typist,1
madonna,1
perverse,1
vamped,1
polkas,1
thing-that,1
obscenities,1
using,1
handy,1
mits,1
waltzes,1
oblige,1
corn-factor’s,1
bootees,1
problems,1
dealt,1
perturbed,1
cleaver,1
deals,1
heat,1
promising,1
grow,1
intervene,1
shrewd,1
flirted,1
housework,1
typewriting,1
persistent,1
complicity,1
misunderstood,1
outsiders,1
chances,1
menace,1
baffled,1
uneasily,1
grimly,1
disciple,1
house-room,1
separation,1
composed,1
swerved,1
bouquet,1
reappeared,1
instrument,1
Anxiety,1
pant,1
Place,1
Ely,1
enlist,1
stooped,1
credit,1
cunningly,1
governed,1
excluded,1
occupations,1
chummy,1
Re-covered,1
Its,1
Liverpool,1
bailiff’s,1
veined,1
pencilled,1
shutters,1
Hardwicke,1
tourists,1
floating,1
breeze,1
ballooned,1
invented,1
lodgers,1
Drapery,1
thirteen,1
wine-merchant’s,1
half-hour,1
screw,1
Whereas,1
Bantam,1
Meade,1
brunt,1
evident,1
inexperience,1
patch,1
drapery,1
loud-voiced,1
Doran’s,1
pier-glass,1
decisive,1
magnified,1
detail,1
acute,1
afforded,1
loophole,1
else’s,1
brazen,1
pocket-handkerchief,1
jaws,1
shave,1
attempts,1
florid,1
unsteady,1
desist,1
fringed,1
reddish,1
Polly’s,1
ignorance,1
bacon-fat,1
morsels,1
eggs,1
bacon-rind,1
straw,1
collect,1
mad,1
children’s,1
breakfast-room,1
singly,1
peals,1
belfry,1
circus,1
self-contained,1
Breakfast,1
demeanour,1
crusts,1
Tuesday’s,1
outraged,1
Marlborough,1
eleven,1
abused,1
consisted,1
thirty-five,1
thirty-four,1
ringing,1
instinctively,1
reconstruct,1
butter,1
bread-pudding,1
connived,1
innocence,1
tolerance,1
divined,1
pricked,1
intimation,1
scented,1
turns,1
executed,1
scrutiny,1
finery,1
clip,1
depress,1
buckle,1
saluting,1
conqueror,1
introduction,1
S,1
grin,1
formerly,1
Corner,1
sauntered,1
Work,1
mother-of-pearl,1
boa,1
angle,1
salute,1
projecting,1
Hotel,1
Rev,1
timing,1
stepping,1
contented,1
unabashed,1
disordered,1
collarette,1
tulle,1
bunch,1
noted,1
muscular,1
approvingly,1
Let’s,1
sunshade,1
ticklish,1
confessed,1
Ecod,1
sixty-five,1
reassurance,1
insistent,1
toss,1
Time,1
Twenty,1
kid,1
disbelieve,1
philosophically,1
Honest,1
Base,1
skipped,1
betrayer,1
insect,1
ruffle,1
Silent,1
strangers,1
alike,1
Moyle,1
careered,1
trams,1
Catherine’s,1
coverings,1
heedless,1
Nassau,1
appreciation,1
smooth,1
porch,1
Meath,1
heedlessly,1
plucked,1
pivot,1
climbing,1
Experience,1
thirty-one,1
intrigues,1
embittered,1
vanquished,1
halfpenny,1
simple-minded,1
shifts,1
tail,1
lovers,1
beheld,1
mentally,1
energetic,1
gallantries,1
knocking,1
poverty,1
telegram,1
Hall,1
situation,1
thrills,1
pangs,1
doorknocker,1
calmed,1
curse,1
half-an-hour,1
successfully,1
cigarettes,1
thinned,1
Markets,1
billiard,1
briskly,1
northern,1
ribbon,1
hurrying,1
greedily,1
vinegar,1
elements,1
1st,1
listlessly,1
morosely,1
trivial,1
poor-looking,1
suited,1
idly,1
variations,1
Duke’s,1
forsake,1
1895,1
Lawn,1
movements,1
scale,1
padded,1
Refreshment,1
flying,1
gentility,1
belie,1
Bring,1
entry,1
grocer’s,1
pepper,1
seasoned,1
breakfast-time,1
grudging,1
Ale,1
Beer,1
inscriptions,1
exposed,1
segment,1
warily,1
plum-pudding,1
appointed,1
unexpectedly,1
seasons,1
adding,1
sofa,1
gready,1
happiest,1
crackers,1
sentiments,1
undoubtedly,1
goodday,1
tapping,1
ashen-grey,1
sipping,1
jerry,1
wine-glass,1
stem,1
retrace,1
fifty,1
Lytton,1
cream,1
lowered,1
cavernous,1
orbit,1
mysteriously,1
overhear,1
surrounding,1
varying,1
circling,1
shivered,1
gaps,1
Scott’s,1
bookworm,1
totties,1
pertly,1
disliked,1
groped,1
greenish-black,1
shabbily,1
corpse,1
planks,1
rate,1
sultry,1
grocers,1
sedulously,1
bleaching,1
decipher,1
vessel,1
sofa-pillow,1
voyage,1
solemnity,1
discharging,1
threemaster,1
Norwegian,1
bystander,1
fishermen,1
peaceful,1
jaded,1
cheerfulness,1
regained,1
lain,1
lazily,1
hip,1
fortunes,1
anointed,1
suggest,1
Refreshed,1
huckster’s,1
dairy,1
lane,1
ridge,1
project,1
Dodder,1
retaining,1
loosely,1
Abbot,1
paper-covered,1
Among,1
Devout,1
Communnicant,1
apple-tree,1
Vidocq,1
Memoirs,1
littered,1
Air,1
hallooed,1
stratagem,1
bravery,1
penitent,1
despised,1
coffined,1
tenant,1
bushes,1
tenant’s,1
lanes,1
muddy,1
shouts,1
gauntlet,1
tribes,1
odours,1
cottages,1
stung,1
lanterns,1
charitable,1
bicycle-pump,1
rusty,1
dinners,1
dusky,1
violet,1
ever-changing,1
ankles,1
beating,1
reply,1
aimlessly,1
Desisting,1
indignantly,1
chastising,1
unruly,1
hooked,1
escaladed,1
chase,1
exclaim,1
copious,1
vested,1
josser,1
trodden,1
Smith,1
asks,1
slap,1
clumsily,1
Lest,1
plead,1
monotonously,1
betray,1
delayed,1
good-day,1
pretending,1
unfolding,1
mutterings,1
distracted,1
involuntarily,1
sentiment,1
bottle-green,1
twitching,1
liberalism,1
recent,1
transported,1
toll,1
weariness,1
holidays,1
wearisome,1
schoollife,1
comer,1
scrupulous,1
miching,1
planned,1
boy’s,1
warfare,1
restraining,1
consciences,1
affected,1
merciful,1
hunger,1
chronicles,1
sensations,1
Rush’s,1
collecting,1
new-fangled,1
ashpit,1
nearest,1
mild,1
June,1
canvas,1
coping,1
carriages,1
firstcomer,1
rheumatic,1
wheels,1
cheap,1
arrangements,1
eve,1
mates,1
Till,1
paled,1
mope,1
fierce,1
unkempt,1
detective,1
diffused,1
unruliness,1
vocation,1
Nevertheless,1
differences,1
constitution,1
waived,1
banded,1
Indians,1
studious,1
lacking,1
related,1
robustness,1
clumsy,1
incredulous,1
confession-box,1
studying,1
Apache,1
keys,1
writes,1
rebuke,1
advise,1
rubbish,1
wide-awake,1
Marvel,1
Halfpenny,1
Ya,1
Wide-awake,1
dawned,1
palpitated,1
Everyone’s,1
diligently,1
pipeclayed,1
groaning,1
drivers,1
immobility,1
carts,1
lunches,1
currant,1
Wasn’t,1
engines,1
cranes,1
kindness,1
Ryan,1
guessing,1
reward,1
eternal,1
flanked,1
Indeed,1
buns,1
insurance,1
masts,1
skit,1
discharged,1
geography,1
scantily,1
recede,1
dosed,1
sailingvessel,1
fleet,1
commerce,1
piping,1
metal,1
barges,1
curls,1
James’s,1
woolly,1
revenged,1
siege,1
improvements,1
soup,1
breviary,1
birds,1
slang,1
Mind,1
Bunser,1
pat,1
granite,1
tramload,1
docile,1
overnight,1
Irishtown,1
mall,1
slanted,1
sunlight,1
Fatty’d,1
forfeit,1
dark-complexioned,1
troop,1
objected,1
badge,1
cricket,1
Iron,1
Smoothing,1
chivalry,1
unloaded,1
Vitriol,1
Strand,1
tanner,1
Works,1
Indian,1
brandishing,1
communing,1
ashpits,1
odorous,1
unspeakably,1
squabble,1
invariable,1
simplest,1
squander,1
Sunday’s,1
buying,1
hard-earned,1
decorating,1
protect,1
undertake,1
Gavan,1
advertisement,1
secrecy,1
Eucharist,1
threaten,1
palpitations,1
elbowed,1
load,1
Girl,1
imperfections,1
complex,1
elated,1
unaccustomed,1
courting,1
venial,1
peaked,1
mysterious,1
undesirable,1
meals,1
hr,1
explore,1
open-hearted,1
lodging,1
night-boat,1
Directory,1
Melbourne,1
crunching,1
pavement,1
concrete,1
cinder,1
brick,1
Dunns,1
Devines,1
Few,1
vanity,1
wares,1
lingered,1
guards,1
pennies,1
Gazing,1
derided,1
creature,1
cripple,1
elucidating,1
print,1
harmonium,1
yellowing,1
promises,1
Blessed,1
Alacoque,1
Margaret,1
dusted,1
reviewing,1
newspaper,1
blackthorn,1
hunt,1
nix,1
Tizzie,1
Home,1
Dunn,1
lass,1
Poppens,1
Amid,1
frenzy,1
clutched,1
Evvy,1
rushed,1
recognition,1
passive,1
barrier,1
drown,1
clanged,1
direct,1
maze,1
portholes,1
blew,1
booked,1
prayer,1
nausea,1
virtual,1
victors,1
Canadian,1
electrician,1
Charles,1
ceremonies,1
neatly,1
Doyle,1
groomed,1
Gallicism,1
vestments,1
Belgian,1
solidly,1
team,1
worn,1
cheer,1
trimly,1
smiles,1
sheds,1
baggages,1
lover,1
forbidden,1
Patagonians,1
deepened,1
lap,1
picnic,1
ghost,1
Magellan,1
Straits,1
ship,1
countries,1
tales,1
Allan,1
Line,1
sailed,1
Canada,1
bonnet,1
inhaling,1
constantly,1
craziness,1
sacrifices,1
Escape,1
unhappy,1
Wall,1
fold,1
pitiful,1
mused,1
organ-player,1
Italy,1
cretonne,1
strutting,1
sickroom,1
Italians,1
Damned,1
eastern,1
jars,1
impinge,1
panes,1
toil,1
incessant,1
needles,1
gleamed,1
beds,1
sodden,1
adoration,1
pour,1
native,1
troubles,1
ballad,1
converged,1
single,1
foes,1
throng,1
veil,1
interrogatively,1
chafed,1
tedious,1
annihilate,1
classroom,1
luxuriated,1
enchantment,1
Eastern,1
waking,1
follies,1
wrist,1
bracelet,1
unseemly,1
caps,1
spikes,1
innumerable,1
bowing,1
Rossa,1
O’Donovan,1
half-opened,1
defined,1
resignedly,1
teased,1
obeyed,1
rope,1
dead-room,1
peer,1
beckon,1
combed,1
coachman,1
stables,1
buckled,1
harness,1
housed,1
areas,1
sash,1
leaped,1
barrels,1
shop-boys,1
litanies,1
nasal,1
chanting,1
come-all-you,1
street-singers,1
curses,1
bargaining,1
summons,1
beckoned,1
diverged,1
hostile,1
banister-rail,1
jostled,1
flaring,1
window-panes,1
Freemason,1
dial,1
nostril,1
improvised,1
sixpenny,1
turnstile,1
girdled,1
weary-looking,1
porters,1
ruinous,1
Buckingham,1
strode,1
florin,1
thronged,1
buyers,1
intolerable,1
third-class,1
height,1
pinches,1
thrice,1
responses,1
pattered,1
Observing,1
halting,1
humbly,1
encouraging,1
remarked,1
pushing,1
salver,1
Chantant,1
Cafe,1
Remembering,1
porcelain,1
sets,1
flowered,1
uncover,1
Steed,1
antique,1
irritate,1
ticking,1
liberated,1
velvet,1
garrulous,1
brown-clad,1
misgave,1
pitilessly,1
sternness,1
amiability,1
Persia,1
patience,1
fussing,1
customs,1
hat-brush,1
widow,1
stamps,1
energetically,1
midway,1
rocking,1
You’ve,1
discoloured,1
Farewell,1
Arab’s,1
halldoor,1
latchkey,1
Cotter’s,1
tea-table,1
endure,1
uneasy,1
clenching,1
uncle’s,1
fists,1
leap,1
rasping,1
deliberate,1
defiant,1
steady,1
swoon,1
iris,1
half-disclosed,1
reasserted,1
sensibility,1
marked,1
permanently,1
thinly,1
Rotunda,1
adventureless,1
peopled,1
distressing,1
Rosicrucian,1
prophecy,1
prudence,1
moulding,1
underhand,1
distaste,1
Holland,1
compelled,1
stealthily,1
dismissed,1
visits,1
plying,1
mercantile,1
definitely,1
defiance,1
fullness,1
Earlsfort,1
Terrace,1
Leghorn,1
great-great-grandfather,1
evenly,1
hank,1
midday,1
beggars,1
alms,1
lager,1
trayful,1
eating-house,1
arrowroot,1
tense,1
predicate,1
greet,1
harshness,1
harsh,1
redeeming,1
side-glasses,1
compose,1
autobiographical,1
o,1
gilded,1
conceded,1
dignity’s,1
performed,1
conventions,1
regulate,1
rob,1
civic,1
relatives,1
communion,1
roaming,1
landlady’s,1
honesty,1
liking,1
Mozart’s,1
creed,1
dissipations,1
sincerely,1
pleasures,1
impersonal,1
angelical,1
emotionalised,1
insisting,1
loneliness,1
passionately,1
discourses,1
cannot,1
edges,1
vibrated,1
companionship,1
subjects,1
cottage,1
soil,1
exotic,1
isolation,1
refraining,1
ruined,1
cakeshop,1
Love,1
sheaf,1
Science,1
junior,1
moderately,1
corned,1
dessert,1
Gay,1
Zarathustra,1
orderliness,1
collapse,1
sorrow,1
encumbered,1
Nietzsche,1
Spake,1
Thus,1
impresarios,1
arts,1
inefficient,1
score,1
amidst,1
oil-lamp,1
sections,1
attendances,1
discontinued,1
Party,1
Socialist,1
provided,1
incongruity,1
opportunities,1
theories,1
maternal,1
assisted,1
confessor,1
workmen’s,1
discussions,1
incapable,1
phrasemongers,1
compete,1
consecutively,1
sixty,1
obtuse,1
criticisms,1
scorn,1
centuries,1
hard-featured,1
inordinate,1
timorous,1
realists,1
exactitude,1
revolution,1
leisure,1
unamiable,1
tint,1
half-crowns,1
Whit-Monday,1
Present,1
coppers,1
them;-but,1
break-up,1
Mamma,1
accustomed,1
clasps,1
Ballsbridge,1
veritable,1
tubs,1
Over,1
peace-maker,1
sub-matron,1
irons,1
Board,1
Lamplight,1
plants,1
barmbrack,1
superintended,1
tin,1
Lizzie,1
Eves,1
sparkled,1
grey-green,1
petticoats,1
threes,1
slips,1
wax-plants,1
ferns,1
tracts,1
genteel,1
twos,1
women’s,1
soothingly,1
thigh,1
smahan,1
Pony,1
gab,1
sullen-faced,1
smouldering,1
discontented,1
revengefulness,1
knack,1
familiarity,1
accordingly,1
national,1
uphold,1
humiliation,1
stripling,1
victor,1
peony,1
reeking,1
swelled,1
walking-stick,1
furiously,1
banged,1
whimpering,1
wildly,1
squeal,1
whelp,1
mutton,1
Charlie,1
barracks,1
choked,1
Pardon,1
loathed,1
bawled,1
Me,1
sharp-faced,1
mug,1
clattered,1
descended,1
blindfolding,1
blindfold,1
scuffling,1
whispering,1
McCloud’s,1
Somebody,1
flesh,1
prefer,1
overbearing,1
outright,1
solution,1
nutcrackers,1
crack,1
weren’t,1
nutcracker,1
Reel,1
reminiscences,1
betokened,1
abhorred,1
Balfe,1
physical,1
medival,1
nipper,1
saturnine,1
boast,1
riches,1
Dwelt,1
Dreamt,1
quavering,1
dwelt,1
vassals,1
assembled,1
serfs,1
stealing,1
accused,1
ferreted,1
independent,1
barely,1
cake-shop,1
laden,1
cake,1
plenty,1
facing,1
tidy,1
house-boots,1
tea-things,1
asunder,1
dress-boots,1
quaint,1
adorned,1
diminutive,1
almond,1
icing,1
agreeably,1
thanked,1
hems,1
terrace,1
divide,1
nowhere,1
papa,1
demure,1
favoured,1
parcelled,1
wedding-cake,1
suiting,1
Two-and-four,1
Education,1
chat,1
colonel-looking,1
water-carafe,1
deposit,1
bowsy,1
amn’t,1
Nineteen,1
Freemason’s,1
Am,1
jacket-coat,1
lads,1
Imminent,1
sees,1
th’upper,1
boosing,1
Brothers,1
who’d,1
someway,1
cocks,1
impudence,1
ruins,1
hearth,1
stumbling,1
Corporation,1
Hasn’t,1
publican,1
shoneens,1
hunker-sliding,1
0f,1
represent,1
bricklayer,1
scornfully,1
heaped,1
denuded,1
thrust,1
Has,1
lurch,1
Colgan,1
satirically,1
fan,1
strip,1
moment’s,1
handiwork,1
undid,1
lick,1
falsetto,1
this’ll,1
pack,1
shapely,1
pimples,1
pounding,1
reiterating,1
drone,1
reality,1
principle,1
blotches,1
disfigured,1
selected,1
MUNICIPAL,1
Wicklow,1
Room,1
inclement,1
e,1
sixth,1
tore,1
dismal,1
Tierney’s,1
Exchange,1
EXCHANGE,1
ROYAL,1
ELECTIONS,1
WARD,1
Richard,1
solicits,1
P.L.G,1
working-classes,1
represented,1
spying,1
sponging,1
carat,1
cigarette-papers,1
hillsiders,1
hacks,1
jokers,1
fenians,1
Larry,1
twig,1
snuffled,1
bye,1
Eddie,1
copiously,1
hissing,1
spy,1
camp,1
nobleman,1
cock-eye,1
candlelight,1
layman’s,1
clergyman’s,1
raindrops,1
rosy,1
jumping,1
indicated,1
actor,1
clergyman,1
Major,1
descendant,1
lineal,1
Sirr,1
bended,1
resembling,1
Almighty,1
It’ll,1
shoving,1
displaying,1
spondulics,1
kowtowing,1
Musha,1
bustling,1
vacated,1
snuffling,1
Rex,1
monarch,1
workingman,1
produces,1
kicks,1
jobs,1
nephews,1
mud,1
drag,1
serve,1
Aungier,1
lumps,1
Dicky’s,1
moya,1
Thats,1
how-do-you-do,1
bailiffs,1
stump,1
Mary’s,1
hand-me-down,1
it’ll,1
nominators,1
memoranda,1
snuffle,1
terrific,1
forgets,1
speed,1
laborious,1
laboriously,1
57,1
Constable,1
ambulance,1
corroborated,1
Dr,1
surgeon,1
assistant,1
Halpin,1
arrival,1
pending,1
Sergeant,1
Police,1
Witness,1
Croly,1
deposed,1
waiting-room,1
apparently,1
fractured,1
severe,1
patent,1
bridges,1
precaution,1
crossings,1
officials,1
Rotterdam,1
Leoville,1
Finlay,1
Patterson,1
normal,1
caused,1
contusions,1
Death,1
due,1
B,1
action,1
juror,1
buffer,1
sighing,1
irregularly,1
issuing,1
condensed,1
wintry,1
Secreto,1
reads,1
slackened,1
leads,1
buff,1
mouthfuls,1
grease,1
Mail,1
peeping,1
reefer,1
side-pocket,1
LADY,1
AT,1
sustaining,1
thereby,1
killed,1
employment,1
guard’s,1
Dunne,1
response,1
forty-three,1
Emily,1
Painful,1
PARADE,1
SYDNEY,1
Case,1
Today,1
inquest,1
Leverett,1
twenty-two,1
intemperate,1
images,1
evoking,1
yawning,1
comedy,1
deception,1
bleak,1
openly,1
Herald,1
sprawled,1
County,1
estate,1
discussing,1
pint,1
spitting,1
spits,1
sawdust,1
alleys,1
withheld,1
goods,1
Beyond,1
creatures,1
Kingsbridge,1
worm,1
obstinately,1
fiery,1
prostrate,1
ignominy,1
base,1
hospitably,1
Magazine,1
venal,1
furtive,1
rectitude,1
gnawed,1
workingmen,1
venture,1
threadbare,1
Lucan,1
landscape,1
inane,1
expressions,1
tract,1
cautious,1
cheerless,1
accidents,1
jury,1
League,1
induced,1
verdict,1
accordance,1
possibility,1
exonerated,1
vice,1
miserable,1
harsher,1
interpreted,1
utterly,1
approving,1
attacking,1
obsequiously,1
threshold,1
deceived,1
sunk,1
wretches,1
hobbling,1
malodorous,1
unfit,1
prey,1
civilisation,1
wrecks,1
boasting,1
feats,1
shapeless,1
unhealthy,1
slate-colour,1
colourless,1
sympathetic,1
pulls,1
Galaher,1
denial,1
bluish,1
cropped,1
garcon,1
Spoils,1
mineral,1
halves,1
Dear,1
aging,1
desired,1
Always,1
scurry,1
Boose,1
Commission,1
Land,1
atom,1
mornings,1
choice,1
blankets,1
clinked,1
modestly,1
deuced,1
printers,1
proofs,1
Does,1
ton,1
diluted,1
Water,1
Lithia,1
Soda,1
maturity,1
thirty-two,1
horizon,1
moods,1
impressions,1
Melancholy,1
poet’s,1
inartistic,1
nearer,1
arise,1
bid,1
panorama,1
begone,1
poetic,1
stepped,1
infant,1
dominant,1
recurrences,1
Finally,1
indecision,1
ardently,1
doorways,1
errand,1
hero,1
vicious,1
insert,1
Irish-looking,1
sway,1
simple,1
resignation,1
kindred,1
critics,1
sadness,1
wistful,1
That’d,1
Beautiful,1
bliss,1
connubial,1
joys,1
wishes,1
yours,1
Son,1
shoot,1
tons,1
paralytic,1
relaxation,1
secrets,1
revealed,1
caste,1
practices,1
fashionable,1
jog-along,1
duchess,1
slapped,1
sonorously,1
clinch,1
d’honneur,1
parole,1
bargain,1
a.p,1
doruis,1
deoc,1
deferred,1
ice,1
childishly,1
confusedly,1
Bravo,1
earlier,1
card-party,1
skip,1
considerately,1
vouch,1
Berlin,1
sips,1
they’ve,1
enviously,1
catholic,1
spicy,1
students,1
bits,1
gaudy,1
competition,1
Rouge,1
Moulin,1
barman’s,1
removed,1
cafes,1
reciprocated,1
Hot,1
balls,1
instance,1
pictures,1
sketch,1
historian’s,1
corruption,1
rife,1
vices,1
summarised,1
refuge,1
emerging,1
timid,1
Parisienne,1
cocottes,1
half-a-dozen,1
Francois,1
cigar-case,1
Will,1
soot,1
riverbanks,1
return-room,1
bulldog,1
Bass,1
musichall,1
blond,1
shouting,1
Jack’s,1
Londoner,1
Britain,1
discomfiture,1
moisture,1
dimmed,1
Going,1
registered,1
fly,1
implacable,1
force,1
looking-glass,1
towel,1
absolve,1
simoniac,1
lunch-time,1
average,1
fragile,1
half-moons,1
silken,1
Chandler’s,1
patiently,1
profile,1
refreshed,1
water-jug,1
readjusted,1
hairpin,1
perturbation,1
reverie,1
moaning,1
missus,1
grammar,1
had’ve,1
imagine,1
despise,1
helplessly,1
patient,1
comforted,1
nine-tenths,1
Newspaper,1
sown,1
diligence,1
industry,1
oats,1
free-thinking,1
Reynolds’s,1
public-houses,1
caresses,1
relight,1
tumbler,1
windy,1
thoughtfulness,1
goodnights,1
passes,1
warned,1
applying,1
warmed,1
steadied,1
flannel,1
combing-jacket,1
gust,1
instep,1
furry,1
wrists,1
slippers,1
perfect,1
paralysis,1
Atalantas,1
wraps,1
alight,1
apprehensively,1
courted,1
darkest,1
causes,1
cavaliers,1
richly,1
roystered,1
nobility,1
mansions,1
oysters,1
liqueurs,1
Walking,1
waiters,1
narrowest,1
spread,1
inelegance,1
light-heartedly,1
sayings,1
succeed,1
pitied,1
tramps,1
stunted,1
slight,1
remembrance,1
greatness,1
reviewed,1
fugitive,1
mix,1
borrowed,1
transaction,1
shady,1
spectral,1
vermin-like,1
paths,1
drowsed,1
decrepit,1
fortune,1
wisdom,1
bequeathed,1
ages,1
nurses,1
untidy,1
necessitous,1
spittle,1
childish,1
guise,1
tiresome,1
shower,1
plots,1
bachelor,1
bookshelf,1
gaping,1
crawled,1
populated,1
squatted,1
mice,1
picked,1
thresholds,1
grimy,1
horde,1
punctiliously,1
fellow-clerks,1
consoled,1
emerged,1
feudal,1
waning,1
Henrietta,1
vernacular,1
establishing,1
astounded,1
felicitous,1
egg-shaped,1
author,1
witticism,1
dwarf,1
twitched,1
hue,1
manikin,1
faithful,1
utterance,1
revel,1
ached,1
barometer,1
emotional,1
abuse,1
anticipation,1
vibrate,1
knob,1
establishments,1
mimicking,1
overheard,1
aching,1
fingering,1
dart,1
watch-chain,1
hour’s,1
revengeful,1
hornet’s,1
abject,1
instanter,1
nest,1
hounded,1
savage,1
Peake,1
singlehanded,1
sheet,1
February,1
gaining,1
grope,1
Eustace,1
re-entered,1
Five,1
absentmindedness,1
seed,1
caraway,1
dived,1
rickety,1
plaid,1
red-nosed,1
filling,1
gulp,1
inflamed,1
gulped,1
required,1
clicking,1
post,1
typed,1
rattle,1
punches,1
execrate,1
fourteen,1
incomplete,1
intently,1
bars,1
finishing,1
hopeless,1
middle-aged,1
stayed,1
swivelled,1
feather,1
sooner,1
alley,1
tincture,1
chaffed,1
token,1
Poolbeg,1
specials,1
Funds,1
Much,1
leered,1
introduce,1
acrobat,1
performing,1
matchsellers,1
definite,1
Tim,1
scenes,1
protesting,1
Presently,1
scarf,1
rounds,1
pardon,1
fascinated,1
particularly,1
Apolinaris,1
sponge,1
hated,1
oblique,1
impressionable,1
wound,1
muslin,1
peacock-blue,1
knotted,1
gloves,1
admiringly,1
reaching,1
whining,1
drizzling,1
trolleys,1
office-girls,1
masterfully,1
sniffed,1
curling,1
preconsidered,1
fumes,1
editions,1
yelling,1
literally,1
consignor,1
Temple,1
joyfully,1
thumb,1
urchins,1
footpaths,1
coolly,1
Davy,1
nabs,1
roared,1
exhilarating,1
stray,1
Duke,1
Rain,1
bevelled,1
vivacity,1
poisons,1
Callan’s,1
tailors,1
Byrne’s,1
Fownes’s,1
shepherds,1
naming,1
eclogues,1
shepherd’s,1
complete,1
crumpled,1
extract,1
Bewley’s,1
horn,1
agony,1
striving,1
piled,1
nervousness,1
coffee,1
stale,1
rotten,1
Jews,1
Germans,1
calmer,1
tying,1
wry,1
tasting,1
blushes,1
securely,1
hire,1
longing,1
voluptuous,1
hi,1
prim,1
Byron’s,1
published,1
Oriental,1
Jewesses,1
Certainly,1
swindle,1
price,1
composure,1
repelled,1
rapture,1
defied,1
thousands,1
hundreds,1
tawdry,1
inferior,1
unjust,1
journalism,1
timidity,1
assert,1
vindicate,1
contrast,1
acutely,1
abstinent,1
unfinished,1
trifle,1
sharing,1
triumphant,1
sensitive,1
equipoise,1
rim,1
smacked,1
there’ll,1
dollar,1
bottom,1
mooning,1
spooning,1
cash,1
vehemently,1
bet,1
occurs,1
slate-blue,1
blooming,1
decisively,1
emphasised,1
betrayed,1
flinch,1
heightened,1
Hushed,1
winds,1
pink,1
documents,1
gold-rimmed,1
egg,1
reposing,1
Kirwan,1
complain,1
inscription,1
brass,1
Lambabaun,1
frightened,1
ou,1
Mamma’s,1
lamb,1
whites,1
remorse,1
Kindly,1
attend,1
imbecile,1
lifting,1
slake,1
inquiringly,1
indicate,1
hat-rack,1
objective,1
ink,1
searching,1
skull,1
Understand,1
shirking,1
amp,1
gauging,1
night’s,1
fragility,1
mannie,1
heed,1
keener,1
rock,1
describe,1
rocked,1
faster,1
Within,1
stanza,1
tbe,1
scatter,1
wanders,1
Zephyr,1
e’en,1
grove,1
Whilst,1
tomb,1
Margaret’s,1
cell,1
reclines,1
quivering,1
contracted,1
convulsively,1
snatched,1
hatred,1
Giving,1
stammer,1
sobbed,1
soothe,1
scream,1
prisoner,1
drum,1
sob,1
piteously,1
anew,1
bursting,1
indulgent,1
