8216;COME,1
8216;Christ,1
8216;Il,3
A,222
A.M.D.G,1
ABOUT,2
ACROSS,1
AD,6
ADRIFT,1
ALE,1
ALL,4
ALLA,1
ALWAYS,1
AM,2
AMEN,2
AN,1
AND,32
ANGELS,3
ANY,1
APPETITUS,1
APPLE,1
APPROACHING,1
APRIL,14
AQUAM,1
ARE,2
AROMATIZANS,1
ARREST,1
ART,1
AS,3
ASPERA,1
ASTRA,1
AT,2
ATQUE,1
ATROX,2
AUT,1
AVORIO,1
AWAY,3
Abbey,3
About,3
Above,2
Adam,6
Addison,1
Addressing,1
Adelphi,2
Admit,5
Afraid,3
Africa,1
After,8
Again,4
Against,2
Agincourt,1
Agrippa,1
Ah,9
Air,1
Alas,2
Alec,1
Aleel,1
Alighieri,1
All,40
All-knowing,1
All-seeing,1
Alleghanies,1
Allen,1
Ally,1
Almighty,3
Alone,1
Along,1
Aloysius,2
Alphonsus,2
Already,1
Also,1
Always,1
Am,1
Amana,1
Amen,6
America,2
American,2
Amerikay,1
Amid,1
Among,1
An,19
And,185
Andwith,1
Angry,1
Annoyed,1
Another,6
Anselm,1
Anthony,3
Anthonys,1
Any,3
Anything,2
Anywhere,1
Ao,3
Apologize,4
Apply,1
Aquinas,12
Are,23
Aristotle,3
Aristotles,2
Arklow,2
Armagh,1
Arnall,22
Arnalls,4
Art,2
Articles,1
As,24
Asiatic,1
Ask,4
Asked,4
At,31
Athy,16
Athys,1
Attacked,1
Aubrey,4
Augustine,2
Avenue,1
Away,5
Ay,6
B.V.M,1
BACULUS,1
BALLUM,1
BALSAMUM,1
BE,5
BEAUTY,3
BEDIMMED,1
BEEN,1
BERGAMASCA,1
BESEECH,2
BETTER,3
BLARNEY,1
BLEAK,1
BLESSINGS,1
BLINDED,3
BLOCK,1
BLUE,1
BOMBADOS,1
BONUM,1
BOWER,1
BREATHING,1
BRIDE,1
BRIGHT,3
BURY,1
BUT,5
BY,2
Babylonian,1
Bah,1
Bairds,1
Balbus,1
Baldhead,2
Baldwin,3
Baldyhead,3
Ballyhoura,1
Banish,1
Bantry,1
Barnardos,1
Barnes,1
Barrett,3
Bartons,1
Be,2
Bearded,1
Beauty,1
Because,6
Becauseboro,1
Bective,1
Bedad,2
Before,5
Began,2
Begotten,1
Behave,1
Behind,1
Being,2
Belfast,1
Belgium,3
Bellew,1
Belly,1
Belvedere,6
Belvedereans,1
Ben,2
Bend,1
Berchmans,1
Bertie,2
Beside,2
Besides,1
Betty,1
Beware,1
Billy,1
Bishop,1
Blackrock,5
Blake,2
Blasphemer,1
Blasphemy,1
Blast,2
Bless,1
Blessed,15
Blinded,1
Bob,1
Bodenstown,1
Bodily,1
Boland,11
Bonaventure,2
Bond,1
Boody,1
Book,2
Borgo,1
Both,1
Boundless,1
Bous,4
Boy,1
Boyle,5
Boys,1
Brand,1
Bravo,1
Bray,1
Brightness,1
Brigid,2
Bring,1
Broke,2
Brother,20
Bruno,2
Buck,2
Bull,2
Bulls,2
Burnchapel,1
Bury,1
Bushe,1
Buskins,1
But,166
Butter,1
Buttevant,2
Buy,2
By,17
Byrd,1
Byrne,2
Byron,6
Byrons,2
C,1
CALL,1
CAME,1
CAMPIS,1
CANTAT,1
CARMINE,1
CAST,2
CEASE,1
CEDRUS,1
CHAIR,1
CHAP,1
CHILDREN,1
CHRIST,2
CHURCHA,1
CHURCHYARD,1
CINNAMOMUM,1
CLARITAS,3
COME,1
COME-ALL-YOU,1
COME-ALL-YOUS,1
COMELINESS,1
COMETH,1
COMIC,1
COMMORABITUR,1
CONCINIT,1
CONFITEOR,3
CONSONANTIA,2
CORNELIUS,1
CORPUS,2
COULD,1
COUNT,1
COW,1
CREATURE,1
CREATURES,1
CREDO,2
CRISTO,1
CUM,1
CUPRESSUS,1
CURSED,2
Cabinteely,1
Caesar,1
Calico,1
Call,1
Calvary,1
Cambrensis,1
Campbell,1
Can,10
Cancer,1
Canker,2
Cannot,1
Cantwell,2
Captain,1
Cardinal,2
Carrickmines,1
Carry,1
Carysfort,1
Casey,35
Caseys,2
Cashman,2
Castletownroche,1
Catherine,1
Catholic,1
Caught,1
Cavalcanti,1
Cecil,9
Ceremony,1
Certainly,2
Channel,1
Chapel,2
Charles,30
Cheer,1
Cheers,1
China,1
Chinese,2
Christ,14
Christian,1
Christmas,9
Christopher,1
Christy,2
Church,3
City,4
Clanbrassil,1
Clane,5
Clarks,1
Class,1
Claude,1
Clongowes,22
Clonliffe,1
Clontail,1
Clontarf,1
Closing,1
Coat,1
College,2
Collins,4
Come,12
Coming,2
Company,1
Confess,4
Conmee,1
Connolly,1
Conscious,1
Consciousness,1
Consider,2
Contrahit,1
Copt,1
Copy,1
Corbet,1
Cork,12
Corkonian,1
Cornelius,1
Cornwallis,1
Cornwells,1
Corrigan,4
Corrigans,1
Could,3
County,1
Coupling,1
Covent,1
Cranly,124
Cranlys,16
Creator,4
Creatures,1
Cripes,1
Crocodile,1
Crokes,2
Crosby,1
Cross,2
Crossing,1
Cullen,1
Cunning,1
Cusack,1
D,2
DAMNI,1
DAMNO,1
DANGEROUS,2
DARK,1
DAVID,1
DAY,1
DEAR,1
DEDALUS,3
DEDI,2
DEI,2
DENARIORUM,1
DEPART,2
DEPTHS,1
DESIRE,1
DETAIN,1
DETAINING,1
DEUS,1
DEVIL,2
DICENDO,1
DIEU,2
DINNER,1
DISCRIMINE,1
DISEASES,1
DIVI,1
DOES,1
DOLAN,2
DOMINI,2
DOlier,1
DRIVE,2
DROWNDED,1
DUES,1
DWELL,1
Dalkey,1
Daly,1
Damascus,1
Damn,6
Dan,1
Danes,1
Dante,50
Dantes,1
Dark,1
Darkness,2
David,1
Davin,25
Davins,7
Davitt,2
Dead,1
Dear,1
Death,4
Decollation,1
Dedalos,1
Dedalus,120
Dedaluss,1
Delightful,1
Depart,1
Depends,1
Desire,1
Devil,2
Devotion,1
Did,19
Didnt,5
Dilectus,1
Dingdong,1
Dinner,1
Disapprove,1
Discarded,1
Disheartened,1
Dislike,1
Divine,3
Dixon,22
Do,47
Doctor,1
Does,1
Doherty,1
Dolan,16
Dolans,1
Dollymount,1
Dominic,1
Donnino,1
Donovan,6
Dont,11
Dowland,1
Down,1
Doyle,3
Draw,1
Drive,1
Drumcondra,2
Dry,1
Dublin,12
Duck,2
Duncan,1
Dundrum,1
Dunns,1
Duns,1
During,7
Dwyer,2
Dyas,1
E,1
EARTH,1
EARTHLY,2
EBUR,2
EGO,3
ELECTA,1
EMBLEM,2
ENEMY,1
ENLARGED,1
ENTIRELY,1
ERAS,1
EST,4
ESTIS,2
ET,9
ETERNAL,1
ETERNAM,1
EVER,4
EVERLASTING,2
EVERY,1
EXALTATA,3
EXCELLENT,1
EXPERIENCE,1
EYE,1
EYES,2
Each,1
Easy,1
Eat,1
Ecclesiastes,2
Eden,3
Egan,1
Eh,2
Eight,1
Eileen,6
Eileens,1
Either,1
Elements,1
Eleven,1
Elizabeth,1
Elizabethan,1
Elizabethans,2
Ellen,2
Emerald,1
Emma,3
England,3
English,19
Englishman,1
Ennis,3
Epictetus,3
Eternal,2
Eternity,2
Eton,1
Europe,5
European,2
Eve,4
Even,9
Evening,3
Ever,2
Everlasting,1
Every,18
Everybody,1
Everyone,3
Evil,1
Ewart,1
Examination,1
Excuse,3
Eyes,2
F,1
FACE,1
FACIES,1
FACTO,1
FAMILIA,1
FATHER,3
FAULT,1
FELLS,1
FIDELI,1
FINELY,1
FIRE,2
FOETUS,1
FOR,8
FORM,1
FOX,1
FRIEND,1
FRIGHTENED,1
FROM,5
FUNDS,1
FURY,1
FUTURUM,1
Face,1
Faces,1
Faintly,1
Fairview,1
Fallon,1
Far,1
Farewell,2
Farmer,1
Faster,1
Father,55
Fearing,1
Fearless,1
Fed,1
Feeling,1
Fianna,1
Fiend,1
Fill,2
Find,1
Findlaters,2
Firbolg,2
First,5
Flames,1
Flanders,2
Fleming,30
Flemings,2
Flood,1
Flowers,1
Flynn,5
Folly,1
Fonsy,1
For,27
Forester,2
Forge,1
Forms,1
Forster,3
Forsters,3
Fortunatus,1
Forty,1
Foster,1
Four,1
Foxy,1
France,1
Francis,10
Franciss,1
Free,2
Freedom,1
French,9
Frenchman,1
Frequent,1
Fresh,2
Friday,3
Friend,1
From,13
Frowsy,1
Fudge,1
Furlongs,1
GADES,1
GALILAEO,1
GIVING,1
GLOBUM,1
GLORIAM,2
GLORIOSI,1
GLORY,1
GOD,3
GOLD,2
GOLDEN,1
GOOD,1
GRIEVOUS,1
GROVES,1
GUIDE,2
Gabriel,1
Gael,1
Galvani,1
Garden,1
Gardiner,1
Gentlemen,1
Georges,1
Gerhart,1
German,3
Germany,1
Get,4
Getting,1
Gherardino,1
Ghezzi,1
Ghost,11
Gilbert,1
Giraldus,1
Girls,1
Give,5
Giver,1
Gladstone,1
Gleeson,9
Glenmalure,1
Glimmering,1
Glynn,7
Glynns,2
Go,16
Goatish,1
Goatstown,1
God,190
God-head,1
Godforsaken,2
Gods,26
Goes,2
Goethe,1
Goggins,5
Going,1
Goneboro,1
Gonzaga,1
Gonzago,1
Good,14
Goodbye,3
Got,1
Gradually,1
Grafton,2
Grantham,1
Grattan,1
Great,3
Greece,3
Greek,1
Green,1
Greensleeves,1
Griffin,1
Groceries,2
Guido,1
Guzzle,1
HA,3
HABEO,1
HABITATION,2
HACKING,1
HAD,2
HAIR,1
HARBINGER,1
HARMONY,1
HAS,2
HAST,1
HAVE,1
HE,9
HEAR,1
HEARTY,1
HEATHENA,1
HEAVEN,2
HEAVENLY,1
HELL,1
HER,1
HERE,1
HEREIN,1
HERO,1
HERSELF,1
HIM,2
HIMSELF,1
HIS,5
HOLY,1
HOME,2
HOPE,2
HOUSE,3
HUMORE,2
Ha,5
Hackett,1
Had,8
Halpin,1
Halt,1
Hamilton,2
Handicapped,1
Harcourt,2
Hardly,1
Harford,2
Harolds,2
Harry,1
Has,2
Hauptmann,1
Have,6
Havent,1
Having,2
Hayfoot,1
He,603
Head,1
Heart,1
Heaven,2
Heavenly,1
Hed,1
Hell,9
Hello,3
Help,5
Hely,1
Hence,1
Henry,1
Her,16
Here,17
Heron,35
Herons,1
Hes,9
Hickey,1
Highland,1
Hill,3
Him,10
Himself,5
His,149
History,1
Hm,1
Hoho,3
Hold,1
Holland,1
Holly,1
Holy,16
Holyhead,1
Hom,1
Honour,1
Hoosh,2
Hopkins,1
Horace,1
Horan,1
Hotel,3
Hottentot,1
Houpla,1
How,39
Howth,1
Hugo,3
Hunter,2
Hurray,3
Hurroo,4
Hurry,2
Hutchinson,1
Hynes,2
I,539
IF,4
ILL,1
ILLIS,2
IM,3
IMAGE,2
IMPLERE,1
IMPLETA,1
IN,26
INDIA,1
INFUSING,2
INGOMAR,1
INNOCENT,1
INTEGRITAS,2
INTER,1
INTO,4
IPSO,1
IS,8
IT,7
ITE,1
ITS,3
IVOIRE,1
IVORY,5
Ibsen,1
Icommitted,1
Id,7
Ideas,1
Idle,1
If,28
Ignatius,4
Ignatiuss,1
Ill,15
Im,32
Images,1
Imagine,3
Imy,1
In,68
Inca,1
Incline,1
Indeed,1
India,2
Indian,2
Indians,1
Indies,2
Individual,1
Innocent,1
Instead,1
Institution,1
Intellectual,1
Into,2
Introduction,1
Inverarity,2
Ireland,25
Irelands,1
Irish,22
Irishman,3
Irishmen,1
Is,26
Isaias,1
Isnt,3
It,199
Italian,3
Item,1
Its,14
Ivy,1
JERICHO,1
JESU,1
JESUS,2
JOCABIMUS,1
JOSEPH,1
JUPES,2
JUXTA,1
Jack,8
Jacobs,1
James,1
Japan,1
Jaws,1
Jean-Jacques,1
Jehoshaphat,1
Jerusalem,1
Jesus,25
Jews,1
Jimmy,2
Joey,1
John,23
Johnny,6
Johnstons,1
Jolly,1
Joness,2
Jonson,2
Josephine,3
Jove,1
Juan,1
Judea,1
Judge,2
Judgement,1
Julius,1
July,1
Just,4
KILLARNEY,1
KILLARNEYS,1
KITTY,2
Kafoozelum,1
Katey,1
Keep,1
Keevers,1
Kelly,1
Kendal,1
Kenny,1
Kentish,1
Keogh,1
Kerry,1
Kickham,5
Kickhams,1
Kildare,5
Kill,1
Kilmallock,1
King,1
Kingsbridge,1
Kitty,1
Kneel,3
Kneeling,1
Kostka,1
L,1
LADY,1
LAKES,1
LAMMERMOOR,1
LAPIDE,1
LAST,1
LATER,1
LAUGH,1
LEAD,1
LEAST,1
LED,1
LES,2
LET,1
LIBANON,1
LIGHT,1
LIGNO,1
LIKE,6
LILY,1
LIMITS,1
LINGUA,1
LIRLANDE,1
LISA,1
LITTLE,2
LIVERPOOLIO,1
LOOK,2
LORD,4
LOTTS,1
LUSTRE,1
LYONS,1
Lacy,3
Lady,4
Ladys,1
Lamb,2
Lancaster,2
Lanigan,1
Lantern,1
Laocoon,1
Larras,3
Last,3
Late,1
Lately,1
Latin,8
Latinist,1
Lavender,1
Lawless,1
Lawton,7
Lawtons,1
Lazy,2
Lead,1
Leaning,1
Leave,3
Lee,1
Leeson,1
Leicester,3
Leitrims,1
Leopardstown,1
Lepidus,1
Lessing,2
Let,19
Life,1
Liffey,3
Liguori,1
Like,5
Limbo,1
Limericks,1
Little,4
Liverpool,1
London,1
Long,3
Longer,2
Look,6
Lord,18
Lords,1
Lorenzo,1
Lottie,1
Louis,1
Lovely,1
Low-lived,1
Lower,2
Loyola,2
Lucifer,3
Luigi,1
Lure,2
Lynch,48
Lynchs,3
Lyons,1
MADE,1
MAJESTY,1
MAJOREM,2
MAKE,1
MALO,2
MAN,2
MANLY,1
MANUM,1
MARCH,8
MARE,1
MARY,1
MASTER,1
MAY,2
ME,4
MEA,1
MEANT,1
MENDAX,1
MENTEM,1
MILLSTONE,1
MIND,1
MISSA,1
MISSED,1
MITTIT,1
MONA,1
MONSTRAT,1
MONTE,2
MORNING,4
MOST,1
MOTHER,1
MOUTH,1
MR,3
MULIER,1
MUSICAL,3
MUTAMUR,2
MUTANTUR,2
MY,4
MYRRHA,1
Mabel,2
MacAlister,3
MacAlisters,1
MacArdle,1
MacCann,15
MacCanns,1
MacCullagh,1
MacManus,1
MacSwiney,1
Macaulay,1
Mad,2
Madam,1
Made,1
Madness,1
Magee,2
Maggy,1
Magnalls,1
Magus,1
Major,1
Make,1
Maker,2
Makes,1
Malahide,2
Malcolm,1
Mallow,1
Man,2
Mans,1
Many,3
Manys,1
Maples,1
March,3
Mardyke,2
Mariana,1
Marquess,1
Marryat,1
Marseille,2
Martin,1
Martino,1
Marx,1
Mary,9
Maryborough,1
Masked,1
Mass,1
Mat,1
Maundy,1
Maurice,5
May,3
McCann,1
McGlade,3
McGlades,1
Meek,1
Melchisedec,1
Melnotte,1
Men,1
Mercedes,6
Merciful,1
Merrion,2
Met,2
Metamorphoses,1
Metaphors,1
Michael,22
Mick,3
Micky,1
Middlesex,1
Might,2
Mike,5
Milesian,1
Mills,1
Mine,1
Minister,1
Minor,1
Moher,1
Molesworth,1
Monday,1
Moonan,13
Mooney,1
Moran,2
More,1
Moreover,1
Moriarty,1
Moses,1
Most,2
Mother,6
Mount,1
Mountain,1
Moycullen,1
Moynihan,11
Moynihans,2
Mozambique,1
Mr,133
Mrs,23
Mud,1
Mulrennan,4
Munster,1
Murmuring,1
Museum,1
Must,2
My,12
NATIONIBUS,1
NATURE,1
NEARER,1
NECK,1
NEEDED,1
NIGHT,4
NINE,1
NO,2
NON,1
NOS,3
NOSTRI,2
NOT,14
NOW,1
Nail,1
Names,1
Napoleon,1
Napoleons,1
Nash,7
Nashs,2
Nasty,10
Nay,2
Nazareth,1
Neapolitan,1
Near,1
Neither,2
Nelly,1
Newcombes,1
Newman,7
Newmans,1
Next,2
Nice,2
Night,1
Nile,2
Nine,1
No,53
Nobody,5
Noises,2
Nolan,1
Nor,2
Norfolk,1
North,1
Not,20
Nothing,4
November,1
Now,30
Number,1
O,77
OAh,1
OBriens,1
ODOREM,1
ODORIS,1
OF,34
OFT,1
OFlynn,1
OGrady,4
OKeeffe,7
OLD,1
OLLAM,1
ON,2
ONCE,1
ONE,4
ONES,1
ONLY,1
ONeill,1
OO,1
OPENED,1
OR,2
ORION,1
OSHEA,2
OShaughnessy,1
OShea,1
OUR,3
OURSELVES,1
OVER,1
OX,1
October,3
Of,15
Often,3
Oh,4
Old,7
Omnipotent,2
On,28
Once,3
One,33
Only,11
Oona,1
Opposed,1
Or,13
Orchestra,1
Orders,1
Other,4
Our,14
Out,4
Outside,1
Over,1
Ovid,1
Own,1
PAIN,1
PALMA,1
PANGE,1
PARIS,1
PART,1
PAULO,1
PAUPERUM,1
PAX,2
PAY,1
PEACE,3
PER,2
PERNOBILIS,1
PERVETUSTA,1
PHILOSOPHIAE,1
PHTH,2
PILGRIM,1
PLACENT,2
PLANTATIO,1
PLATANUS,1
PLATEIS,1
POENA,1
POLLING-BOOTH,1
PORTRAIT,1
POSSIBILITY,2
POST,1
POWER,1
PREPARED,2
PRESERVE,1
PRIEST-HUNTER,1
PRUDENCE,1
PUBLICANA,1
PULCRA,2
PULCRITUDINEM,1
PURITY,1
Paddy,4
Pair,1
Pants,1
Papa,1
Paraclete,1
Paris,1
Park,1
Parley,2
Parleys,1
Parnell,14
Parnells,1
Pascal,2
Patience,2
Patrick,1
Paul,2
Pawn,2
Pays,1
Peard,1
Pembroke,1
Pennyfeathers,1
People,1
Pepper,1
Perfections,1
Perhaps,21
Person,2
Persons,2
Peter,6
Pharaohs,1
Pickackafax,1
Pip,1
Pity,1
Place,3
Platinoid,1
Plato,1
Play,1
Please,3
Poor,3
Pope,1
Portuguese,3
Possibly,2
Pothead,1
Pottlebelly,1
Prague,1
Praxiteles,2
Pray,3
Pride,2
Priest,1
Princes,1
Probably,3
Proceed,1
Procession,1
Promise,1
Psalms,1
Pull,4
Put,2
Puzzled,1
QUAE,3
QUASI,7
QUEEN,1
QUIA,1
QUIDDITAS,1
QUIS,1
QUOD,2
Quaid,1
Queen,1
Queens,1
Queenstown,2
Questions,1
Quick,1
Quite,3
RADIANCE,2
RATHER,1
REACHING,2
REGIS,1
REGNAVIT,1
REMEMBER,1
REQUIRUNTUR,1
RETREAT,1
RISOTTO,1
ROSAE,1
Rain,1
Rangers,1
Rath,2
Rather,2
Read,2
Ready,1
Really,1
Redeemer,3
Remember,3
Repeat,1
Reproduction,1
Respect,2
Reverend,1
Rhythm,1
Ricci,1
Richmal,1
Right,5
Riordan,7
Rise,2
Road,7
Robartes,1
Roche,9
Roches,1
Rock,1
Roderick,1
Rody,4
Roman,11
Romans,1
Rome,2
Roscommon,1
Rosie,4
Rotunda,1
Rousseau,1
Rowan,2
Royal,1
Rrmrrm,1
Rude,1
Ruler,1
S,2
S.J,1
SAFELY,1
SANGUINARIUM,1
SANGUINARIUS,2
SAVE,1
SCANDAL,1
SCANDALIZE,1
SCHOLASTICAE,1
SCIENCE,1
SEA,1
SEE,1
SEND,1
SENIS,1
SENT,1
SERVE,1
SERVIAM,1
SHALT,1
SHIP,1
SHOULD,1
SHROUDED,1
SICUT,1
SIGFRIED,1
SIGHT,1
SIMILITER,1
SIMPLICITER,2
SIN,1
SING,1
SINNED,1
SION,1
SNARES,1
SO,1
SOAK,1
SOUL,1
SPECIES,1
SPECIOSA,1
SPEECH,1
SPOTTUM,1
STAR,2
STATE,1
STAY,1
STEAD,1
STEPHEN,2
STILL,1
STILLY,1
SUAVITATEM,1
SUITED,1
SUM,3
SUNT,3
SUPER,2
SYNOPSIS,1
Sacrament,2
Sacred,1
Sadder,1
Said,3
Saint,3
Sallins,2
Sallygap,2
San,1
Sancian,1
Sandyford,1
Satan,2
Saturday,6
Saurin,1
Saurins,1
Saviour,1
Saw,1
Say,1
Says,1
Scott,3
Scudding,1
Sea,1
Second,2
September,1
Sergeant,1
Set,1
Shame,2
She,45
Shelley,1
Shelleys,3
Shepherd,1
Shes,3
Shining,1
Shows,1
Shrinking,1
Shuley,1
Shut,1
Sick,1
Side,1
Siena,1
Simon,30
Simply,1
Sin,1
Sins,1
Sir,1
Sit,1
Sits,1
Sitting,1
Six,2
Sixteen,1
Skull,1
Sleek,1
Sleep,1
Smiling,1
Smoke,2
Smugging,1
So,16
Socialism,1
Soft,1
Some,10
Someone,1
Something,1
Sometimes,2
Somewhat,1
Son,11
Sons,1
Soon,4
Sorrows,1
Sorry,3
Soul,1
South,1
Spain,1
Spaniard,2
Spanish,2
Spelling,1
Spirit,1
Square,2
Stanislaus,1
States,1
Static,1
Statues,1
Stead,1
Stephaneforos,4
Stephanos,2
Stephanoumenos,2
Stephen,371
Stephens,60
Stevie,13
Stewards,1
Still,3
Stillorgan,1
Stink,1
Stop,1
Stradbrook,1
Stradbrooke,1
Strand,1
Strange,1
Strawfoot,1
Street,12
Strong,1
Struggling,1
Stuart,1
Student,1
Suarez,1
Subject,1
Such,6
Suck,1
Suddenly,2
Sunday,4
Sundays,2
Supreme,2
Sure,3
Swedenborg,1
Symbol,1
TABLET,1
TAKE,1
TANTO,1
TELLING,2
TEMPORA,2
TENDIT,1
THAN,1
THAT,6
THE,36
THEE,3
THEEA,1
THEM,2
THEN,1
THERE,1
THERES,1
THESE,1
THEY,1
THINE,1
THING,1
THINGS,3
THIS,2
THOMAE,1
THOU,2
THREE,1
THROUGH,1
THY,5
TIED,1
TIME,1
TO,12
TOGETHER,1
TOLD,1
TOTUM,1
TOUCH,1
TOWER,4
TRAGIC,1
TRIA,1
TU,1
TURNING,1
TURPIN,1
TWICE,1
TWINE,1
Take,6
Taking,1
Talavera,1
Talbot,1
Tales,1
Talked,1
Tallon,2
Tantiles,1
Tara,1
Tate,7
Tea,1
Tears,1
Tell,23
Temple,53
Temples,1
Ten,4
Tennyson,4
Terence,1
Term,1
Terrace,1
Terror,1
Thank,1
Thanks,2
That,66
ThatS,1
Thats,19
The,505
Thee,6
Thefunnel,1
Their,18
Then,87
Theologians,1
There,51
Theres,8
These,7
They,121
Theyll,2
Theyre,1
Thick,1
Think,1
Third,2
This,30
Thomas,3
Those,2
Thoth,1
Though,2
Thought,1
Three,7
Through,2
Thrust,1
Thunder,10
Thurles,1
Thursday,2
Thy,5
Till,3
Tim,1
Time,6
Tis,1
To,22
Told,4
Tolka,1
Tom,3
Tomorrow,2
Tone,3
Too,3
Towards,3
Towser,2
Tralala,4
Tried,2
Trinity,5
Trudging,1
Truth,1
Try,3
Trying,1
Tsars,3
Tub,1
Tuesday,2
Tuition,1
Tullabeg,1
Tullamore,1
Tundish,1
Turk,1
Turned,1
Tusker,4
Twelve,1
Two,8
Tyson,1
UBERA,1
UK,1
ULIVA,1
UNIVERSALIS,1
UP,1
UPON,3
US,8
UT,3
UTTERANCE,1
Ulster,1
Um,2
Uncle,9
Undefiled,1
Under,3
Underdones,1
Undoubtedly,1
United,1
Universe,1
Unkempt,1
Unwell,1
Up,2
Upon,3
Useless,2
VERY,1
VEXILLA,1
VIA,1
VISA,3
VISIT,3
VITA,1
VITAM,1
VIVE,1
VOICE,1
VOS,3
VOSTRA,1
Vague,1
Vaguely,1
Vances,1
Venantius,1
Venus,3
Very,10
Veuillot,1
Victor,3
Victoria,5
Vienna,1
Vincent,2
Virgil,1
Virgin,8
Voices,1
W,2
WAS,3
WE,5
WEAKNESS,1
WEARINESS,1
WERE,2
WHAT,1
WHATNESS,1
WHEN,1
WHICH,5
WHOLENESS,1
WHOM,1
WHY,2
WILDERNESS,1
WILL,4
WILLIE,1
WITH,2
WITHOUT,4
WOE,1
WOOD,1
WORK,1
WOULD,1
Wallis,7
Walter,2
Wandering,1
Want,1
Wants,1
Warm,1
Warwick,1
Was,21
Water,1
We,43
Weakness,1
Weary,2
Wednesday,2
Wednesdays,1
Welcome,4
Well,31
Wells,19
Wellss,7
Went,1
Were,9
Whaley,1
Whaleys,1
What,80
Whatever,2
Whats,2
Whatsoever,1
When,41
Whenever,1
Where,13
While,11
White,3
Whitsuntide,1
Who,21
Whom,2
Whose,4
Why,44
Wicklow,5
Wild,1
Will,11
William,4
Willie,1
With,10
Without,1
Wolfe,1
Wolsey,2
Women,1
Wont,3
Wood,1
Word,1
Words,2
World,1
Would,4
Write,1
Xavier,8
YE,2
YET,1
YOU,5
YOUNG,1
YOUR,1
YOURSELF,1
YOUVE,1
Year,1
Yellow,2
Yerra,1
Yes,60
Yes...I,1
Yes...O,1
Yet,12
York,3
Yorkists,1
You,91
Youd,2
Youll,2
Your,12
Youre,7
Youve,1
Zacchary,1
Zeal,1
a,1719
abandon,3
abandoned,1
abandonment,1
abase,1
abased,2
abasing,1
abbots,2
abetted,1
abhorring,1
abiding,1
abject,2
abjection,1
ablative,1
ablaze,2
able,9
able-bodied,1
abode,3
abominable,1
aboro,1
about,142
above,43
abroad,6
abrupt,1
abruptly,1
absence,1
absent,1
absently,1
absolutely,2
absolution,2
absolve,2
absolved,2
absurdity,1
abyss,5
accent,7
accents,3
acceptable,3
acceptance,1
accepted,1
accident,2
accidents,1
accompanying,1
accomplices,2
accomplished,2
accomplishing,1
according,6
account,8
accruing,1
accustomed,1
ace,1
ache,4
ached,2
achieve,1
achieving,1
aching,2
acknowledgement,1
acolyte,1
acquainted,1
acquiesced,1
acquiescence,1
acquired,1
acquisition,1
across,43
act,18
acted,1
acting,1
action,6
active,1
activity,2
actor,2
actors,1
acts,4
actual,3
add,1
added,6
address,4
addressed,3
addresses,2
addressing,2
adieu,1
admiration,1
admire,5
admired,3
admirer,1
admit,3
admixtures,1
admonition,3
adolescence,1
adoration,1
adorned,1
adulterer,1
adulterous,1
advance,2
advanced,1
advancing,1
advent,1
adventure,5
adventurers,1
adventures,1
advice,1
afar,1
affair,3
affairs,1
affected,1
affection,3
affections,1
afflict,3
afflicted,3
aflame,2
afraid,14
after,95
afterglow,2
afternoon,2
afterwards,1
again,130
against,72
age,9
age-long,1
ageing,2
agents,1
ages,12
agile,3
agitation,1
aglow,1
ago,11
agonizing,1
agony,11
agreed,3
ahead,5
aid,3
aided,1
aiding,3
aim,2
aimed,1
aims,1
air,84
airs,1
airy,1
aisle,2
ajar,1
akin,2
alarm,2
alarmed,1
alert,1
alien,1
aliens,1
alighting,1
alike,3
all,278
all-devouring,1
allayed,1
allaying,1
alley,3
allow,2
allowed,15
allude,1
allured,2
alluring,2
allusion,2
allusions,1
ally,1
almighty,2
almonds,1
almost,15
alms,1
aloft,1
alone,37
along,52
aloof,1
aloud,2
already,11
also,39
altar,28
altarsteps,1
alternate,1
alternation,1
altruism,1
always,42
am,45
amass,1
amateur,2
ambered,1
ambition,4
ambitions,1
ambling,1
amend,2
amended,1
amendment,1
amiably,1
amid,32
among,41
amount,2
amounting,1
amuses,1
amusing,2
an,221
analysed,1
analysis,1
anatomy,1
ancestors,1
anchored,1
ancient,2
and,3144
anew,3
angel,10
angelic,1
angelical,2
angels,12
anger,26
angles,1
angrily,7
angry,11
anguish,3
anguished,1
animal,2
animals,6
announce,1
annoyed,3
annual,2
anoint,1
anointed,2
another,71
answer,32
answered,49
answering,4
answers,1
ant-like,1
antagonism,1
antelopes,2
anticipation,1
antisocial,1
anxious,1
any,48
anybody,1
anyhow,4
anyone,6
anything,11
anyway,1
apart,9
ape,4
ape-like,1
apologize,1
apologized,1
apostle,2
apostleship,1
apparatus,1
apparel,1
appeal,5
appealed,1
appealing,1
appear,5
appearance,1
appeared,9
appearing,1
appears,2
appease,1
appeased,4
appetite,2
applause,2
apple,5
apple-trees,1
apples,1
applied,3
appointed,3
apprehend,3
apprehended,8
apprehension,8
apprehensions,1
approach,5
approached,4
approaching,1
approve,1
apron,3
arabs,1
arbitration,1
arbour,1
arcade,1
arch,1
archangel,2
archangels,1
arches,1
archtempter,1
ardent,12
ardour,1
are,177
areas,1
arent,1
argue,2
arguing,1
arid,2
arise,1
arisen,1
arises,1
arising,1
ark,4
arm,19
arm-chair,1
armed,2
armour,1
armpit,1
armpits,1
armrest,1
arms,29
army,1
aromatic,1
arose,1
around,13
arrange,1
arranged,3
arras,1
array,1
arrayed,1
arrested,2
arrests,2
arrival,1
arrive,1
arrived,1
arrow,1
arse,1
art,17
articles,1
artificer,3
artillery,1
artist,14
artistic,6
arts,10
as,439
ascend,1
ascended,1
ascending,2
ascent,2
ascertain,1
ashamed,1
ashes,4
ashplant,4
aside,14
ask,21
askance,1
asked,100
asking,6
asleep,4
aspirations,1
assailed,1
assailing,1
assembled,2
asserted,1
assiduous,1
assign,1
associate,1
associations,1
assumed,3
assumes,1
assuredly,1
astir,2
astonished,1
astonishment,1
astray,1
asunder,3
at,444
atboro,1
ate,7
atheist,1
atheists,1
athlete,2
athletic,1
athletics,1
athwart,1
atoms,2
atoned,1
atonement,1
atrocity,1
attached,1
attacks,1
attain,1
attempt,2
attend,1
attendants,1
attended,2
attending,1
attends,1
attention,6
attitude,3
attract,1
attracted,3
attraction,1
attribute,1
attributes,1
auburn,1
auction,1
audible,1
audience,4
aught,1
augur,1
augury,2
august,1
aunt,1
aunts,1
authority,3
autumn,2
autumnal,1
avail,3
availed,2
avenger,1
avenue,9
avenues,2
averted,3
avid,1
avoid,1
awaited,3
awaiting,1
awake,3
awaken,3
awakened,2
awakens,1
aware,7
away,88
awe,5
awful,12
awhile,3
awkwardly,2
awoke,2
awry,1
axes,1
azure,1
baaing,1
babble,1
baby,1
back,117
background,3
backhand,1
backless,1
backside,1
backwards,2
bacon,4
bad,19
bade,4
badge,3
baffled,5
bag,1
baize,1
bake,3
balance,2
balanced,1
balconies,1
balcony,1
bald,2
baldy,2
bale-fire,1
bales,1
balked,1
ball,12
ballad,1
ballocks,2
balls,4
bally,2
balmy,1
band,6
bands,2
bang,1
banged,1
bank,6
banked,2
bankrupt,1
banter,3
baptism,3
baptists,1
baptized,4
baptizing,1
bar,4
barbed,1
barbells,1
bare,5
bared,1
barefoot,1
barefooted,1
bareheaded,1
bark,1
barmaids,2
barmen,1
barrack,1
barrels,1
barren,2
barriers,1
bars,6
bartered,1
base,3
bashful,1
basin,3
basins,1
basket,6
baskets,2
bass,3
bat,1
bat-like,1
bath,5
bats,5
battered,3
battle,2
battle-worn,1
battlefield,1
battlefields,1
battles,1
battling,1
bawl,2
bawling,1
bay,1
bazaars,1
be,353
beach,2
beads,4
beak,1
beaked,1
beaks,1
bear,6
beard,4
bearded,3
beards,1
bearing,6
bears,1
beast,4
beast-like,1
beasts,6
beat,6
beaten,4
beatific,1
beating,4
beatitude,2
beautiful,34
beautifully,1
beauty,33
became,12
because,79
beckoned,1
become,17
becomes,2
bed,30
bedad,2
bedclothes,1
bedroom,5
beds,2
bedside,3
beef-tea,1
been,113
beer,1
before,149
beg,4
began,71
begat,1
begetting,1
beggar,1
beggars,2
begged,1
begin,4
beginning,5
begins,3
begotten,1
begun,9
behaved,1
beheld,3
behind,44
behold,3
being,45
beings,4
belief,1
believe,21
believed,3
believer,2
believers,1
believing,3
bell,11
bell-bordered,1
bells,5
belly,1
belong,3
belonged,1
beloved,1
below,9
belt,7
belted,2
bench,11
benches,7
bend,6
bending,7
beneath,12
benediction,1
benefit,2
benevolent,1
benevolently,1
bent,25
benumbed,1
berretta,1
beset,2
beside,21
besides,1
besieged,1
besmeared,1
besotted,1
besought,1
best,17
bestial,2
bestiality,1
bestially,2
bestow,1
bestowed,1
bet,3
betray,2
betrayed,1
bets,1
better,27
between,36
bewail,1
beyond,17
bible,1
bicycle,3
bid,2
bidden,6
bidding,8
big,24
bigger,1
bike,1
bill,1
billiard,2
billiards,1
billions,1
bind,1
binding,1
bird,12
birds,17
birth,3
birthday,1
biscuit,1
bishops,5
bit,9
bitch,2
bitches,2
bits,1
bitten,1
bitter,4
bitterly,5
bitterness,3
black,22
black-looking,1
blackened,3
blackest,1
blackguard,1
blackish,2
blame,2
blandly,2
blank,3
blanket,1
blankets,2
blankety,1
blasphemies,1
blasphemous,1
blasphemy,1
blast,3
blasts,2
blaze,1
blazers,1
bleak,2
bleakly,1
bleating,3
bless,6
blessed,6
blessing,3
blew,8
blind,4
blindcord,1
blinded,3
blindly,1
blinds,2
blinking,1
bliss,4
blithely,1
blithering,1
bloated,1
block,1
blood,19
blood-red,1
bloodless,1
bloody,13
bloom,1
blossoms,2
blot,1
blow,2
blowing,2
blows,1
blue,15
bluish,2
blundering,1
blunt,2
blunt-featured,1
bluntly,5
bluntness,1
blush,1
blushed,2
blushing,1
board,6
boarded,1
boarder,1
boards,1
boat,2
boatbearer,1
bob,1
bobbing,1
bobbins,2
bodies,13
bodily,5
body,57
bodys,2
bogs,1
bogwater,3
boiling,1
boils,1
boldest,1
boldly,5
bolster,1
bonds,1
bone,4
bonnet,1
bony,3
booing,1
book,27
bookcases,1
booked,1
books,11
boorish,1
boots,11
bore,6
born,24
borne,4
borrowed,3
borrowers,1
bosom,3
boss,1
botany,1
both,15
bother,1
botheth,1
bottle,1
bottle-nosed,1
bottles,1
bottom,1
bottomless,2
bottoms,1
boughs,1
bought,1
bouncing,1
bound,9
bounded,1
bounding,1
boundless,3
boundlessness,1
bounty,2
bout,1
bovine,1
bow,2
bowed,8
bowels,2
bowing,4
bowl,5
bowling,2
bowstring,1
box,14
boxes,1
boy,38
boyhood,7
boyish,5
boys,53
brackish,1
brain,20
brains,2
brake,1
bran,2
branch,1
branches,4
brass,2
brasses,1
bravely,2
brazen,2
bread,12
breadbasket,1
break,7
break-water,1
breakfast,4
breaking,5
breaking-suddenly,1
breakneck,1
breakwater,3
breast,11
breast-pocket,1
breastbone,1
breasts,1
breath,17
breathe,2
breathed,3
breathing,4
breathless,2
bred,3
breeches,3
breed,1
breeze,4
brethren,1
brick,2
bridge,9
bridged,1
brief,4
briefly,2
bright,8
brighter,2
brightly,1
brightness,1
brilliant,2
brim,3
brimless,1
brimming,2
brimstone,4
brine,1
bring,6
bringing,1
brings,3
brisk,2
briskly,6
bristling,1
brittle,3
broad,5
broad-shouldered,1
broadened,1
broadly,3
broke,25
broken,22
brood,2
brooded,6
brooding,2
broods,1
brothels,1
brother,18
brotherhood,3
brothers,15
brought,22
brow,3
brown,8
brows,2
browsing,1
brush,5
brushed,2
brushes,3
brutal,3
brutally,1
brute-like,1
brutes,1
brutish,2
bubble,1
bubbling,1
buck,1
bucket,2
bucketful,1
buddhists,1
budding,1
buff,1
build,1
building,3
built,3
bulged,1
bum,1
bump,1
bumped,1
bunch,1
bunting,2
burden,1
buried,5
burly,2
burn,2
burned,7
burning,18
burns,5
bursar,1
burst,7
bursting,1
bursts,3
bury,1
bush,1
bushel,1
bushes,1
busied,1
business,6
bustle,1
bustled,1
bustling,2
busy,4
but,184
butchers,1
butler,1
butt,1
butter,2
buttered,1
buttoned,1
buttonhole,1
buttons,1
butts,1
buy,4
by,378
bye,1
bystanders,1
bystreet,1
c.a.t,1
cabbage,2
cabbages,1
cabin,1
cabinet,1
cables,2
cachou,1
cackling,1
cadence,3
cadences,1
cage,1
cajole,1
cake,1
cakes,1
calculations,1
calf,3
call,34
called,57
calling,8
calls,9
calm,10
calming,1
calmly,9
calumnious,1
caman,1
came,93
can,54
canal,2
cancer,1
candle,2
candle-butts,2
candles,5
candlestick,1
candlesticks,1
cane,9
canisters,3
cannot,12
canon,1
canonical,1
canonicals,1
canopy,1
cant,10
canticles,1
canvas,2
cap,12
capable,6
caper,1
capered,1
capering,1
capital,1
caps,5
captain,7
captive,2
captivity,1
capture,1
capuchin,2
capuchins,1
car,6
caravans,1
carcasses,1
card,4
cardboard,1
cardiac,1
cards,1
care,10
cared,2
career,1
careful,1
carefully,2
carelessly,1
carelessness,1
cares,3
caress,2
caressed,1
caresses,1
caressing,1
carmelite,1
carmine,1
carnal,1
carnival,1
carpenter,2
carpenters,1
carpet,3
carriage,3
carriage-lamps,2
carried,15
carries,1
carry,5
carrying,2
cars,6
carts,1
carvers,1
carving,1
case,8
cases,4
cash,2
cask,1
cast,9
casting,1
castle,13
casts,1
casual,1
cat,2
catacombs,1
catafalque,2
catcalls,1
catch,8
catchwords,1
catechism,4
catechisms,1
catholic,11
catholics,4
cattle,3
caught,10
cause,7
caused,2
causes,1
cavalry,1
cave,4
cavern,1
caverns,1
caves,1
cease,1
ceased,13
ceaseless,1
celebrant,4
celebrate,1
celery,1
cell,1
cellar-damp,1
cemetery,1
censer,3
central,1
centre,6
centres,2
centuries,4
century,1
cerements,3
certain,16
certainly,5
certificate,1
certitude,3
cessation,1
cesspool,1
chain,4
chainies,1
chainless,1
chair,9
chairs,1
chalice,2
chalks,1
challenge,1
chamber,1
chamber-pot,1
chambering,2
champagne,1
chances,1
chandelier,1
chandeliers,1
change,5
changed,5
changes,6
changing,1
channel,1
chant,2
chanting,1
chaos,2
chap,7
chapel,47
chaplets,1
chaps,1
chapter,4
character,5
characterless,1
characters,2
charcoal,2
charge,1
charged,1
charging,1
charming,1
chase,1
chastisement,1
chasuble,1
chatted,1
chatting,2
cheap,2
cheaply,1
check,2
checked,3
cheek,10
cheeks,10
cheer,2
cheered,3
cheerily,2
cheering,1
cheerless,2
cheerlessly,1
cheers,4
chemical,2
cherubim,1
chess,1
chest,7
chestnut,2
chewed,2
chewing,2
chiding,1
chief,5
chiefly,1
chieftain,1
child,30
childhood,5
childish,4
children,26
childrens,1
childs,2
chill,6
chilled,4
chilly,4
chime,1
chin,4
chines,1
chink,1
chinstrap,1
chivalry,1
chocolate,5
choice,2
choir,4
choirs,3
choked,1
choking,1
choose,1
choosing,1
chord,2
chords,1
chose,1
chosen,2
christendom,2
christian,10
chronicled,1
church,34
churchyard,1
ciborium,2
cigar,3
cigarette,6
cigarettes,4
cigars,2
cinder,1
cinder-path,3
cinderpath,1
cinders,2
circle,1
circled,1
circles,2
circling,6
circumfluent,1
circumstance,2
circumstances,5
citadel,1
citadelled,1
cities,3
city,18
citys,1
civil,1
clacking,1
clad,2
claims,1
clambered,1
clamorous,1
clamour,2
clamouring,1
clapped,2
clapping,3
clashes,1
clasp,1
clasped,5
clasping,2
class,26
classes,3
classical,1
classmate,1
classmates,3
classroom,3
clatter,1
clattering,1
clay,2
clean,6
cleanse,1
clear,17
clearer,2
clearing,1
clearly,6
cleaving,1
cleft,3
clenched,2
clenching,1
clergy,2
clerical,2
clever,2
click,5
clicked,1
clicking,1
cliffs,1
climbed,4
climbing,2
clinging,1
clipped,2
cloak,10
clock,5
clodhoppers,1
clogging,1
cloister,3
cloisters,1
cloistral,1
close,14
close-set,1
close-shut,1
closed,26
closely,4
closer,4
closes,1
closet,1
closets,1
closing,7
closure,1
cloth,4
clothed,1
clothes,11
clothless,1
clots,2
cloud,7
cloud-like,1
cloudlets,2
clouds,14
cloudy,3
clove,1
cloven,1
club,4
clubs,2
clumsy,1
clusters,2
coachman,1
coal,4
coals,5
coarse,4
coarsely,2
coarser,1
coat,7
coat-tail,1
coat-tails,1
coated,1
coats,4
coattails,1
cobbled,1
cobweb,1
cobwebbed,1
cock,1
cocked,1
cocks,2
cocoa,1
cocoon,1
cod,6
coefficient,1
coexistent,1
coffee-house,1
coffers,1
coffin,2
coherent,1
cohort,1
coil,1
coiling,1
coils,7
coin,1
coincide,1
coins,1
cold,59
colder,2
coldly,7
collar,4
collars,1
collected,1
collectively,1
college,38
colleges,1
collywobbles,1
colonnade,7
colour,8
coloured,4
colourless,3
colours,6
column,1
combat,1
combine,1
combustible,1
come,89
comes,9
cometh,1
comfort,4
comforts,1
comic,2
comically,1
coming,25
command,3
commandment,2
commands,1
commas,1
comments,2
commercial,1
commingled,1
commiseration,1
commissions,1
commit,4
committed,2
common,9
commons,1
commonwealth,2
communed,1
communicant,2
communicants,1
communicate,1
communing,1
communion,10
communions,1
community,7
compact,1
companies,1
companion,7
companionless,2
companions,15
companionship,4
company,17
compared,4
comparison,1
comparisons,1
compass,1
compassion,1
compassionate,1
compatible,1
complacently,1
complain,1
complained,1
complaining,1
complex,2
complexity,1
compliments,2
composed,2
composition,1
composure,1
compound,2
comprehend,4
comrades,2
comradeship,2
conceive,2
conceived,3
conception,2
concerned,1
concerning,1
concertina,1
conclusively,1
condemnation,1
condemned,3
condensed,1
condition,3
conditions,1
conduct,1
conductor,2
confess,10
confessed,5
confessing,1
confession,12
confessional,4
confessionals,1
confessions,3
confessor,3
confessors,1
confidence,3
confident,1
confine,1
confirm,1
conflagration,1
confounded,1
confused,8
confusedly,1
confusion,2
congealing,1
connexion,3
connotation,1
conqueror,3
conscience,21
conscious,17
consciously,1
consciousness,11
consecrated,2
consent,3
consequences,1
consider,6
considerable,1
considered,1
considering,1
consists,1
constabulary,1
constant,7
constantly,4
constitutional,2
constrained,1
construe,1
consumed,2
consumes,1
consumptive,5
contact,1
contain,1
contemplating,1
contemplation,2
contempt,4
content,2
contented,1
contentedly,1
continents,2
continual,2
continually,3
continue,1
continued,10
contorted,1
contraries,1
contrary,1
contrite,2
contrition,3
control,1
convent,1
conversing,1
conversions,1
convert,2
converted,2
conviction,3
convulsion,1
convulsively,1
cool,10
coolly,1
cope,2
copied,1
copious,2
copper,1
copy,3
copybook,2
cord,1
cordial,1
cordially,1
corduroy,3
core,1
cork,1
corks,1
corner,21
corners,3
corns,1
corolla,1
coronals,1
corporation,1
corpse,4
corpse-white,1
corpses,1
correct,1
corrected,1
corrections,1
corrects,2
correspond,2
correspondence,1
corridor,14
corridors,6
corrugated,1
corrupt,3
corruption,6
cost,2
cottage,3
cottages,3
cotton,1
cough,2
coughed,2
coughing,4
coughs,1
could,146
couldnt,2
counsel,2
counselled,1
counsels,1
count,1
counter,5
counteracting,1
counteracts,1
countless,2
countries,3
country,27
countryman,1
countrymen,1
county,3
couplet,1
courage,2
course,28
courses,1
coursing,1
court,2
courteous,1
courtesy,3
courtly,1
courts,1
cousin,1
cousins,1
covenant,2
cover,8
covered,16
covering,8
coverlet,1
covers,1
covet,1
coveted,1
covetousness,1
cow,1
cowardice,1
cowardly,1
cowdung,2
cowered,1
cowering,1
cowhouse,1
cowl,3
cowled,2
cowlwise,1
cows,2
cowyard,2
crack,3
cracked,1
crackers,1
cracking,1
cradle,1
craft,3
cramped,1
cranes,1
craning,1
crankery,1
crash,2
crashing,1
craved,1
craving,1
crawled,2
crayons,1
creaked,1
creaking,1
cream,3
creamy,2
create,1
created,7
creation,4
creature,6
creatures,9
credit,1
creep,1
creeping,3
crept,4
crest,2
crevice,2
cricket,7
cricketers,1
cried,50
cries,10
crime,1
crimes,2
criminal,2
crimped,1
crimson,1
crises,1
crisping,1
crisply,1
critically,1
criticism,2
critics,1
crocodile,2
crocodiles,1
cronies,1
crook,1
crookedly,1
crooned,1
crooning,2
cropping,1
cross,5
cross-examined,1
crossblind,1
crossed,9
crouched,2
crouching,1
crowd,5
crowded,1
crowds,2
crown,3
crowned,2
crowning,1
crucified,1
crucifies,1
crucifix,1
crude,2
cruel,21
cruelty,2
crumble,2
crumbled,1
crumple,1
crumpled,1
crush,1
crushed,2
crusted,1
crusts,1
cry,25
crying,8
cue,1
cuffs,1
culture,5
cultus,1
cumbrous,1
cunning,5
cup,4
cups,1
curbstones,1
cured,1
curfew,1
curiosity,1
curious,9
curl,1
curled,2
curling,1
curls,1
curly,2
current,2
currents,1
curry,1
curse,7
cursed,1
curses,1
curtain,4
curtain-rings,1
curtains,2
curtsying,1
curve,3
curved,1
curves,2
curvetings,1
curving,2
cushioned,1
cusped,1
custom,3
customhouse,1
cut,5
cuts,2
cutting,3
cycle,1
cycle-track,1
cycles,2
cyclic,1
cycling,1
cynically,1
da,1
dabbling,1
daggerwise,1
daily,4
dainty,2
dairy,2
dais,2
dalmatic,1
dam,1
damn,8
damnation,3
damned,21
damp,12
dance,3
danced,5
dancers,1
dancing,7
dandyish,1
danger,4
dangerous,1
dangers,1
dangling,3
dank,1
dappled,2
dare,2
dared,4
daresay,2
daring,2
dark,91
dark-plumaged,1
dark-windowed,1
darkened,7
darkening,4
darker,2
darkly,4
darkness,31
darting,2
dates,1
daughter,1
daughters,2
dawn,4
day,112
daydream,1
daylight,4
days,35
de,1
deacon,1
dead,29
deadly,4
deaf,1
deal,1
dealers,1
dealt,2
dean,24
deans,2
dear,24
dearer,1
dearly,1
dearness,1
death,31
death-mask,1
death-wound,3
deathbed,1
deaths,1
debts,1
decanter,1
decay,1
decaying,1
deceived,2
decency,1
decent,8
decentest,1
decide,1
deck,1
declare,4
declared,3
decline,1
decollated,1
decomposing,1
decomposition,1
decreed,1
deed,6
deeds,2
deemed,3
deep,12
deep-rooted,1
deepen,1
deepened,2
deepening,2
deeper,7
deepest,1
deeply,7
defence,1
defend,1
deference,2
deferred,1
defile,1
defiled,1
defiles,2
defined,1
definite,1
definition,2
definitions,4
deflower,1
deformed,1
deft,1
deftly,3
defy,1
degraded,2
degrading,1
degree,1
dejected,1
dejection,2
delegates,1
deliberate,1
deliberately,2
delicacies,1
delicacy,1
delicate,4
delicately,1
delight,1
delighted,4
delightedly,1
delightful,1
deliver,1
deliverance,1
delivered,3
delving,2
demands,1
demeanour,2
democrat,1
demon,2
demons,3
demure,2
demurely,2
den,1
denaries,1
denial,1
denied,1
denounce,1
denounced,1
dense,2
depart,2
departure,1
depend,1
depress,1
depressed,1
deprived,1
depths,5
derive,1
descend,3
descendant,1
descended,3
descending,1
descriptions,1
desecration,1
desert,2
deserted,1
deserts,1
deserving,2
design,2
designed,2
designs,1
desire,23
desired,2
desires,4
desirously,1
desist,1
desisting,1
desk,15
desks,1
desolate,1
desolating,1
desolation,1
despair,7
despairing,1
despondent,1
destined,2
destiny,3
destroys,1
destruction,1
desuetude,1
detached,1
detaching,1
details,2
detain,1
detained,1
detection,1
determined,1
detest,2
deucedly,1
device,1
devil,7
devils,10
devious,1
devotedly,1
devotion,5
devotional,1
devotions,1
devoured,2
devours,1
devout,2
dew,5
dewlaps,1
dewy,1
diagrams,1
dial,2
diamonds,1
dice,1
dictionaries,1
did,123
didactic,1
didnt,14
die,11
died,26
dies,1
differed,1
difference,2
different,26
difficult,4
difficulty,6
diffident,2
diffused,1
diffusing,1
digest,1
digged,1
dignity,5
dilated,1
dim,14
diminished,1
dimly,2
dimmed,2
dimmer,1
dimples,1
din,3
dining,1
dinner,18
dint,1
diorama,1
dip,2
diplomacy,1
dire,1
direct,2
directed,1
direction,4
directions,1
directly,1
director,9
dirty,4
disappearing,1
disappointment,1
disarmament,1
disband,1
disbelieve,5
discerning,1
discharging,1
disciple,1
discipline,1
disclosed,1
discouraged,1
discouraging,1
discover,1
discovered,3
discoverer,1
discovery,2
discreet,2
discreetly,1
discuss,1
discussing,1
discussion,6
disdain,3
disease,5
diseases,1
disgust,4
disgusted,1
dish,4
dish-cover,1
disheartened,2
disheartening,2
dishes,5
dishonour,2
dishonourable,1
dishonoured,1
disingenuous,1
disinterred,1
disjointed,1
dislike,1
dislodged,1
disloyalty,1
dismantle,1
dismay,1
dismayed,1
dismounted,1
disobedience,1
disobey,1
disobeyed,1
disorder,2
dispassionate,1
dispassionately,1
display,2
displayed,1
displease,2
displeased,2
disposition,2
dispossession,1
disputes,2
disputing,1
disquieted,1
disremember,1
dissatisfaction,1
dissenters,1
dissertations,1
dissipated,1
dissolved,1
dissolves,1
dissolving,2
distance,7
distant,9
distilled,1
distillery,2
distinct,1
distinctly,1
distinguish,3
distinguished,2
distorted,2
distractedly,1
distraction,1
distressing,1
disturbed,1
ditch,5
diver,1
divert,1
divested,2
divesting,1
divided,3
divides,1
divine,14
divined,1
diving-stone,1
divining,1
divinity,1
divisible,1
dizzily,1
do,95
docks,1
doctor,5
doctrine,1
doctrines,1
document,1
doddering,1
dodged,1
does,8
doesnt,10
dog,3
dog-in-the-blanket,1
dogmas,1
dogmatists,1
dogs,2
doing,5
doll,2
dolls,2
dome,2
dominations,1
dominican,1
dominoes,1
done,29
dont,28
doom,3
doomsday,1
door,62
doors,6
doorway,8
doorways,2
dormitory,4
doth,1
double,1
doubling,1
doubt,5
doubted,2
doubting,1
doubts,4
dour,1
dove,2
doves,1
dovetailed,1
down,134
downcast,1
downs,1
downward,1
downwards,2
dozed,1
dozen,1
dragged,2
dragging,1
drain,1
dramatic,4
drank,7
draped,2
draught,1
draughts,1
draw,4
drawers,2
drawing,7
drawing-room,1
drawl,3
drawling,2
drawn,18
dray,2
dread,6
dreaded,1
dreadful,7
dreadfully,1
dreads,1
dream,6
dreamed,2
dreamless,1
dreams,3
drearier,1
drenched,2
dress,14
dressed,8
dresser,1
dressing,2
dressing-room,1
dressing-table,2
drew,10
dried,6
dried-up,1
drift,2
drifted,1
drifting,4
drily,2
drink,5
drinker,1
drinking,2
dripping,2
drisheens,1
drive,2
drivel,1
driven,7
driver,2
drivers,1
drives,1
driving,1
droll,1
droning,1
drop,5
dropped,2
drops,6
dross,1
drove,14
drownded,1
drunk,3
drunken,2
dry,6
dryness,1
dual,1
dubitative,1
dues,1
dug,1
dukes,1
dull,16
dull-witted,1
dullards,1
dullness,1
dumb,2
dumbbell,1
dumbbells,2
dunce,1
dung,3
dunghill,1
duped,1
dupes,1
duration,2
during,10
dusk,11
dusky,2
dust,1
dusty,1
duties,5
dutiful,1
duty,3
dwarf,2
dwarfish,1
dwelling,1
dwellingplace,1
dwelt,1
dying,6
each,23
eager,3
eagerly,5
eagerness,3
eagle,1
eagles,1
ear,17
ear-splitting,1
earl,1
early,6
earn,1
earned,1
earnestly,1
ears,20
earth,27
earthen,1
earthly,12
ease,6
eased,1
easier,1
easily,7
east,3
easter,1
easy,8
easy-chair,2
easy-chairs,1
eat,19
eaten,3
eating,6
eats,2
eave,1
eaves,1
ebbing,2
ebonite,1
echo,8
echoed,1
echoes,4
economics,1
ecstasy,8
eddied,1
eddies,2
edge,6
edges,2
education,2
effaced,2
effort,2
egg-shells,1
eggs,2
eight,1
eighteen,1
either,7
ejaculation,1
ejaculations,1
eke,2
elaborate,1
elaborately,1
elastic,1
elbow,10
elbows,2
elder,2
elderly,2
elders,3
eldest,3
elect,1
elected,1
election,1
electric,1
electrocution,1
elegance,1
element,3
elements,2
elephant,2
elephants,2
elevate,1
eleven,5
elfin,1
eliminated,1
ellipsoid,1
ellipsoidal,3
elliptical,2
eloquence,2
else,9
elses,1
elsewhere,1
elude,1
eluded,3
elusive,1
emancipation,1
embarrassed,1
embayed,1
embedded,1
embers,1
embittered,2
embittering,1
embitterment,1
emblem,1
emblems,1
embossed,1
embrace,2
embraced,3
embraces,1
embrasure,2
emerald,2
emerged,4
emerging,1
eminent,1
emotion,10
emotional,3
emotionalist,1
emotions,3
emperor,3
emphasis,1
emphatically,1
emptied,3
empty,3
enamel,1
enamelled,1
encampment,1
enchanted,8
enchanting,1
enchantment,3
enclose,2
enclosed,1
encounter,5
encouraging,1
end,56
endeavour,1
endeavoured,2
endeavouring,1
ended,11
ending,1
endless,8
endowed,1
ends,7
endure,1
enemies,1
enemy,1
energetically,1
energy,6
enfolded,2
engendered,1
enjoy,3
enjoyed,2
enjoyment,1
enkindled,1
enlighten,1
enlightened,1
enlisted,1
enormities,1
enormity,2
enormous,1
enough,11
enrage,1
enriched,1
entangled,1
enter,5
entered,13
entering,4
enterprises,1
entertained,1
enthusiasm,2
enthusiasms,1
entire,3
entrails,1
entrance,7
entreated,2
entreaty,1
entrenched,1
entry,2
enumerate,1
envied,1
envoy,1
envy,3
eon,1
eons,2
ephod,1
epical,3
episode,2
epitaph,1
equality,1
equation,2
equidistant,1
equine,1
equivocal,2
ere,2
err,1
errands,2
erred,2
erring,1
error,3
errors,2
escape,9
escaped,6
escaping,1
especially,2
esplanade,1
espousal,1
essay,8
essays,1
essence,2
essential,1
established,1
establishment,1
esthetic,30
esthetically,1
esthetics,1
estranged,1
estrangement,1
eternal,8
eternally,5
eternity,25
eucharist,4
eucharistic,2
eugenics,1
evade,1
even,56
evening,41
evenings,2
event,3
ever,74
ever-increasing,1
everlasting,6
everlastingly,1
everliving,1
every,69
everybody,1
everyone,1
everything,5
everywhere,1
evil,22
evils,2
evocation,1
evoke,1
evoked,3
evoker,1
exactly,2
exaltation,1
examination,1
examinations,1
examine,3
examined,1
examining,1
example,4
examples,2
exams,1
except,3
excess,1
excitable,2
excite,4
excited,5
excitedly,2
excitement,2
exciting,1
exclaimed,1
exclaiming,1
excrement,2
excrementitious,1
excuse,1
execration,2
execrations,1
exempted,1
exercise,1
exercises,1
exerted,1
exhalation,2
exhale,1
exhausted,2
exhibition,1
exhortation,1
exile,1
exiled,1
existed,5
existence,9
exodus,1
exorcism,1
expanse,2
expect,2
expectation,1
expected,1
expelled,2
experience,6
experiments,1
explain,4
explained,2
explanation,1
explore,1
exposed,1
express,5
expressed,3
expresses,1
expression,10
expressionless,1
expressions,2
expressively,1
expressly,1
expulsion,1
exquisite,1
extending,1
extends,1
extension,4
extensive,1
extent,1
exterior,2
external,1
extinguished,3
extra,1
extra-territorial,1
extreme,1
extremities,1
exult,1
exultant,1
exulted,1
eye,18
eyebrows,2
eyed,1
eyeglass,2
eyeless,1
eyelid,1
eyelids,5
eyes,169
fabled,1
fabric,1
fabrics,2
fabulous,3
face,126
faces,25
facing,1
facings,1
fact,7
factory,1
facts,1
faculties,1
faculty,3
fade,3
faded,10
fades,1
fading,9
fail,2
failed,3
failing,4
failure,3
faint,31
fainter,1
fainting,2
faintly,13
fair,10
fairly,1
fairy,1
faith,10
faithful,2
falconry,1
fall,25
fallen,19
falling,19
fallings,1
falls,2
false,14
falsehood,2
fame,1
familiar,8
family,14
famous,3
fancied,3
fancy,5
fanned,1
fantastic,3
far,30
farcical,1
fare,3
farewell,2
farmer,1
farmhand,1
farmhouse,1
farrow,1
farted,1
farther,5
farthest,2
farthing,1
fascinated,5
fashion,2
fashioned,1
fast,9
faster,6
fasting,1
fasts,2
fat,6
fat-encircled,1
fate,1
father,92
fatherland,1
fathers,36
fattening,2
fattish,3
fault,1
favour,1
favourable,1
favoured,1
favourite,2
favourites,1
fear,33
feared,5
fearful,2
fearing,5
fearless,1
fearlessly,1
fears,1
feast,4
feasts,1
feathering,1
feathers,2
feathery,1
features,3
fecked,2
fed,1
feeble,2
feebly,1
feed,2
feeding,2
feel,37
feeling,16
feelings,1
feels,5
feet,31
feigned,2
feigning,4
fell,44
fellow,60
fellow-students,2
fellows,67
felt,98
female,1
fence,1
fender,1
fenian,2
ferment,1
ferrule,2
ferulae,1
fervent,1
fervently,3
fervour,1
festering,2
festive,1
festooned,1
fetid,1
fetters,1
fever,4
fevered,1
feverish,2
few,32
fianna,2
fibres,1
field,14
fields,4
fiend,1
fiendish,1
fiendishly,1
fiends,2
fierce,8
fiercely,1
fiercer,1
fiery,2
fifteen,1
fifth,3
fifty,2
fig,9
fig-tree,1
fight,4
figs,2
figseed,1
figseeds,1
figure,23
figures,7
filched,1
file,5
filed,2
filial,2
filing,2
fill,5
filled,18
filling,2
fills,2
film,3
filtered,1
filth,4
filthily,1
filthy,4
final,2
finally,3
find,13
finding,1
fine,16
fine-spun,1
finely,1
finer,1
finger,7
fingernails,1
fingers,30
fingertips,1
finish,4
finished,2
fire,57
fire-arms,1
fire-consumed,1
fire-eater,1
fire-shovel,1
fired,2
firelight,3
fireplace,7
fires,5
firm,7
firm-featured,1
firmament,1
firmly,6
first,117
fish,4
fisher,1
fishermen,2
fishy,1
fissure,1
fist,3
fists,1
fit,5
fitful,1
fitfully,1
fitted,1
fitting,1
five,9
five-barred,1
five-shilling,1
fixed,4
flabby,2
flag,1
flags,2
flagstaff,2
flagstone,1
flagstones,1
flakes,2
flame,17
flamed,1
flames,7
flaming,10
flamingest,1
flanked,2
flanks,1
flannel,1
flannels,1
flapless,1
flapping,1
flaps,4
flaring,1
flash,1
flashed,1
flashing,2
flask,1
flat,4
flatly,5
flattened,1
flattered,3
flattering,1
flavour,1
flecked,2
fled,3
flee,1
fleece,1
fleet-footed,1
flesh,22
flew,10
flexible,1
flickered,2
flickering,1
flies,2
flight,10
flinging,1
flippant,1
flirt,4
flirted,1
flitting,1
floated,2
floating,1
flock,3
flocks,1
flog,3
flogged,4
flogging,5
flood,7
flooded,2
flooding,1
floor,8
florid,1
floundering,1
flourish,1
flouted,2
flowed,8
flower,6
flowerbeds,1
flowers,9
flowing,7
flue,1
fluent,1
fluff,1
fluid,2
flung,10
flush,3
flushed,7
flushes,1
flushing,1
flutter,4
fluttered,2
fluttering,3
fly,2
flying,12
flyleaf,4
foam,1
focus,1
foe,1
fog,2
foggy,1
foiled,1
fold,3
folded,8
folding,1
folds,3
follow,4
followed,13
follower,1
followers,2
following,9
folly,7
fond,1
font,1
food,2
foods,1
fool,2
foolish,4
fools,1
foot,20
football,2
footballers,1
footboard,2
footpath,4
footsteps,1
footstool,1
for,493
forays,2
forbearance,1
forbidden,2
forbidding,1
force,12
forced,1
forefinger,2
forehead,14
foreign,3
foreigners,1
foreknew,1
foreknowledge,2
foremost,1
foresaw,1
foreshore,2
forest,2
forewarned,1
forfeited,1
forge,2
forget,7
forgetting,2
forging,1
forgive,4
forgiven,3
forgiveness,5
forgot,4
forgotten,7
fork,4
form,29
formal,6
formed,1
forming,2
formless,1
forms,6
formula,2
forsake,1
forth,45
fortieth,1
fortnight,1
fortune,5
forty,3
forward,8
forwards,1
fosterage,1
fosterbrother,1
fosterchild,1
fought,1
foul,21
foul-smelling,1
fouled,1
foully,1
foulness,2
found,24
foundation,1
founded,4
founder,3
fountain,2
fountains,1
four,14
fourteenth,2
fourth,6
fowl,2
fowl-wise,1
fox,2
foxes,1
foxing,2
foxpapered,1
fragment,2
fragments,1
fragrance,3
fragrant,4
frail,11
frame,6
framed,3
frames,1
franciscan,2
franciscans,1
frank,3
frankincense,1
frankly,2
fraught,1
frayed,1
freckled,4
free,23
freed,1
freedom,5
freeing,1
freely,5
freemason,1
freer,1
frenzy,1
frequency,1
frequently,2
fresh,2
fresh-faced,1
fret,1
frets,1
friar,2
friend,23
friendliness,1
friendly,6
friends,16
friendship,2
friendships,1
fright,7
frightful,4
fringe,4
fringes,1
fritters,1
fro,8
frog,1
from,465
front,7
frontispiece,1
froth,1
frown,2
frowned,3
frowning,3
fruit,3
fruitful,1
fruitless,1
fruitlessly,1
fruits,1
frustrate,1
fulfilled,1
fulfilling,1
full,21
fuller,1
fullness,1
fully,2
fumbled,1
fumbling,2
fume,1
fumes,3
fun,8
functions,1
fungus,1
funk,1
funnel,5
funny,2
furious,2
furiously,1
furled,1
furnace,1
furnished,1
furniture,1
further,3
furtive,1
fury,6
fused,1
futile,2
future,5
gaily,8
gain,4
gained,1
gait,1
gallant,1
galleries,1
gallery,1
gallnuts,1
galloping,1
game,9
gamecocks,1
games,1
gang,4
garden,17
gardens,6
garish,2
garments,1
garner,1
garrulous,1
gas,5
gas-flames,1
gas-jets,2
gasflames,1
gate,7
gates,6
gather,1
gathered,7
gathering,3
gaudy,2
gave,25
gay,5
gayclad,1
gaze,8
gazed,12
gazes,1
gazing,12
geese,2
gems,1
genders,1
general,7
generalization,1
generals,1
generations,3
generous,3
generously,1
genteel,1
gentle,9
gentleman,11
gentlemen,5
gentlewomen,1
gently,8
gents,1
genuflecting,1
geography,4
gestation,1
gesture,8
gestures,3
get,24
gets,1
getting,4
ghost,3
ghostly,2
ghosts,1
gibbet,1
gibbeted,1
gift,4
gifts,2
gills,1
gingerly,1
gingernuts,1
gipsy,3
gipsy-like,1
giraffe,1
girdle,1
girl,14
girlish,4
girls,12
girt,1
girth,1
give,33
given,21
gives,2
giving,7
glad,8
gladness,1
glance,5
glanced,6
glancing,10
gland,2
glare,1
glass,9
glasses,14
glassy,2
gleamed,4
gleaming,3
glee,2
glibly,1
glimmer,4
glimmered,1
glimmering,2
glimpse,3
glimpses,1
glint,1
glistening,1
glittered,1
gloat,1
gloom,11
gloomily,2
gloomy,7
glories,2
glorified,1
glorious,3
glory,4
glossy,1
glove,1
gloves,1
glow,19
glowed,1
glowering,1
glowing,8
gluttonous,1
gluttony,1
gnawed,1
gnaws,2
go,73
go-by-the-wall,1
goaded,1
goads,1
goal,1
goalposts,1
goat,2
goatee,2
goatish,1
goblet,1
god,2
gods,4
goes,2
going,33
gold,10
golden,3
gone,20
good,77
good-hearted,1
goodbye,3
goodness,5
goods,1
goose,1
gorgeous,1
gospel,3
gospels,1
gossip,1
got,26
governor,4
gown,2
gowns,2
grace,25
gradual,2
grain,4
grains,4
grammar,10
grand,4
grand-uncle,2
grandchildren,1
grandfather,7
grandnephews,1
granduncle,1
granted,2
grapes,3
grapple,1
grasp,1
grasping,1
grasps,1
grass,7
grass-plot,1
grasses,2
grate,4
grating,3
grave,16
grave-clothes,1
gravel,4
gravely,10
graveyard,2
gravity,2
gravy,1
grease,2
grease-strewn,1
greased,1
greasy,3
great,54
great-grandfather,1
greater,6
greatest,17
greaves,1
green,27
green-white,1
greet,3
greeted,3
greeting,5
grew,10
grey,37
grey-blue,1
grey-fringed,1
grey-green,1
greyed,1
greyhounds,2
greyly,1
greyness,1
grief,1
grieving,1
grievous,4
grim,1
grimace,2
grimy,2
grin,3
grinned,2
grip,4
gripped,1
gripping,1
grit,1
grizzled,1
groaning,2
groans,1
groceries,1
groins,2
grooved,1
grope,1
groping,1
gross,6
grossness,1
ground,5
grounds,5
group,9
groups,5
grow,1
growing,3
grown,8
grown-up,1
grows,2
growth,4
gruel,1
grunting,1
guardian,1
guardians,1
guards,1
guess,1
guest,2
guests,1
guffaw,1
guidance,1
guide,1
guiding,1
guile,1
guilelessness,1
guilt,2
guilty,5
guinea,1
guineas,1
gulf,1
gulped,1
gulping,1
gunpowder,1
guns,1
gurgling,1
gust,1
gust-blown,1
gusts,1
guts,2
gutter,2
gymnasium,3
gymnastic,1
ha-ha,1
habit,7
habits,3
hack,1
hacking,2
had,889
hadnt,1
hair,28
hair-oil,1
hairpins,1
hairs,3
hairy,1
hale,1
half,16
half-brother,1
half-door,1
half-doors,1
hall,34
hallowed,1
halls,1
hallway,1
halt,2
halted,14
halting,1
halts,1
ham,1
ham-shaped,1
hamper,1
hand,79
handball,2
handed,3
handful,4
handfuls,1
handiwork,3
handkerchief,2
handle,4
handling,2
hands,71
handsel,2
handsome,3
handsomest,1
hanged,1
hanging,5
hansom,2
happen,3
happened,5
happens,1
happier,2
happiest,3
happiness,4
happy,15
harbour,3
hard,19
hardened,1
hardening,1
harder,1
hardly,3
hardship,1
hares,2
harlots,2
harm,4
harmonious,1
harmonized,1
harmony,1
harness,1
harping,1
harridan,1
harsh,4
harshly,1
harts,2
has,67
hash,2
haste,5
hasty,1
hat,15
hate,2
hated,1
hateful,1
hates,1
hatred,5
hats,3
haughty,1
hauled,1
have,154
havent,3
having,16
hawk,1
hawk-like,2
hayseeds,1
haze,2
hazewrapped,1
he,1237
head,77
headless,1
headline,2
headlong,1
heads,9
health,2
healthy,1
heaped,4
heaps,2
hear,48
heard,94
hearer,1
hearers,1
hearing,13
heart,86
heartburn,1
hearth,5
hearthrug,2
heartily,2
hearts,12
hearty,1
heat,2
heated,1
heath,1
heaven,27
heavenly,3
heavens,2
heavily,8
heaviness,1
heavy,21
heavy-built,1
hed,1
hedge,1
hedges,1
heed,2
heedless,1
heel,1
heels,2
heifer,1
heightened,1
heinous,1
heir,1
heirs,1
held,31
hell,68
hellfire,1
hellish,1
hellward,1
help,15
helped,2
helpers,1
helping,1
helpless,6
helplessly,1
her,299
heraldry,1
herbs,1
herd,1
here,33
heredity,1
heres,4
heresy,3
heretic,7
heroic,1
hers,1
herself,5
hes,7
hid,3
hidden,9
hide,4
hideous,5
hiding,1
high,18
high-drifting,1
high-pitched,1
high-spirited,1
high-up,1
higher,10
highest,4
highly,1
hill,3
hillocks,1
hills,2
him,688
himself,118
hinder,1
hinds,1
hingeless,1
hips,1
hirelings,1
his,1581
his-neck,1
hiss,3
hissed,1
hisses,1
history,10
hit,5
hither,10
hitherto,1
hoard,1
hoardings,1
hoarse,5
hoarsely,1
hob,1
hogwash,1
hoisted,1
hold,15
holder,4
holders,1
holding,11
holds,3
hole,4
holiday,1
holidays,2
holily,1
holiness,4
hollow,1
hollow-sounding,2
holly,5
holy,35
homage,4
home,42
homely,2
homes,1
homeward,4
homewards,1
honest,4
honey,1
honour,10
honourable,2
honoured,1
honours,1
hooded,1
hoodwink,1
hoodwinked,1
hoofs,3
hooked,1
hoop,1
hope,12
hoped,1
hopeless,2
horizon,1
hornpipe,1
horny,1
hornybrowed,1
horrible,6
horrid,1
horror,2
horse,3
horsehair,1
horseplay,1
horses,6
hospital,4
host,10
hostile,3
hot,17
hotel,8
hotly,4
hounded,1
hounds,2
hour,18
hours,6
house,42
houseboro,1
housed,1
housedoor,1
household,2
houses,6
how,65
however,9
howl,1
howling,1
howls,1
hoydenish,1
hoydens,1
huddled,1
huddling,1
hue,2
hueless,1
huge,5
hulks,1
hum,1
human,27
humanity,3
humble,12
humbled,3
humblest,1
humbly,7
humeral,1
humiliate,1
humiliated,3
humiliating,1
humiliation,4
humility,5
hummed,1
humour,10
hundred,2
hundredfold,1
hundredth,1
hung,10
hungrily,1
hungry,1
hunkers,1
hunter,1
hurl,1
hurled,2
hurley,1
hurleysticks,1
hurling,1
hurricane,1
hurried,5
hurry,2
hurrying,2
hurt,2
hurtful,2
hurtled,1
husband,2
husbands,1
hush,1
hushed,1
hustled,2
hustling,1
hymn,6
hymnal,1
hypocrisy,1
hypocrite,2
hypocrites,1
hypotenuse,2
hypothesis,3
hysterical,1
ibis,1
icon,1
idea,15
ideal,2
idealism,1
idealist,1
idealistic,1
ideals,1
ideas,9
idioms,1
idiot,2
idle,11
idler,3
idlest,1
idly,4
idolaters,1
if,123
ifor,1
ignoble,1
ignorance,2
ill,4
ill-dressed,1
ill-gotten,2
ill-humour,1
ill-lit,1
ill-plastered,1
illogical,1
ills,1
illuminated,1
illusion,1
illustrate,1
illustrious,1
image,45
imagery,4
images,8
imagination,11
imaginations,1
imagine,11
imagined,8
imagining,2
imbecile,1
imitate,1
imitated,1
imitation,1
immeasurable,2
immeasurably,1
immediate,4
immediately,1
immense,2
immensely,1
immersed,1
imminent,1
immodest,1
immoral,1
immortal,3
immune,1
immunity,1
impalpable,4
impart,1
impartially,1
impassible,1
impassive,1
impatience,2
impatient,2
impatiently,1
impelled,2
impenetrable,1
impenitence,1
imperfection,1
imperfections,2
imperishable,2
impersonal,1
impersonalizes,1
implicit,1
implore,2
important,1
importuned,1
imposed,1
imposition,2
impossible,2
impotent,1
impress,1
impression,2
imprints,1
improper,3
impudent,1
impulse,4
impulses,1
impure,3
impurity,1
in,1434
inaction,1
inalienably,1
inanition,1
inarticulate,1
inasmuch,3
inattention,1
inaudible,2
inbreathed,1
inbred,1
incapable,2
incense,8
incensing,1
incertitude,2
incestuous,1
inch,2
incident,1
incidents,1
incited,1
incline,1
inclined,2
inclining,1
incoherent,2
incommunicable,1
incomprehensibility,1
increased,2
increasing,1
incredible,2
indeed,9
indelible,1
indelicate,1
indelicateness,1
independent,1
india-rubber,1
indication,1
indices,2
indifference,2
indifferent,5
indignation,1
indignity,2
indispensable,1
indistinct,2
individual,6
induce,2
induced,1
induces,1
indulge,1
indulgence,1
indulgences,1
indulgent,3
indulgently,2
indulging,1
ineffectiveness,1
ineffectual,1
inexact,1
inexhaustible,1
inexperience,2
inexpressive,1
infantry,1
infect,1
infection,1
inferior,1
infernal,2
infinite,2
infinitely,3
infirmary,8
inflaming,1
inflicted,1
influence,2
influenced,1
informer,1
informers,1
infrahuman,1
infringed,1
infuriated,1
ingenuity,2
inhabit,1
inhaling,1
inheritance,1
inhuman,4
iniquitous,2
initial,1
initials,3
injured,1
injuries,1
ink,1
inky,1
inner,3
innocence,7
innocent,6
innumerable,2
inquire,1
inquisitive,1
insect,1
insensible,1
inside,6
insignificant,1
insincerity,1
insistence,1
insistent,2
insistently,1
insisting,1
insists,2
insolence,1
inspiration,2
instance,3
instant,59
instantaneous,1
instants,1
instead,4
instinct,6
instinctive,1
instincts,1
instituted,1
institution,1
instructive,1
instrument,2
instruments,2
insufflation,1
insulated,1
insulates,1
insult,1
insulted,1
intangible,2
intellect,8
intellection,3
intellectual,2
intelligence,2
intelligent,1
intelligible,2
intend,4
intended,1
intense,5
intensely,2
intensified,1
intensity,9
intent,1
intention,1
intentions,1
intently,1
intercede,2
interest,6
interested,1
interesting,5
interests,1
interior,1
interjected,1
interleaved,1
internal,1
international,1
interpret,1
interrupted,2
interstices,1
intervals,2
interwoven,1
intimacy,1
intimately,1
into,179
intolerable,1
intolerably,1
intoned,1
intoning,1
intricate,3
intrigue,1
intriguers,1
introduction,1
intrusions,1
intuition,3
invented,2
inventing,1
invention,2
inventiveness,1
inventor,1
inverted,1
invested,1
investor,1
invisible,4
invite,1
invited,2
inviting,1
involuntarily,1
inward,2
ire,1
irk,1
iron,6
ironically,1
ironing-room,1
irradiate,1
irregular,1
irresistibly,1
irresolutely,2
irresolution,1
irreverence,1
irrevocable,1
irritated,1
irritation,3
is,412
island,3
islanding,1
isles,2
isnt,3
isolation,1
issued,5
issuing,1
it,640
itch,1
its,143
itself,44
ivory,8
ivy,11
ivy-twined,1
jack,1
jack-knife,1
jackass,1
jackeen,1
jacket,4
jacketed,1
jaded,3
jagged,2
jambs,1
jampots,1
jangled,1
japanned,1
jar,2
jargon,2
jargons,1
jars,1
jarvies,1
jaw,1
jaws,3
jealous,1
jeer,1
jeering,1
jelly-like,1
jerked,1
jerking,1
jerks,1
jesting,4
jesuit,12
jesuits,9
jetsam,1
jewel,1
jewel-eyed,1
jewelly,1
jewish,1
jews,3
jibes,2
jibing,1
jiffy,1
jim,2
jingle,2
jingling,1
job,5
jogged,1
join,3
joined,7
joke,3
joking,1
jolly,1
jostle,1
jostled,1
journal,2
journey,2
journeying,1
journeys,1
jovial,1
joy,16
joyful,1
joys,1
judge,2
judged,4
judgement,13
judgements,1
jug,1
juggle,1
juice,2
jump,4
jumped,2
jumpers,1
just,26
justice,5
jutting,2
keen,4
keenly,4
keep,11
keeper,2
kept,12
kettle,1
key,1
keyboard,1
keys,3
kick,2
kicking,3
kidney,1
kill,1
killed,1
kills,2
kilted,1
kilting,1
kind,17
kind-looking,1
kindle,1
kindled,4
kindling,1
kindly,5
kinds,5
kinesis,1
kinetic,3
king,5
kingdom,6
kings,4
kinship,2
kinsman,1
kinsmen,1
kiss,15
kissed,3
kisser,1
kisses,1
kissing,1
kitchen,10
kitchen-girl,1
knee,1
knee-deep,1
kneel,4
kneeling,6
kneeling-desk,1
knees,10
knelt,26
knew,51
knickers,1
knife,6
knight,1
knightly,1
knives,2
knob,1
knocked,6
knotted,3
knotting,1
knotty,1
know,103
knowing,3
knowledge,12
known,8
knows,3
knuckly,1
labour,2
laboured,1
labours,1
lace,1
laces,1
laden,1
ladies,5
lady,8
ladys,1
laggards,1
laid,12
lain,5
lair,1
lake,4
lakelike,1
lala,3
lambent,2
lame,1
lamp,21
lamps,4
lance,2
land,10
landboro,1
landing,6
landlord,1
landmark,1
lands,3
landward,1
lane,5
lanes,2
laneway,1
laneways,1
language,26
languages,2
languid,2
languor,5
languorous,2
lank,4
lantern,1
lanterns,5
lap,3
lapping,3
lapse,1
lapsed,1
large,4
lark,1
lashes,3
last,66
lasting,2
latchless,1
late,9
late-blossoming,1
late-comer,1
late-flowering,1
lately,5
latest,1
latter,2
latticed,1
laugh,22
laughed,21
laughing,19
laughter,17
laurel,1
lavatory,2
lavender,2
lavish,1
lavish-limbed,1
law,5
law-givers,1
lawfully,1
lawn,3
laws,4
lax,1
lay,39
laying,2
layman,2
lays,2
lazily,1
lazy,6
lead,11
leader,3
leaders,2
leading,1
leads,2
leaf,7
leafage,1
leafless,1
league,1
leagues,2
lean,3
leaned,13
leaning,9
leanness,1
leap,1
leaped,3
leaping,4
leapt,1
learn,9
learned,2
learning,1
learnt,3
least,11
leastways,1
leather,6
leave,17
leave-taking,1
leaves,7
leaving,6
lecherous,2
lecture,3
lecture-room,1
lectures,1
led,23
ledge,1
left,33
leg,3
legend,5
legendary,1
legends,1
legion,1
legitimate,1
legs,9
leisure,2
leisurely,2
lemon,1
lend,2
lends,1
length,7
lent,5
leopards,1
leprous,2
less,7
lesson,8
lessons,1
lest,3
let,31
letter,3
letters,11
letting,1
level-headed,1
levite,1
levites,1
lewd,2
liar,1
libel,1
liberal,1
liberally,1
liberation,1
liberator,1
liberty,3
libraries,1
library,8
lice,3
licking,2
licks,1
lid,2
lie,6
lies,1
lieutenant,1
lieutenants,1
life,130
lifeless,1
lifelong,1
lifes,1
lift,5
lifted,11
lifting,3
light,74
lightclad,2
lighted,2
lighter,1
lighting,3
lightly,13
lightnings,2
lights,8
lightsome,1
like,208
liked,4
likelihood,1
likely,3
likened,1
likeness,3
limb,1
limbo,5
limbs,10
limes,3
limestone,1
limited,1
limitless,2
limits,3
limp,2
limp-hung,1
limping,1
line,25
lineage,1
linen,4
linens,1
liners,1
lines,14
linger,3
lingered,3
lingering,1
linked,2
linking,1
lip,2
lips,46
liquid,6
list,1
listen,10
listened,11
listener,2
listeners,2
listening,18
listless,5
listlessly,1
listlessness,1
lists,1
lit,14
litany,1
literary,5
literature,3
lithe,1
litter,1
little,122
liturgy,1
live,15
lived,13
lively,2
lives,7
livid,3
living,8
lo,2
load,1
loafer,2
loafers,2
loan,2
loans,1
loathe,2
loathed,1
loathing,6
loathsome,1
lob,1
lobs,2
local,1
lock,1
locked,1
locker,2
locking,1
locusts,1
loft,1
logical,1
logically,1
loins,2
loitered,1
loneliness,5
lonely,2
long,89
long-standing,1
longdrawn,1
longed,5
longer,21
longest,1
longing,5
longings,3
look,39
lookboro,1
looked,54
looking,22
looks,1
looping,2
loose,7
loosed,1
loosely-hanging,1
loosened,1
lopsided,1
lord,1
lordboro,1
lore,2
lorry,1
lose,4
loss,8
lost,22
lot,8
loth,2
loud,14
louder,2
loudly,13
lounged,1
louse,2
louse-eaten,1
love,52
loved,12
loveless,4
loveliness,2
lovely,13
lover,3
loves,3
loving,4
low,19
lower,9
lowered,4
lowering,1
lowest,1
lowliest,1
lowly,3
loyal,1
loyalty,1
lucid,4
luck,2
lucky,1
lukewarm,1
lull,2
lulled,2
lulling,1
lumbering,1
luminary,1
luminous,2
luminously,2
lumpish,1
lumps,4
lumpy,1
lunches,2
lungs,1
lured,1
lurking,1
lurking-place,1
lurking-places,1
lust,8
lusted,1
lustful,1
lustre,2
lustreless,1
lutelike,1
lutenists,1
luxuriant,1
luxurious,1
luxury,2
lying,4
lying-in,1
lynx-eyed,1
lyrical,3
maam,4
machine,1
machinery,1
mad,3
maddening,3
made,111
madhouse,1
madly,2
madman,1
madness,1
magic,3
magically,1
magistrate,4
magistrates,1
mahogany,1
maid,1
maiden,1
maids,1
mail,4
maimed,3
main,4
maintain,1
maintained,1
majestic,1
majesty,8
major,2
make,53
makes,3
making,19
malady,1
male,1
malefactors,1
malevolent,1
malice,7
malignant,3
malignity,1
mammas,1
man,94
mane,1
maneens,1
mangled,1
manhood,1
maniac,1
manifold,2
mankind,2
manly,1
manned,1
manner,6
manners,4
mannikin,1
mans,8
mantelpiece,4
mantle,3
mantled,1
manufacturing,2
many,42
many-coloured,1
map,1
marbles,2
march,3
marched,5
mare,1
mares,1
marine,1
mark,2
marked,3
market,2
marketplace,3
marks,3
maroon,6
marred,1
married,6
marrow,1
marry,3
marshal,4
marshalled,2
marshals,1
marshlight,1
martyr,1
marvellous,2
masculine,1
mask,4
mass,27
massbook,1
massed,2
masses,5
master,12
masters,8
masts,1
match,8
matches,1
mate,1
material,4
mathematicians,1
mathematics,1
matric,1
matriculation,2
matted,1
matter,12
matters,1
matting,3
mauled,1
may,35
maybe,1
maze,3
me,138
meal,2
meals,1
mean,36
meaning,9
meaningless,1
means,7
meant,5
meanwhile,1
measure,1
measured,1
meat,2
meddle,1
mediate,1
medical,4
medicine,3
medieval,1
meditations,1
medley,1
meek,4
meekly,2
meet,8
meeting,5
melancholy,1
melody,3
melt,1
member,2
memorable,1
memories,6
memory,36
men,42
menace,1
mending,1
mens,2
mental,4
mentality,1
mention,2
mentioned,1
mercenary,1
merchandise,2
merciful,5
mercifulness,1
merciless,1
mercy,3
mere,3
merge,1
merged,1
merits,1
merrily,1
merriment,1
merry,1
merrymaking,1
message,3
messages,1
messenger,3
met,10
metal,3
mete,1
mice,2
middle,19
midnight,1
midst,8
midstream,1
midwifery,1
might,49
mighty,3
mild,9
mildly,2
mile,1
miles,6
milk,7
milk-car,1
milking,1
milkman,1
milkmans,1
million,4
millionfold,2
millions,4
millionth,1
mincing,1
mind,107
minding,1
minds,9
mine,9
mineral,1
mingled,1
minister,6
ministers,2
minor,1
minute,2
minutes,3
mire,2
mirror,3
mirrored,4
mirth,4
mirthless,4
miser,1
miserable,5
miseries,1
misery,4
misfortune,1
misfortunes,1
misrule,2
missed,4
mission,1
mistake,8
mistakes,1
mistress,1
mistrust,2
mistrusted,1
mistrustfulness,1
mists,2
mix,1
mixed,2
moan,1
moaned,1
moaning,1
mobile,1
mock,5
mocked,1
mocker,1
mockery,2
mocking,4
mode,2
model,1
modern,2
modified,1
moiety,1
moist,7
moisture,1
mole,1
mollifying,1
molten,2
moment,64
momentary,2
moments,21
money,10
moneys,1
monk,3
monkey,3
monkey-puckered,1
monkeyish,1
monkish,2
monologue,1
monosyllable,1
monotonously,1
monster,2
monstrance,1
monstrous,4
month,4
monthly,1
months,3
monuments,1
moocow,1
mood,5
moodiness,1
moody,2
moon,9
moonless,1
moonlit,2
moorings,2
moral,2
morality,2
morally,1
more,90
moreover,2
morgue,1
morning,47
mornings,3
mortal,13
mortally,2
mortification,2
mortifications,1
mortified,1
mortify,4
mortifying,1
most,24
moth,1
mother,61
mothers,9
mottled,1
motto,2
mould,1
mouldering,1
mounds,1
mountain,10
mountains,5
mounted,2
mournful,3
moustache,5
moustaches,1
mouth,24
mouthpiece,1
mouths,5
move,5
moved,19
movement,18
movements,5
moves,1
moving,13
much,24
mud,5
muddied,1
muddy,4
muffin,1
muffled,2
mug,2
multiple,1
multiplied,5
multitude,4
mumbled,1
mummery,1
munched,2
murder,1
murderer,1
murderers,2
murderous,1
murders,1
murmur,12
murmured,13
murmuring,4
murmurous,3
murmurously,1
murmurs,1
muscatel,1
muscle,1
muscular,1
muse,1
mused,1
music,26
musingly,2
musings,2
must,57
mute,3
mutely,2
muttered,1
mutterings,1
mutton,1
my,138
myriads,2
myrrh,1
myrtle,1
myself,18
mysteries,2
mysterious,5
mysteriously,2
mystery,6
mystic,1
mystical,1
myth,2
n,1
nail,1
nails,4
naked,4
nakedness,4
name,66
named,3
nameless,2
names,24
nape,2
napkin-ring,1
narration,1
narrative,2
narrow,10
nasal,2
nation,1
national,4
nationalist,1
nationality,1
nations,1
natural,2
nature,19
natures,2
nauseous,1
nave,3
nay,2
near,34
neared,1
nearer,6
nearing,1
nearly,2
neat,1
neatly,1
nebulous,1
necessarily,1
necessary,3
necessity,1
neck,13
neckcloth,1
need,6
needed,1
needful,1
neediness,1
needle,1
neglected,3
neighbour,3
neighbourhood,1
neighbouring,1
neither,12
nerves,3
nervous,6
nervously,5
nest,1
nets,3
nettle-bunches,1
never,64
new,38
newcomers,1
newly,2
news,5
newsagents,1
next,22
nice,19
nicely,1
nicer,1
niche,1
nicknamed,1
nicknames,1
night,76
nightfall,3
nightly,2
nights,4
nightshade,1
nightshirt,2
nimble,2
nimbly,2
nine,3
ninety-seventh,1
no,126
no-coloured,3
nobility,1
noble,3
nobleman,1
noblemen,1
noblest,1
nobody,3
nobs,1
nodded,5
nodding,6
noise,29
noiseless,2
noiselessly,6
noises,2
noisily,5
noisome,1
nomads,1
nominal,1
none,3
nonsense,1
nook,1
nor,26
normal,1
northern,1
northward,1
nose,8
nosegay,1
noses,1
nostrils,3
not,413
note,9
notebooks,2
noted,5
notes,5
nothing,18
nothingness,1
notice,1
notices,1
noting,1
notion,5
noun,1
novel,1
novena,1
novitiate,1
now,116
noxious,1
nudged,1
nudges,1
nudging,1
number,13
numbers,1
nun,2
nuns,1
nurse,2
nursemaids,1
nursery,1
oar,1
oarsman,2
oath,3
obedience,7
obedient,1
obediently,1
obey,3
obeyed,3
obeying,1
object,5
objected,1
obliged,3
oblong,2
obscene,1
obscure,2
obscured,1
observant,1
observed,2
obstinately,1
obtain,2
obvious,1
occasion,2
occasions,2
occur,2
occurred,2
ocean,5
oceanic,1
oceans,1
oclock,1
odd,2
odorous,2
odour,14
odourless,1
odours,6
of,3087
off,45
offal,2
offence,2
offend,4
offended,12
offending,1
offends,2
offer,2
offered,6
offering,4
office,9
officers,1
offices,1
offspring,1
often,39
oglings,1
ohms,1
oil,2
oilcan,1
oils,2
oilsheet,1
old,101
old-fashioned,1
olden,1
older,5
oldish,1
olive,3
omnipotent,2
omnipresent,1
on,505
once,48
one,179
ones,6
onions,1
onlookers,1
only,80
onset,1
onward,4
onwards,1
oozed,1
oozing,3
open,25
opened,25
opening,11
openly,1
operation,1
opinion,2
opinions,2
opportunity,1
opposite,4
or,307
orator,1
orb,1
orchards,1
order,26
ordered,2
orders,5
ordination,2
ordure,1
orgiastic,1
orgies,2
ornamental,1
orthodox,1
osier-woven,1
other,61
others,47
otherwise,1
ought,3
our,67
ourselves,3
out,268
outboro,1
outburst,1
outbursts,1
outdoor,1
outer,5
outhouse,4
outlaw,1
outlet,4
outlined,2
outraged,1
outrages,1
outright,1
outshine,1
outside,9
outstrip,1
outward,4
oval,2
over,122
over-cloud,1
overall,1
overblown,1
overcoat,3
overcoated,1
overcoats,1
overcome,4
overcomes,1
overflow,1
overgrown,1
overhauled,1
oversee,1
overt,1
overtake,1
overtone,1
overturned,1
own,85
ozone,1
pace,4
paced,2
paces,1
pack,4
packet,5
page,16
pages,5
paid,6
pain,35
pained,2
painful,3
painfully,1
painless,1
painlessly,2
pains,4
paint,1
painted,5
paints,1
pair,8
palate,2
pale,24
paler,1
palest,1
pallid,3
pallor,1
palm,4
palms,3
palor,1
palsy,1
pancake-eating,1
pancakes,1
pandied,5
pandies,1
pandy,3
pandy-bat,1
pandybat,10
pane,1
panes,1
panting,2
pantomime,2
paper,18
papers,6
parable,1
parading,1
paraffin,1
paramour,1
parcels,2
parched,1
parching,1
pardon,1
pardoned,1
pared,1
parent,1
parenthesis,1
parents,5
paring,2
park,5
parleyed,1
parliament,1
parlour,6
parricide,1
parried,1
part,33
parted,6
particle,1
particles,1
particular,3
particularly,1
parting,3
partly,1
parts,5
party,4
pass,14
passage,4
passages,1
passed,78
passes,1
passing,20
passion,3
passionless,1
passionlessly,1
passions,1
password,1
past,22
pasted,2
pastors,2
patchwork,2
paten,1
patented,1
path,8
pathway,1
patience,6
patient,5
patiently,1
patricians,1
patron,4
patrons,1
patted,1
pattering,3
pause,5
paused,11
pauses,2
pavan,1
pavilion,1
pawns,1
pay,3
peace,15
peace-offering,1
peaceful,1
peach,2
peacocks,1
peak,2
peaked,1
peal,4
pearled,1
peas,1
peasant,8
peasants,5
peculiar,1
pedagogue,1
pedalling,1
pedantic,1
pediment,1
peel,3
peeled,1
peeped,1
peeping,1
peer,4
peered,3
peering,2
peevish,1
pen,2
penal,1
penance,2
penances,1
pence,1
pencil,7
pencilled,1
penetrate,1
penetrated,1
penetrating,1
penetration,1
penitent,6
penitents,2
penny,2
pennyworth,1
pens,2
people,32
peopled,3
perambulator,1
perceive,1
perception,1
percursor,1
perfect,2
perfections,1
perfectly,4
performing,1
perfume,2
perfumed,3
perhaps,17
peril,1
perilous,1
period,4
periodic,1
perished,1
perishing,2
permissible,1
perpetrated,1
perpetual,1
persisted,1
person,13
personal,4
personality,2
persons,5
persuading,1
perturbed,1
pervading,1
pervert,1
perverted,1
pestilential,1
petition,1
phantasmal,1
phantasy,1
phantom,1
phantoms,3
phase,1
phases,3
phenomena,1
phenomenon,1
philosopher,2
philosophical,1
philosophy,5
phosphorescent,1
photograph,2
photographs,1
phrase,24
phrase-book,1
phrases,6
phrasing,1
physical,6
physics,2
physiologist,1
piano,3
pick,5
picking,4
picture,7
pictures,5
pidgin,1
piece,5
pieces,6
pierce,2
pierced,3
piercing,2
piercingly,1
pierglass,2
pierhead,3
pieties,1
piety,9
pig,3
pigeon,1
pigs,3
piled,1
pillar,3
pillared,1
pillars,1
pillow,2
pinched,1
pinholes,1
pining,1
pinioned,1
pink,6
pink-dressed,1
pinned,2
pinning,1
pint,2
pious,8
piously,1
pip,1
pipe,6
pipes,1
piss,1
pitch,1
pitched,1
pith,1
pitiable,1
pitting,1
pity,15
placard,1
place,39
placed,10
places,9
placing,1
plague,1
plagues,1
plain,5
plainly,1
plains,1
plane,2
planing,1
planks,1
plans,1
plant,2
planting,2
plants,5
plate,12
plates,4
platform,1
platinoid,2
platt,1
play,21
playbill,1
played,6
player,1
players,7
playful,1
playground,8
playgrounds,8
playing,5
playroom,2
playrooms,1
plays,1
pleaded,1
pleading,1
pleasant,1
pleasantly,2
pleasantry,1
please,4
pleased,4
pleases,1
pleasing,1
pleasure,16
pleasures,7
plenipotentiary,1
plentifully,1
plenty,3
plop,1
plots,1
plucked,2
plum,1
plump,8
plump-bellied,1
plunges,3
plunging,3
plural,2
pock,4
pocket,11
pockets,9
poem,2
poems,2
poet,13
poetics,1
poetry,8
poets,1
poignant,1
point,21
pointed,15
pointing,5
points,11
poise,1
poised,2
poison,4
poke,1
poked,1
poker,2
poking,1
pole,1
poles,1
police,1
policeman,3
polished,1
polite,3
politely,3
political,1
politician,1
politics,9
pollutes,1
pomp,1
pomps,2
pontiff,1
pony,1
pool-mottled,1
pools,1
poor,33
poorer,1
popes,1
porcelain,1
porch,9
pored,2
poring,1
porkers,1
pornographical,1
portals,3
portents,1
porter,7
porters,2
portfolio,3
portly,1
portrait,1
portraits,4
position,5
positions,1
possess,3
possesses,1
possible,5
post,3
pot,2
potatoes,1
potboy,1
potsherds,1
pouch,1
pound,5
pounds,1
pour,4
poured,9
pouring,1
pours,1
poverty,3
powdered,2
powdery,1
power,30
powerful,3
powerless,3
powerlessness,2
powers,1
pox-fouled,1
practice,6
practices,2
practised,1
practising,2
praise,7
praiser,1
prating,1
prattled,1
pray,13
prayed,20
prayer,17
prayer-book,1
prayers,18
praying,9
prays,1
preach,3
preached,1
preacher,4
preachers,2
preceding,1
precepts,1
precision,1
precursor,1
prefect,46
prefects,11
prefecture,1
prefer,1
preferred,1
prelatic,1
prelude,3
premonition,2
preparations,1
prepared,2
preparing,2
presence,15
present,16
presented,5
presents,4
preserve,1
preserves,1
president,2
press,8
pressed,9
presses,2
pressing,2
pressure,3
presumed,1
presumptuous,1
pretended,3
pretending,1
prettier,2
pretty,3
prevail,1
prevent,2
prevented,1
prey,3
preys,1
price,3
priced,1
pricked,1
pride,20
priest,53
priest-like,3
priest-ridden,3
priestcraft,1
priested,1
priesthood,1
priestly,3
priests,31
prince,2
principal,1
principalities,1
principle,1
print,1
printed,4
prints,1
prism,1
prison,10
prisoner,1
prisoners,1
prisons,1
private,1
prize,1
prizes,1
pro-paroxytone,1
probably,2
probed,1
problem,3
proceeded,1
proceeding,1
proceeds,2
process,2
processes,1
procession,2
processional,1
prodded,1
prodding,1
prodigal,1
prodigious,1
produced,3
produces,1
prof,1
profane,2
profaner,1
professional,1
professor,14
profit,2
profiting,1
profound,3
profusely,2
programme,1
progress,3
progresses,1
progressing,1
progressive,1
projecting,1
prolonged,3
prolongs,2
prominent,1
promise,4
promised,4
promises,2
promising,1
promptings,2
promptly,1
prone,1
prong,1
pronounce,1
pronounced,1
pronounces,1
proof,3
propagandists,1
propagation,1
proper,3
property,4
prophecies,1
prophecy,4
proposed,1
proposing,1
prose,4
protagonists,1
protest,2
protestant,5
protestants,3
protesting,1
protruded,1
protrudes,1
proud,15
proudly,2
provincial,6
provincials,1
provision,1
provisional,1
provoke,1
prowess,1
prowled,1
prowling,1
prudence,1
prudent,1
pry,1
psalms,1
psychology,2
public,7
public-house,2
puck,2
pudding,5
puddles,1
pull,2
pulled,5
pulp,2
pulpit,3
pulsation,1
pulses,1
punch,1
punctual,1
punctuality,1
pungent,1
punish,6
punished,7
punishment,10
puppy,1
purchase,2
pure,12
purely,3
purest,1
purgatorial,1
purgatory,3
purged,1
purified,4
purple,2
purpose,7
purposes,1
purred,1
purse,2
pursed,1
pursuing,2
pursuit,3
pushed,6
pushing,3
put,35
putboro,1
putrefaction,2
putrid,1
puts,2
putting,6
quadrangle,6
quadrupling,1
quagmire,1
quail,1
quaint,4
quaintly,1
quaking,1
qualities,2
quality,6
quantity,1
quarantines,1
quarrel,1
quarrelsome,1
quarter,3
quartet,2
quarts,1
quay,1
quays,3
queen,1
queer,18
queerest,1
quelled,1
quench,1
quenched,2
quenching,1
querulous,1
quest,1
question,23
questioner,4
questions,11
quick,8
quicken,1
quickened,1
quickening,2
quicker,3
quickly,29
quid,1
quiet,32
quietly,22
quietude,1
quite,16
quivered,1
quivering,6
quote,1
quoting,1
rabbits,1
rabbitskin,1
rabble,1
race,11
raced,2
racehorses,2
races,1
racing,1
racket,2
racks,1
radiance,2
radiant,8
radiantly,1
radiating,1
rage,5
raged,1
rages,2
ragged,4
raging,2
rail,1
railing,1
railway,5
raiment,1
rain,15
rain-fragrant,1
rain-laden,1
rain-sodden,1
raindrops,1
rainy,1
raise,7
raised,21
raising,5
rake,1
ran,13
rancour,2
random,1
rang,5
rank,3
rapidly,6
rapier,2
rapt,1
rapture,2
rare,2
rarer,1
rascal,1
rat,4
rather,12
rats,3
rattle,1
rattled,1
rattling,4
ravaged,1
ravenous,1
ravishers,1
raw,7
rawly,1
ray,1
rays,3
re-endowing,1
re-enter,1
re-entering,1
reach,5
reached,10
reaching,1
reactionary,1
read,28
readers,1
reading,8
ready,9
real,9
reality,9
realize,3
really,8
rearisen,1
reason,10
reasonably,1
reasoned,1
reasoning,2
reassumed,1
rebellion,3
rebellious,4
rebound,1
rebuffs,1
recall,3
recalled,5
recalling,1
recede,3
receded,2
receding,1
receipt,1
receipts,1
receive,4
received,5
receiving,1
reception,1
recipe,1
recite,2
reckless,1
reckoning,2
recognised,1
recognize,2
recognized,2
recognizing,1
record,1
recovering,1
recreate,1
rector,44
rectors,9
recurred,1
recurrence,1
recurring,1
red,26
red-brown,1
red-eyed,1
red-hot,1
red-rimmed,1
redden,1
reddened,2
reddish,2
redeem,1
redeemed,1
redemption,1
redhot,1
reed,1
reeking,5
reel,2
refectory,12
refers,1
refine,1
refined,1
refines,1
reflect,2
reflected,3
reflecting,1
reflection,4
reflections,1
reflectively,1
reflector,2
reflex,2
reformed,1
refrain,1
refresh,1
refreshment,1
refrigerating,1
refuge,3
refusal,2
refused,5
regard,2
regarded,1
regiment,1
region,1
register,1
regret,2
regretfully,2
regrets,1
regularly,1
rehearsals,1
reigned,1
reigns,1
reinforcing,1
reins,1
rejection,1
relation,4
relations,7
relationships,1
relatives,1
relief,1
religion,17
religions,1
religious,4
religiously,1
relish,1
reluctance,2
remain,1
remained,17
remains,2
remark,2
remarks,1
remember,37
remembered,22
remembering,4
remembers,5
remembrance,1
remind,1
reminded,1
remitted,1
remorse,2
remote,3
remoteness,1
remotest,3
removal,1
remove,1
removed,2
rend,1
render,1
rendered,2
rendering,1
renegade,2
reopened,1
repaired,1
repeat,3
repeated,29
repeating,9
repelled,2
repellent,1
repelling,1
repent,16
repentance,7
repentantly,1
repented,2
repercussion,1
repetition,1
replacing,2
replied,4
reply,5
reporter,1
repose,2
representation,1
reproach,1
reproaches,2
reproachful,1
reproduction,1
reprojected,1
reproof,1
reprovingly,1
reptile,1
reptile-like,1
repugnance,2
reputation,1
require,1
requires,1
rescript,1
research,1
resembled,1
resented,1
resentment,1
reserved,1
reshaping,1
resist,1
resistance,2
resolute,2
resolutions,1
resounding,1
respect,3
respectable,1
respectful,1
respecting,1
respectively,1
respite,1
resplendent,1
respond,1
responded,2
responds,1
response,2
responses,4
responsibility,1
responsive,1
rest,13
rested,4
resting,4
restless,10
restlessly,1
restlessness,1
restore,1
restrained,1
rests,2
result,2
results,1
resumed,1
retain,1
retaining,2
retired,2
retreat,10
retrieve,1
return,7
returned,9
returning,2
reveal,2
revelled,1
revellers,1
revengeful,1
reverberation,1
reverence,1
reverent,1
reveries,1
revery,5
revibrate,1
reviews,1
revile,3
reviled,1
revival,1
revolt,3
revolted,3
revolting,1
revolutionary,1
reward,2
rhetoric,1
rheum,1
rhyme,1
rhymester,1
rhythm,9
rhythmic,2
rhythmical,1
rhythmically,1
rhythms,1
ribs,1
rice,2
rich,6
richer,1
richly,1
rictus,1
rid,2
riddle,3
riddles,1
ridiculous,1
riding,4
rift,1
right,54
right-angled,1
rightly,4
rights,1
rigid,1
rigorous,1
rim,6
rims,1
ring,9
ringed,1
ringing,1
ringletted,2
riot,4
riots,1
ripe,2
ripped,1
ripping,2
rippingly,1
rise,10
risen,2
rising,8
risings,1
risk,1
rite,3
ritual,1
rival,1
rivals,3
river,6
rivers,1
rivulet,2
road,22
roads,7
roadway,2
roar,6
roared,1
roaring,2
rob,4
robbed,1
robber,2
robberies,1
robe,2
robed,1
rock,1
rocking,2
rocks,4
rod,1
rode,1
rods,1
roguery,1
rogues,3
roll,5
rolled,7
rolled-up,1
rolling,3
romantic,1
romped,1
romping,1
roof,3
roofs,1
room,29
rooms,4
root,1
rooted,2
rooting,1
rope,1
ropes,1
rosaries,1
rosary,1
rose,33
rose-bushes,1
rose-like,2
rose-soft,1
rosebushes,1
roselight,1
roses,3
roseway,1
rosin,1
rosy,1
rot,1
rotted,2
rotting,2
rouged,1
rough,4
rough-hewn,1
roughly,1
round,65
round-headed,1
rounded,1
rounders,1
rounds,1
rout,1
routed,2
routing,1
rove,1
roved,1
rowing,1
royal,1
rrmAh,1
rubbed,7
rubbing,2
rubbish,1
ruddy,2
rude,12
rudely,9
rudeness,1
rue,1
ruffian,1
ruffled,1
rugged,1
ruin,3
rule,1
rules,2
rumbling,1
rump,1
run,17
runner,2
runners,1
running,9
runs,1
rushed,2
russet,2
rustling,1
sabbath,1
sack,1
sackcloth,1
sacrament,3
sacramental,1
sacraments,4
sacred,5
sacrifice,4
sacrificed,1
sacrificial,1
sacrificing,2
sacrilege,2
sacrilegious,1
sacristan,1
sacristy,3
sad,11
saddened,2
sadder,1
saddlebow,1
sadly,3
sadness,2
safe,1
safely,1
sag,1
said,612
sailor,1
sailors,1
saint,37
saintliness,1
saintly,1
saints,5
sake,6
salaamed,1
salt,1
salt-eaten,1
salubrious,1
salutary,1
salute,4
saluted,2
salvation,3
same,41
sanctified,1
sanctifying,1
sanctity,1
sanctuary,1
sand,8
sand-built,1
sandhill,1
sandknolls,1
sands,1
sandy,1
sang,9
sank,6
sarcasm,1
sash,3
sat,41
satisfaction,3
satisfies,1
satisfy,1
satisfying,3
saturated,1
sauce,3
sauceboat,1
saucer,1
sausages,2
savage,1
savages,1
save,12
saved,3
saving,1
savour,1
savours,1
saw,69
sawdust,2
sawn,1
say,63
saying,39
sayings,1
says,20
scalded,2
scalding,4
scale,2
scales,2
scalp,1
scampering,2
scandalous,2
scant,1
scarcely,9
scarlet,7
scatter,1
scattered,5
scene,13
scene-cloths,1
scenery,2
scenes,4
sceptical,1
schemer,5
schemers,1
schisms,1
scholastic,2
school,15
schoolboy,2
schooled,1
schoolhouse,1
schoolmaster,1
schoolroom,1
science,5
scissors,1
scoff,1
scope,2
score,3
scorn,7
scorned,1
scornful,1
scornfully,1
scourged,1
scowl,2
scrambled,1
scraped,1
scraping,2
scrawl,1
scream,2
screamed,1
screaming,1
screech,1
screeching,1
screwed,1
scribbler,3
scrimmage,1
scroll,2
scrub,1
scrubbed,1
scruples,3
scrupulous,1
scrupulously,3
scullery-maid,1
scullion,1
scullions,1
scum,7
scut,3
scuttling,1
sea,22
sea-dusk,1
sea-harvest,1
seabird,1
seaborne,2
seaport,1
search,2
searched,2
searching,2
seashore,1
season,2
seasoned,2
seasons,1
seat,8
seatangle,1
seated,4
seats,4
seawall,1
seaward,1
seawater,1
seaweed,2
seawrack,2
secessions,1
second,20
secondhand,1
seconds,2
secrecy,3
secret,21
secretary,2
secretly,7
secrets,1
sectarianism,1
section,2
secular,1
secure,1
seduce,1
seduced,1
see,82
seed,2
seeds,1
seeing,15
seek,1
seem,7
seemed,73
seeming,1
seemingly,1
seems,8
seen,28
seethed,1
seethes,1
seize,1
seized,8
seizing,1
self-communion,1
self-embittered,1
self-mistrust,1
self-respect,1
self-restraint,1
self-surrender,1
selfbounded,1
selfcontained,1
sell,4
sellers,2
semblance,1
seminaries,1
senate,3
send,7
sending,4
senior,1
sensation,5
sense,19
senses,10
sensible,7
sensitive,3
sensitiveness,1
sent,21
sentence,7
sentences,4
sentiment,1
sentries,2
sentry,1
separable,1
separate,1
separated,1
separates,1
separation,1
sepulchre,1
sepulchres,1
sequel,1
seraph,1
seraphic,1
seraphim,5
sere,1
serene,2
serf,1
sergeant,1
serious,5
seriously,3
serpent,3
servant,6
servants,8
serve,6
served,4
server,1
service,6
servile,2
serving,2
serving-man,1
set,37
setting,1
settled,1
settling,2
seven,5
seventh,2
seventy-seven,2
seventy-six,2
several,4
severe,1
severed,2
sewer,2
sex,2
sexes,1
shabby,1
shade,1
shadow,14
shadowed,2
shadowings,1
shadows,1
shaft,6
shaggy,1
shake,3
shaken,5
shaking,18
shall,22
shallow,5
shambling,1
shame,23
shamed,2
shameful,7
shameless,1
shape,3
shaped,1
shapeless,2
shapely,2
shapes,1
shaping,1
share,2
shared,2
shares,1
sharp,4
sharpened,2
sharpening,1
sharply,2
shattered,2
shaven,2
shawl,5
she,101
sheath,1
shed,9
sheet,3
sheets,4
shelf,2
shell,2
shells,1
shelter,1
sheltering,1
shelves,2
shes,2
shield,3
shield-like,1
shies,1
shifted,1
shifts,1
shilling,1
shimmer,2
shimmering,1
shine,1
shingle,1
shining,7
shiny,1
ship,2
ships,2
shipwrecks,1
shirt,1
shite,1
shiver,3
shivered,7
shivering,1
shivery,3
shock,1
shocked,5
shocks,1
shod,1
shoe,1
shoes,6
shone,5
shook,20
shooting,1
shop,4
shopman,1
shops,5
shore,3
shoreless,1
short,12
shortbread,1
shorter,1
shortest,2
shortly,1
shot,4
should,23
shoulder,11
shouldered,1
shouldering,1
shoulders,10
shouted,6
shouting,3
shouts,1
shoved,3
show,11
showed,5
shower,2
showers,1
shown,2
shows,1
shrank,2
shreds,1
shrewd,3
shrieking,1
shrill,7
shrine,1
shrink,2
shrinks,1
shrivelled,3
shrubs,3
shrunk,1
shrunken,2
shuffling,2
shun,2
shunned,1
shut,8
shy,4
shyly,1
shyness,1
sick,12
sickened,4
sickening,1
sickish,1
sickly,1
sickness,6
side,49
side-altar,1
side-altars,1
side-pockets,5
side-thrust,1
sideboard,2
sides,14
sideways,4
sidled,2
sigh,2
sighed,5
sighing,3
sighs,1
sight,16
sign,10
signal,1
signalled,1
signature,1
signatures,1
signboards,1
signed,2
signet,1
significant,2
signifies,1
signs,4
silence,50
silences,1
silent,30
silent-mannered,1
silently,15
silk,6
silken,2
sill,2
silly,5
silver,8
silver-coated,1
silver-pointed,1
silver-veined,1
silver-wrapped,1
silvery,2
similar,1
similitudes,1
simmering,1
simoom,1
simple,15
simplest,2
simplicity,1
simply,5
sin,92
sin-corrupted,1
sin-loving,1
since,9
sincere,6
sincerely,1
sincerity,1
sinewy,2
sinful,13
sinfully,1
sing,11
singed,1
singer,2
singers,1
singing,6
single,15
singlets,2
singular,1
sink,2
sinking,1
sinkings,1
sinless,4
sinned,12
sinner,12
sinners,11
sinning,1
sins,26
sir,43
sirs,1
sister,5
sisters,4
sit,6
sitting,14
six,7
sixpence,2
sixth,1
sixty-one,1
sizeable,1
skeleton,1
skewered,1
skies,1
skill,1
skin,9
skin-tight,1
skipped,1
skirts,3
skull,10
sky,21
sky-high,1
skylight,1
skyline,1
slab,2
slabs,1
slammed,1
slapped,1
slate,1
slate-blue,1
slates,2
sleek,1
sleep,18
sleepers,1
sleeping,4
sleepy,4
sleepy-headed,1
sleeve,9
sleeves,6
slender,8
slept,2
slid,1
slide,6
slight,7
slighted,3
slightly,5
slim,2
slime,3
slimy,7
slipped,1
slippers,1
slipping,1
slobbering,3
sloblands,1
slope,3
sloping,4
sloth,6
slow,13
slow-drifting,1
slow-flowing,1
slowed,1
slowly,48
sluggish,4
sluggishly,1
slugs,2
slumber,1
slung,1
sly,4
slyly,3
smacked,1
smacking,3
smacks,2
small,18
smaller,2
smart,1
smarting,2
smear,1
smell,33
smelling,1
smells,2
smelt,6
smile,15
smiled,18
smiler,3
smiles,3
smiling,26
smithy,1
smitten,2
smoke,13
smoked,3
smokes,1
smoking,3
smoky,1
smooth,1
smote,2
smouldering,1
smugging,1
snake,1
snaky,2
snap,1
snares,2
snatched,1
sneerer,1
sneering,1
sneeze,1
snort,2
snoutish,1
snuff,2
snug,1
so,141
soaring,5
sob,3
sobbed,1
sobbing,2
sober,1
sobs,2
social,3
socket,1
sodalists,1
sodality,7
sofa,1
soft,43
soft-hued,1
soft-worded,1
soften,1
softer,3
softly,20
softness,1
sold,6
soldier,2
soldiers,6
soldiery,1
sole,1
solemn,5
solemnly,5
solid,2
solitary,1
solve,1
sombre,5
some,95
somebody,2
somebodys,1
someone,4
something,23
sometimes,5
somewhat,1
somewhere,5
somnolent,1
son,14
song,14
songs,6
sonny,1
sonorously,2
sons,3
soon,5
soot-coated,1
soothed,5
soothing,2
sophistry,1
sordid,2
sore,1
sorrow,11
sorrowful,4
sorrows,2
sorry,16
sorts,1
sought,6
soul,168
souls,32
sound,28
sounded,2
sounding,1
sounding-box,1
sounds,2
soup,1
sour,2
sour-favoured,1
source,1
sources,1
sourly,1
soutane,11
south,1
southern,1
southward,1
sovereign,1
sovereignty,1
sow,1
sowed,1
space,11
spaces,4
spade,2
span,1
spare,5
spared,2
sparing,1
spark,2
spasm,1
spat,2
spatial,1
speak,39
speakers,1
speaking,9
speaks,3
spear,1
special,3
specially,1
species,3
speck,1
speckled,2
spectacles,4
spectral,2
spectre,2
spectre-like,1
speculation,3
speculations,1
speech,19
speeches,2
speed,1
spell,6
spelling,1
spent,3
spied,1
spiffing,1
spikenard,1
spikes,2
spin,1
spine,2
spinning,5
spirit,22
spirits,3
spiritual,21
spiritual-heroic,1
spit,4
spite,5
spitting,2
spittle,2
spittleless,1
splashed,1
splashes,1
splendour,2
spoiled,2
spoils,1
spoke,35
spoken,15
spools,1
spoonful,1
sports,2
spot,1
spotless,2
spouse,2
sprang,5
spray,2
sprays,2
spread,7
spreading,2
sprigs,1
spring,2
springboard,1
sprinkle,1
sprinter,1
sprung,2
spurned,2
spurning,2
spy,1
squad,1
squalid,4
squall,1
squalor,5
squandered,1
squandering,1
square,12
squarely,1
squares,1
squat,7
squeak,1
squeaking,1
squeezing,1
squires,1
staff,1
stage,11
stages,1
stagnation,1
stain,1
stained,5
staircase,17
stairs,1
stale,5
stalls,1
stammering,1
stamping,3
stand,14
standing,23
stank,1
stanzas,1
star,4
starched,1
stardust,1
stare,2
stared,9
stares,1
staring,6
starred,1
starry,1
stars,8
start,1
started,5
starting,1
startled,1
starving,1
stasis,5
state,13
stately,1
statement,3
static,2
station,6
stations,1
statue,3
statues,1
stature,2
stave,2
stay,2
stayed,1
stead,1
steadfast,1
steadied,3
steadier,1
steal,2
stealing,1
steamed,1
steamers,1
steaming,1
steel,1
steel-rimmed,1
steered,1
stench,5
step,20
stepping,2
steps,32
stern,3
sternly,2
stew,1
stewardship,1
stewing,2
stick,11
sticks,2
stiff,3
stiffly,2
stifling,2
still,77
stimulants,1
stimulus,2
sting,9
stinging,1
stink,4
stinking,5
stinkpot,2
stir,1
stirred,6
stirring,2
stocked,1
stocking,3
stockings,3
stole,2
stolen,3
stolid,1
stomach,1
stone,10
stone-block,1
stonecutting,1
stones,2
stood,76
stooped,2
stop,6
stopped,13
stopper,1
stopping,2
stored,1
storied,1
stories,2
storm,1
story,15
story-teller,1
stout,9
stowed,1
stragglers,1
straight,5
straighten,1
straightened,3
strain,1
straining,1
strait,2
straitness,1
strand,2
strange,45
strangely,1
strangeness,1
stranger,5
strangers,3
strangled,1
straw,3
straw-coloured,1
strayed,3
streaks,1
stream,6
streamed,2
streaming,2
streams,2
street,16
streets,13
strength,1
strengthen,1
strengthening,1
stress,2
stressed,1
stretch,2
stretched,5
strewn,2
strict,1
striding,1
strife,1
strifes,1
strike,3
striking,4
stripped,3
strips,1
strive,1
striving,4
strode,4
stroke,4
strokes,1
stroking,1
strong,17
stronger,2
strongly,3
strove,4
struck,7
structure,1
struggle,4
struggled,5
struggles,1
struggling,3
stubble-covered,2
stubble-grown,1
stuck,6
studded,1
student,28
students,23
studied,2
studies,34
study,14
stuff,2
stuffs,2
stultified,1
stumble,2
stumbled,4
stumbling,3
stump,2
stung,4
stupor,1
style,5
suave,2
suavely,3
subdeacon,1
subject,9
subjected,5
subjection,1
subjects,2
sublime,1
submission,1
submissively,1
substance,2
subterfuge,2
subtle,9
subtler,1
subtlest,1
subversive,1
succeeded,3
succeeding,1
success,1
succession,1
succumbing,1
such,52
suck,2
sucking,2
sudden,27
sudden-risen,1
sudden-woven,1
suddenly,25
suffer,9
sufferance,1
suffered,10
sufferer,1
sufferers,2
suffering,10
sufferings,3
suffice,1
suffocated,1
suffocating,1
suffrage,1
suffused,2
sugan,1
sugar,2
sugared,1
suggested,1
suggestions,1
suit,3
sully,1
sulphur-yellow,1
sulphurous,1
sum,5
sum-warmed,1
summer,4
summon,2
summoned,2
summons,3
sums,5
sun,7
sunbonnet,2
sunbonnets,1
sundered,2
sundering,1
sundown,1
sung,1
sunk,3
sunken,2
sunlight,10
sunny,6
sunrise,1
sunward,2
supererogation,1
supersaturated,1
supper,3
supple,3
supply,1
supports,1
suppose,10
suppression,1
supralapsarian,1
supreme,7
supremely,1
surd,1
sure,24
surely,3
surest,1
surface,4
surge,1
surlily,2
surly,1
surname,1
surplices,1
surprise,1
surprised,2
surrender,1
surrendering,2
surrounded,1
surroundings,1
survey,1
suspended,2
suspicion,1
suspicious,2
sustained,4
sustains,1
swallow,2
swallowed,2
swallows,3
swamp,2
swans,2
swarming,2
sway,2
swayed,1
swaying,8
swear,2
sweat,5
sweated,1
sweater,1
sweaters,1
sweep,1
sweeping,1
sweet,14
sweetness,1
sweets,2
swept,3
swerve,1
swerving,1
swift,6
swiftly,13
swing,1
swinging,2
swirl,1
swirling,2
swish,3
swished,2
swishing,1
switched,1
swollen,4
swoon,2
swooning,3
swop,2
sword,3
sword-like,1
swung,6
syllable,1
symbol,3
symbolism,1
symbolizing,2
symbols,5
symmetrical,1
sympathy,2
synthesis,2
system,2
tabernacle,6
table,40
tablecloth,1
tables,3
tablet,2
tail,3
tails,3
take,20
taken,10
taking,12
tale,7
talent,1
tales,1
talk,22
talked,4
talking,19
talks,1
tall,14
tallow,2
tame,2
tan,1
tangle,1
tangled,2
tanned,2
tape-like,1
tapped,4
tapping,4
tar,1
tardy,1
tarnished,1
tarrying,2
task,3
taste,3
tasted,1
tasting,1
tasty,1
tattered,1
taught,7
taunt,1
taunting,3
taverns,1
tawdry,2
tawny,1
tax-gatherer,1
tea,10
teach,2
teacher,2
teaching,1
teacups,1
team,4
tear,2
tearing,2
tears,17
technical,1
teeming,1
teeth,9
telegraph,1
telegraph-poles,2
tell,47
teller,3
telling,12
tells,4
temper,3
temperament,1
temperature,1
temple,6
temples,2
temporal,2
temptation,2
temptations,4
tempted,3
tempters,1
temptings,1
temptress,1
tempts,1
ten,8
ten-acre,1
tendency,1
tender,15
tenderness,2
tending,1
tendrils,1
tenement,1
tenfold,1
tenor,2
tenuous,4
tepid,2
term,6
terminology,2
terms,3
terrace,1
terrible,23
terribly,3
terrier,2
terrific,1
terrified,1
terror,13
terror-stricken,1
testament,2
testaments,1
testimonial,1
testing,1
texture,2
than,77
thank,1
thanked,1
thankful,2
thankfulness,1
thanks,4
thanksgiving,1
that,875
thats,23
the,5338
the...I,1
theatre,15
theboro,1
their,254
theirs,3
them,232
theme,6
theme-books,2
themes,5
themselves,23
then,153
thence,1
theologian,2
theological,1
theorem,1
theory,3
there,148
thereafter,1
thereby,2
therefore,14
therein,1
theres,4
therewith,1
these,32
they,260
theyll,1
theyre,1
thick,9
thick-headed,1
thickening,1
thicket,1
thickness,1
thief,3
thigh,3
thighs,3
thimbleful,1
thin,15
thin-lipped,1
thing,30
thingmote,1
things,27
think,77
thinking,15
thinks,3
thinly,1
third,16
thirteen,1
thirtieth,1
thirty,4
this,137
thistles,1
thither,11
thorn,1
thorns,1
those,86
those-between,1
thou,1
though,38
thought,84
thought-enchanted,1
thoughtfully,1
thoughtlessness,1
thoughts,19
thousand,5
thousandfold,1
threadbare,1
threads,2
threatened,2
threatening,2
three,25
threefold,1
threepence,1
threshold,6
threw,4
thrice,2
thrill,3
thrilled,3
throat,15
throats,1
throaty,1
throb,1
throbbing,2
thrones,1
throng,3
thronging,1
through,125
throw,2
throwing,1
thrown,4
thrust,10
thrusting,1
thud,2
thuds,1
thumb,3
thunder-storms,1
thundercloud,1
thurible,2
thus,4
thusness,1
thy,2
ticket,1
tickets,1
ticking,3
tickling,1
tide,10
tides,2
tidings,3
tie,1
tier,2
ties,1
tig,1
tight,1
tightening,1
tightly,4
tiled,1
tiles,1
till,30
time,109
time-worn,1
timeless,2
times,21
timid,3
timidity,2
timidly,5
timing,1
timorous,1
tinges,1
tingle,1
tingling,4
tiniest,1
tinkling,1
tins,1
tinsel,1
tiny,14
tip,1
tips,5
tiptoe,1
tiptop,1
tired,7
tis,1
tissue,3
title,2
titlepage,1
titles,1
titter,1
tittered,2
tittering,1
to,1881
toast,1
toasted,1
tobacco,4
toboro,1
today,10
toe,1
toes,1
together,36
token,2
told,63
tolerantly,1
toll,1
tolling,1
tomorrow,7
tone,17
toneless,1
tones,1
tongue,9
tongues,5
tonight,1
too,94
took,25
tools,1
toothpick,1
top,6
top-heavy,1
tops,1
tore,3
torment,16
tormented,1
tormentors,2
torments,4
torn,5
torpid,1
torpor,1
torture,6
tortured,3
tortures,3
toss,2
tossed,2
total,1
totally,1
touch,23
touched,14
touching,2
tourist,1
towards,86
towels,2
tower,1
town,3
township,1
toy,1
toying,1
trace,2
traces,1
track,2
tract,1
tractable,1
trade,1
tradition,4
traffic,1
tragic,3
trail,6
trailed,2
trailing,2
train,16
trained,1
trainer,1
trainers,2
traitor,2
tralaladdy,1
tram,9
tram-men,1
tramhorse,1
tramp,1
tramping,1
trample,1
trampled,2
trams,1
tramtrack,1
tranquil,1
tranquilly,2
trans,1
transference,1
transfers,1
transfigured,3
transfixing,1
transformed,2
transgression,2
transgressions,1
transgressor,1
translate,2
translation,1
transmit,1
transmuting,1
travelled,1
travelling,2
traversed,5
treasure,1
treasures,1
treat,1
treated,2
treble,1
trebling,1
tree,4
trees,18
trellises,2
trembled,9
trembling,16
tremor,2
tremors,1
tremulous,4
trepidation,1
trial,1
trials,1
triangle,1
tribute,2
trick,6
trickled,3
trickling,1
tried,29
trigonometry,2
trilled,1
trillions,1
trim,3
trinkets,1
triple,2
triple-branching,1
trite,1
triumph,3
triumphs,1
trivial,6
trod,1
troop,1
tropics,1
trouble,4
troubled,7
troublesome,1
troubling,1
troughs,1
trousers,5
true,19
truest,1
truly,3
trumpet,3
trussed,1
trust,4
trusty,1
truth,5
try,17
trying,8
tryst,2
tub,1
tucked,3
tucking,1
tuckoo,1
tufted,3
tufts,1
tugged,1
tuition,1
tumbling,1
tumult,3
tumults,1
tundish,6
tunelessly,1
tunicle,1
tunnel,4
tunnels,1
turbulence,1
turbulent,2
turf,4
turf-coloured,3
turkey,5
turn,18
turned,81
turning,21
turnips,3
turnover,1
turns,2
turnstile,1
turret,1
turrets,1
tuskers,1
tusks,2
tussle,1
tutor,1
tweed,2
twelve,4
twenty,4
twenty-five,1
twenty-seven,1
twenty-third,1
twice,9
twig,1
twigging,1
twilight,1
twine-coloured,1
twined,1
twines,1
twinkled,1
twinkling,1
twirling,1
twisted,3
twisters,2
twisting,1
twitching,1
twittered,1
two,71
twofold,3
type,3
tyrant,1
ugly,5
ultra-profound,1
umbrella,9
umbrellas,1
unable,3
unadorned,1
unaided,1
unanswering,1
unawares,1
unbaptized,2
unbearably,1
unbent,1
unbreathable,1
unbroken,1
unbuttoned,1
uncarpeted,1
unceasing,1
unceasingly,1
uncertain,2
unchallenged,1
unchangeable,2
uncle,22
uncoiling,1
uncomfortable,1
uncontaminated,1
uncouth,1
uncover,1
uncovered,2
uncreated,1
undefined,2
under,55
underneath,3
understand,22
understanding,8
understands,1
understood,9
undid,1
undistinguished,1
undivined,1
undo,2
undone,1
undress,1
undressed,4
undressing,1
undried,1
unearthed,1
unearthly,1
uneasily,3
uneducated,1
unexpected,1
unfair,7
unfallen,1
unfavourable,1
unfelt,1
unfettered,1
unfinished,2
unfold,1
unfolding,3
unforeseen,1
unfortunate,1
ungraced,1
ungrudgingly,1
unhappy,1
unheeded,1
uniforms,1
union,2
unite,1
united,2
unites,2
uniting,1
universal,7
universality,1
universe,11
university,4
unjust,3
unkindness,1
unknown,3
unlasting,1
unlawful,3
unless,2
unlike,3
unlit,2
unlived,1
unlocking,1
unluckily,1
unmanly,1
unnerved,1
unpeopled,1
unpleasant,2
unpleasantness,1
unpunished,1
unquestionable,1
unreal,1
unrepentant,1
unrepented,1
unrest,11
unresting,1
unseemly,1
unseen,8
unshaven,1
unspeakable,3
unspoken,2
unsubstantial,1
unsure,1
unsustaining,1
untenanted,1
untidy,1
until,16
unto,4
untrue,1
unutterable,1
unveil,1
unwatchful,2
unwieldy,1
unworldly,1
unworthiness,1
unworthy,1
unwound,1
up,215
upbraid,3
upheld,1
uphill,1
uplifted,3
upon,114
upper,6
upraise,2
upright,1
upsetting,1
upstairs,4
upward,2
upwards,12
urbane,1
urbanely,3
urchin,1
urge,1
urged,8
urges,2
urging,4
urinal,1
urine,1
us,61
usage,1
usboro,1
use,7
used,23
useful,3
useless,1
uses,2
ushered,1
using,3
usual,2
utter,4
utterance,1
uttered,3
utterly,1
utters,1
vacant,1
vacation,6
vague,16
vaguely,8
vagueness,1
vain,5
vainly,1
valid,1
valley,1
valleyed,1
valve,1
van-men,1
vanished,3
vanishing,1
vanities,1
vanity,1
vanquished,1
vans,2
vaporous,1
vapour,2
vapours,5
vapoury,2
variant,1
varied,1
variety,2
various,3
vast,11
vaster,1
vastly,1
vastness,1
vates,1
vault,1
vaulting,2
vaults,1
vegetable,1
vegetation,1
vehemently,1
vehicle,1
veil,3
veiled,7
veiling,2
veils,1
veins,3
velocity,1
velvet,7
venal,2
veneration,1
vengeance,1
venial,3
vent,2
ventricles,1
verbal,1
verge,3
verges,1
vermin,4
veronica,1
verse,6
verses,16
version,1
versions,1
vervain,1
very,63
vessel,1
vested,3
vestments,2
vestry,6
vesture,3
vice,1
vices,1
victories,1
victory,2
view,1
vigilant,1
vigour,1
vile,1
vilest,1
village,2
villainous,1
villanelle,3
villas,1
vindicated,1
vinegar,1
violence,4
violent,4
violently,4
violets,1
viper,1
virgin,4
virginal,2
virgins,1
virtual,1
virtue,4
virtues,3
viscid,1
visible,5
vision,14
visit,5
visitors,3
visits,1
vital,5
vitality,2
vitals,1
vivid,2
vividly,1
vocation,2
voice,104
voices,32
voicing,1
void,4
vomited,1
votes,1
vouchsafed,1
vowel,2
vowels,2
vows,1
voyaging,3
waded,1
wading,1
wafer,1
wagging,1
wagonette,1
wail,3
wainscot,2
waist,3
waist-coateers,1
waistcoat,1
waistcoats,1
wait,5
waited,18
waiter,3
waiters,1
waiting,21
wake,6
wakened,1
wakes,1
waking,8
walk,12
walked,39
walker,1
walking,22
walks,1
wall,24
wallowed,1
wallpaper,1
walls,10
waltz,1
wan,1
wander,4
wandered,6
wanderer,1
wandering,5
wanderings,1
wane,1
waned,2
waning,3
want,20
wanted,15
wantonness,2
wants,4
war,2
wardrobe,1
ware,1
warm,28
warmer,2
warmth,2
warning,2
warnings,1
wars,1
warts,1
was,1038
wash,4
washed,4
washing,2
washing-pot,1
washstand,1
waste,3
wasting,3
watch,4
watched,15
watcher,1
watchers,1
watchful,1
watching,9
water,35
water-jug,1
watered,1
watering,1
waterlogged,1
waterproofs,1
waters,14
watery,3
wave,10
wavelet,1
wavelets,1
wavering,1
waves,12
waving,1
wax,9
waxed,3
waxes,1
waxy,1
way,66
ways,21
wayside,1
wayward,4
we,92
weak,15
weaker,3
weakly,2
weakness,5
weaknesses,1
wealth,2
wear,2
wearied,2
wearier,1
wearily,7
weariness,9
wearing,4
wears,1
weary,20
wearying,1
weather,4
web,1
wedged,2
weed-grown,1
weeds,5
weedy,1
week,5
weekly,1
weeks,2
weep,3
weeping,1
weigh,1
weighed,1
weight,1
welcome,3
well,36
well-dressed,1
well-made,1
well-read,1
well-shod,1
well-to-do,1
wells,1
welter,1
wenches,1
went,83
wept,1
were,331
west,2
westward,2
wet,13
wetted,1
wetting,1
wettish,1
weve,1
whalebone,1
what,164
whatever,12
whats,1
whatsoever,3
wheel,1
wheeling,3
wheezing,2
when,165
whence,2
whenever,4
where,58
whereas,1
whereby,1
wherein,7
whereon,3
whet,1
whether,19
whetted,1
whey-pale,1
which,307
while,43
whimpering,1
whimsical,1
whine,1
whines,2
whining,2
whinny,2
whip,1
whips,1
whirl,1
whirring,2
whiskers,1
whisky,3
whisper,7
whispered,4
whispering,10
whistle,6
whistled,3
whistles,1
whistling,3
whit,1
white,40
white-grey,3
white-robed,1
whiteboy,1
whited,2
whitewashed,1
who,138
whole,29
wholeness,2
wholly,7
whom,27
whores,1
whos,1
whose,22
why,43
wicked,6
wickedness,2
wicket-bag,1
wide,7
widening,2
wider,1
widespread,1
wielding,1
wife,2
wig,2
wild,16
wilder,1
wildhearted,1
wildly,2
wiles,1
wilful,7
wilfully,1
wilfulness,1
will,133
willboro,1
willed,1
willing,5
win,5
wind,9
winding,4
windless,2
window,31
windowledge,1
windows,11
winds,1
windswept,1
wine,10
wine-press,1
wines,2
wineshops,1
wing,1
winged,2
wings,6
winked,1
winning,1
wins,1
winter,1
winters,1
wintry,4
winy,1
wipe,1
wire,2
wires,1
wisdom,7
wise,2
wiseacre,1
wish,10
wished,8
wishes,3
wishing,2
wisps,2
wit,1
with,558
withdraw,1
withdrawal,1
withdrawing,2
withdrawn,1
withdrew,3
withered,3
withering,1
withheld,4
within,31
without,39
witless,1
witnessing,1
wits,1
wittily,1
wives,2
woe,1
woeful,1
woke,1
woman,26
womanhood,2
womanish,2
womans,4
womb,1
women,18
won,5
wonder,12
wondered,25
wonderful,1
wondering,4
wonderment,1
wonderstruck,1
wont,11
wood,9
woodbegirt,1
wooden,8
wooed,2
wooing,1
woollen,1
woollen-gloved,1
woolly,1
word,51
words,68
wore,7
work,11
workaday,1
worked,3
working,2
workmen,1
works,8
workshop,1
world,77
worldlings,2
worldly,5
worlds,1
worm,5
worms,2
worn,5
worse,4
worship,1
worshipped,1
worshippers,4
worst,2
worth,2
worthless,1
worthy,2
wothe,1
would,269
wouldnt,9
wound,4
wounded,4
wounds,1
wrangle,1
wrangling,2
wrap,1
wrapped,5
wrapping,1
wrath,2
wreaths,1
wreckage,1
wrenched,2
wrest,1
wretch,1
wretched,6
wretches,2
wriggled,1
wrinkled,2
wrists,2
write,11
writer,5
writers,4
writes,2
writing,11
writings,1
written,23
wrong,7
wronged,1
wrongly,4
wrote,15
wrung,1
yard,5
yawn,2
yawned,2
yawning,2
ye,1
year,12
years,32
yellow,16
yellowish,1
yells,2
yes,13
yet,34
yield,2
yielded,7
yielding,1
yoke,2
you,601
youd,1
youll,1
young,46
younger,2
youngest,1
youngster,1
your,142
your...father,1
youre,8
yours,3
yourself,16
youth,15
zeal,1
zealous,2
zinc-roofed,1
zoology,1
1,4
2,1
3,2
5,1
6,2
10,1
11,1
13,1
14,1
15,1
16,1
20,1
21,2
22,1
23,1
24,1
25,1
26,1
27,1
30,1
1829,1
