the,5338
and,3144
of,3087
to,1881
a,1719
his,1581
in,1434
he,1237
was,1038
had,889
that,875
him,688
it,640
said,612
He,603
you,601
with,558
I,539
on,505
The,505
for,493
from,465
at,444
as,439
not,413
is,412
by,378
Stephen,371
be,353
were,331
which,307
or,307
her,299
all,278
would,269
out,268
they,260
their,254
them,232
A,222
an,221
up,215
like,208
It,199
God,190
And,185
but,184
into,179
one,179
are,177
eyes,169
soul,168
But,166
when,165
what,164
have,154
then,153
before,149
His,149
there,148
could,146
its,143
about,142
your,142
so,141
me,138
who,138
my,138
this,137
down,134
will,133
Mr,133
life,130
again,130
no,126
face,126
through,125
Cranly,124
if,123
did,123
little,122
over,122
They,121
Dedalus,120
himself,118
first,117
back,117
now,116
upon,114
been,113
day,112
made,111
time,109
mind,107
voice,104
know,103
she,101
old,101
asked,100
felt,98
some,95
after,95
do,95
heard,94
man,94
too,94
came,93
we,92
sin,92
father,92
You,91
dark,91
more,90
come,89
long,89
away,88
Then,87
those,86
towards,86
heart,86
own,85
air,84
thought,84
went,83
see,82
turned,81
What,80
only,80
because,79
hand,79
passed,78
world,77
than,77
still,77
O,77
head,77
good,77
think,77
night,76
stood,76
light,74
ever,74
go,73
seemed,73
against,72
hands,71
began,71
two,71
another,71
every,69
saw,69
In,68
hell,68
words,68
has,67
our,67
fellows,67
way,66
That,66
last,66
name,66
how,65
round,65
never,64
moment,64
told,63
very,63
say,63
door,62
mother,61
us,61
other,61
fellow,60
Stephens,60
Yes,60
instant,59
cold,59
where,58
must,57
called,57
fire,57
body,57
end,56
even,56
Father,55
under,55
right,54
great,54
can,54
looked,54
Temple,53
make,53
boys,53
priest,53
No,53
along,52
love,52
such,52
knew,51
word,51
There,51
cried,50
Dante,50
silence,50
answered,49
side,49
might,49
Lynch,48
any,48
once,48
hear,48
slowly,48
others,47
chapel,47
Do,47
tell,47
morning,47
young,46
lips,46
prefect,46
She,45
image,45
am,45
forth,45
being,45
strange,45
off,45
behind,44
rector,44
fell,44
Why,44
itself,44
sir,43
We,43
why,43
above,43
across,43
while,43
soft,43
always,42
house,42
home,42
many,42
men,42
When,41
same,41
sat,41
evening,41
among,41
All,40
white,40
table,40
walked,39
speak,39
How,39
lay,39
saying,39
also,39
place,39
without,39
often,39
look,39
new,38
boy,38
though,38
college,38
grey,37
remember,37
saint,37
alone,37
feel,37
set,37
between,36
fathers,36
memory,36
together,36
THE,36
well,36
mean,36
water,35
spoke,35
Heron,35
days,35
may,35
put,35
pain,35
Casey,35
holy,35
yet,34
OF,34
beautiful,34
call,34
studies,34
near,34
church,34
hall,34
poor,33
give,33
going,33
beauty,33
rose,33
smell,33
part,33
One,33
left,33
fear,33
here,33
steps,32
these,32
few,32
amid,32
voices,32
Im,32
souls,32
quiet,32
answer,32
AND,32
years,32
people,32
faint,31
darkness,31
held,31
At,31
within,31
window,31
feet,31
priests,31
let,31
Well,31
death,31
esthetic,30
till,30
silent,30
This,30
power,30
Charles,30
Simon,30
bed,30
thing,30
far,30
child,30
Now,30
fingers,30
Fleming,30
quickly,29
whole,29
tried,29
arms,29
repeated,29
done,29
noise,29
room,29
form,29
dead,29
sound,28
seen,28
read,28
dont,28
hair,28
If,28
student,28
warm,28
On,28
course,28
altar,28
country,27
things,27
For,27
better,27
mass,27
sudden,27
heaven,27
green,27
book,27
human,27
earth,27
whom,27
class,26
smiling,26
closed,26
sins,26
music,26
red,26
Is,26
different,26
got,26
children,26
nor,26
order,26
woman,26
anger,26
language,26
Gods,26
knelt,26
died,26
IN,26
just,26
gave,25
grace,25
took,25
three,25
line,25
broke,25
faces,25
fall,25
wondered,25
coming,25
suddenly,25
open,25
Jesus,25
Davin,25
Ireland,25
eternity,25
opened,25
cry,25
bent,25
born,24
found,24
wall,24
pale,24
phrase,24
most,24
names,24
get,24
dear,24
sure,24
much,24
big,24
dean,24
mouth,24
As,24
something,23
touch,23
Tell,23
terrible,23
Are,23
led,23
each,23
figure,23
question,23
should,23
free,23
Mrs,23
shame,23
written,23
friend,23
John,23
students,23
desire,23
standing,23
used,23
themselves,23
thats,23
Dixon,22
flesh,22
evil,22
spirit,22
road,22
To,22
looking,22
Irish,22
uncle,22
Michael,22
Arnall,22
lost,22
whose,22
shall,22
understand,22
brought,22
Clongowes,22
past,22
laugh,22
remembered,22
black,22
talk,22
quietly,22
next,22
sea,22
walking,22
broken,22
full,21
conscience,21
ask,21
Who,21
corner,21
spiritual,21
play,21
turning,21
secret,21
lamp,21
Was,21
ways,21
cruel,21
believe,21
foul,21
raised,21
longer,21
laughed,21
beside,21
damned,21
moments,21
sent,21
times,21
Perhaps,21
given,21
point,21
waiting,21
heavy,21
sky,21
Brother,20
want,20
brain,20
shook,20
prayed,20
step,20
take,20
Not,20
second,20
softly,20
ears,20
foot,20
weary,20
pride,20
passing,20
says,20
gone,20
laughing,19
falling,19
thoughts,19
nice,19
English,19
fallen,19
low,19
talking,19
Let,19
hard,19
true,19
speech,19
sense,19
making,19
Thats,19
whether,19
eat,19
blood,19
nature,19
middle,19
Wells,19
Did,19
moved,19
arm,19
glow,19
An,19
bad,19
small,18
high,18
waited,18
myself,18
smiled,18
dinner,18
brother,18
filled,18
trees,18
sleep,18
burning,18
drawn,18
Every,18
paper,18
city,18
nothing,18
prayers,18
listening,18
Lord,18
eye,18
act,18
queer,18
women,18
Their,18
hour,18
shaking,18
movement,18
turn,18
perhaps,17
hot,17
remained,17
staircase,17
Here,17
tears,17
company,17
art,17
greatest,17
strong,17
tone,17
best,17
birds,17
become,17
garden,17
ear,17
flame,17
beyond,17
prayer,17
clear,17
By,17
conscious,17
try,17
run,17
laughter,17
breath,17
leave,17
religion,17
kind,17
page,16
until,16
verses,16
having,16
Cranlys,16
joy,16
Athy,16
certain,16
street,16
present,16
train,16
dull,16
half,16
Dolan,16
covered,16
So,16
friends,16
torment,16
repent,16
yourself,16
Holy,16
fine,16
grave,16
vague,16
wild,16
Her,16
sorry,16
feeling,16
pleasure,16
Go,16
trembling,16
yellow,16
third,16
sight,16
quite,16
Ill,15
Of,15
live,15
kiss,15
single,15
story,15
youth,15
pity,15
hat,15
idea,15
weak,15
carried,15
presence,15
help,15
allowed,15
brothers,15
wanted,15
desk,15
pointed,15
proud,15
theatre,15
tender,15
simple,15
wrote,15
happy,15
rain,15
silently,15
blue,15
throat,15
companions,15
school,15
both,15
watched,15
MacCann,15
hold,15
spoken,15
thin,15
smile,15
almost,15
thinking,15
peace,15
Blessed,15
seeing,15
Parnell,14
song,14
sweet,14
family,14
clouds,14
vision,14
tiny,14
halted,14
therefore,14
study,14
afraid,14
sides,14
Good,14
Our,14
tall,14
touched,14
son,14
Its,14
Christ,14
pass,14
odour,14
glasses,14
loud,14
shadow,14
waters,14
girl,14
lit,14
forehead,14
didnt,14
dress,14
close,14
stand,14
false,14
aside,14
dim,14
APRIL,14
four,14
corridor,14
lines,14
NOT,14
drove,14
professor,14
field,14
artist,14
divine,14
box,14
sitting,14
yes,13
person,13
swiftly,13
lived,13
judgement,13
Moonan,13
loudly,13
pray,13
poet,13
find,13
wet,13
moving,13
lovely,13
castle,13
ceased,13
lightly,13
From,13
rest,13
neck,13
ran,13
murmured,13
state,13
bloody,13
sinful,13
stopped,13
smoke,13
slow,13
streets,13
around,13
leaned,13
mortal,13
scene,13
terror,13
faintly,13
bodies,13
Where,13
hearing,13
Stevie,13
followed,13
number,13
entered,13
Or,13
Street,12
Your,12
ball,12
Cork,12
girls,12
gazing,12
matter,12
gazed,12
sick,12
force,12
Yet,12
rather,12
short,12
rude,12
cannot,12
whatever,12
beneath,12
bread,12
taking,12
jesuit,12
ages,12
ardent,12
cap,12
year,12
offended,12
Come,12
Aquinas,12
upwards,12
awful,12
sinned,12
plate,12
knowledge,12
loved,12
humble,12
murmur,12
master,12
walk,12
damp,12
refectory,12
waves,12
kept,12
Dublin,12
angels,12
became,12
flying,12
hope,12
square,12
neither,12
TO,12
save,12
pure,12
hearts,12
earthly,12
laid,12
confession,12
sinner,12
deep,12
wonder,12
telling,12
My,12
bird,12
gentleman,11
consciousness,11
prefects,11
boots,11
angry,11
least,11
sorrow,11
thither,11
points,11
Ghost,11
breast,11
keep,11
Moynihan,11
write,11
catholic,11
clothes,11
ago,11
soutane,11
sad,11
listened,11
gloom,11
die,11
anything,11
imagination,11
Son,11
Only,11
vast,11
agony,11
race,11
already,11
letters,11
books,11
bell,11
Boland,11
idle,11
Dont,11
lifted,11
writing,11
ivy,11
windows,11
universe,11
unrest,11
holding,11
questions,11
lead,11
sinners,11
enough,11
wont,11
work,11
frail,11
show,11
bench,11
imagine,11
sing,11
ended,11
opening,11
Will,11
stick,11
paused,11
space,11
shoulder,11
stage,11
Roman,11
pocket,11
While,11
dusk,11
honour,10
With,10
caught,10
Very,10
mountain,10
sign,10
devils,10
cool,10
shoulders,10
history,10
grew,10
met,10
prison,10
senses,10
glancing,10
Thunder,10
cheeks,10
fair,10
expression,10
flew,10
gravely,10
confess,10
narrow,10
rise,10
cries,10
cant,10
Some,10
flaming,10
Can,10
money,10
limbs,10
drew,10
Nasty,10
wave,10
pandybat,10
wish,10
suppose,10
emotion,10
kitchen,10
cloak,10
punishment,10
gold,10
sunlight,10
tide,10
christian,10
walls,10
Him,10
communion,10
placed,10
taken,10
continued,10
arts,10
suffered,10
care,10
stone,10
Francis,10
tea,10
suffering,10
thrust,10
reached,10
reason,10
during,10
humour,10
hung,10
angel,10
land,10
flung,10
knees,10
today,10
elbow,10
whispering,10
faded,10
skull,10
flight,10
listen,10
cheek,10
restless,10
calm,10
hither,10
host,10
faith,10
doesnt,10
grammar,10
retreat,10
wine,10
higher,10
understood,9
praying,9
game,9
meaning,9
late,9
wouldnt,9
twice,9
French,9
moon,9
running,9
mothers,9
Were,9
since,9
pockets,9
ready,9
Uncle,9
appeared,9
existence,9
creatures,9
bit,9
Gleeson,9
speaking,9
teeth,9
mild,9
Roche,9
scarcely,9
shed,9
skin,9
politics,9
heads,9
rhythm,9
intensity,9
hidden,9
poured,9
rectors,9
stout,9
Christmas,9
HE,9
Cecil,9
flowers,9
indeed,9
suffer,9
calmly,9
mine,9
subject,9
cast,9
Ah,9
apart,9
able,9
learn,9
ET,9
leaning,9
tongue,9
gentle,9
rudely,9
places,9
jesuits,9
age,9
wood,9
cane,9
sleeve,9
glass,9
comes,9
Hes,9
subtle,9
fig,9
minds,9
stared,9
bridge,9
wind,9
chair,9
office,9
distant,9
ideas,9
avenue,9
real,9
returned,9
porch,9
pressed,9
below,9
five,9
curious,9
note,9
piety,9
fast,9
wax,9
legs,9
thick,9
Even,9
repeating,9
sang,9
however,9
trembled,9
sting,9
fading,9
bound,9
escape,9
Mary,9
reality,9
lower,9
group,9
begun,9
watching,9
crossed,9
tram,9
umbrella,9
ring,9
director,9
calls,9
common,9
following,9
Hell,9
outside,9
else,9
weariness,9
really,8
fierce,8
unseen,8
heavily,8
Jack,8
glowing,8
ecstasy,8
vaguely,8
slender,8
Had,8
urged,8
echo,8
mistake,8
apprehended,8
bright,8
gently,8
damn,8
images,8
loss,8
apprehension,8
blew,8
stars,8
infirmary,8
confused,8
folded,8
gaze,8
reading,8
cover,8
wished,8
seized,8
swaying,8
decent,8
majesty,8
pious,8
wooden,8
essay,8
poetry,8
match,8
colour,8
lust,8
Two,8
lesson,8
sand,8
familiar,8
hotel,8
calling,8
incense,8
radiant,8
ten,8
catch,8
brown,8
FOR,8
youre,8
imagined,8
floor,8
account,8
intellect,8
mans,8
enchanted,8
seat,8
bowed,8
grown,8
dressed,8
ivory,8
US,8
library,8
understanding,8
quick,8
Latin,8
After,8
fro,8
press,8
shut,8
IS,8
seems,8
path,8
known,8
gesture,8
living,8
silver,8
lady,8
trying,8
easy,8
masters,8
Virgin,8
covering,8
gaily,8
Theres,8
meet,8
Xavier,8
nose,8
doorway,8
flowed,8
glad,8
forward,8
lot,8
plump,8
lights,8
midst,8
eternal,8
playground,8
does,8
rising,8
MARCH,8
playgrounds,8
pair,8
case,8
peasant,8
endless,8
fun,8
waking,8
works,8
crying,8
servants,8
bidding,8
Tate,7
bending,7
scorn,7
During,7
hes,7
wide,7
either,7
six,7
scum,7
spread,7
Three,7
punished,7
seem,7
rubbed,7
flushed,7
raw,7
cricket,7
struck,7
boyhood,7
Riordan,7
colonnade,7
flowing,7
gathered,7
fireplace,7
coat,7
sensible,7
belt,7
Glynn,7
sun,7
purpose,7
despair,7
ends,7
burned,7
wholly,7
drawing,7
pencil,7
Wallis,7
relations,7
universal,7
cause,7
flood,7
fright,7
leaf,7
Nash,7
slimy,7
ate,7
grandfather,7
joined,7
pleasures,7
giving,7
community,7
These,7
dreadful,7
grass,7
obedience,7
rolled,7
Lawton,7
driven,7
repentance,7
humbly,7
unfair,7
scarlet,7
secretly,7
tale,7
figures,7
means,7
velvet,7
deeply,7
sentence,7
Road,7
entrance,7
Old,7
companion,7
constant,7
dancing,7
OKeeffe,7
wearily,7
tired,7
public,7
leaves,7
distance,7
aware,7
chap,7
devil,7
shining,7
use,7
gloomy,7
wore,7
porter,7
front,7
wherein,7
forget,7
forgotten,7
IT,7
coldly,7
players,7
chest,7
supreme,7
shrill,7
praise,7
coils,7
squat,7
folly,7
drank,7
cloud,7
general,7
wisdom,7
taught,7
benches,7
raise,7
created,7
wrong,7
Wellss,7
shameful,7
firm,7
length,7
whisper,7
Youre,7
yielded,7
return,7
darkened,7
fact,7
Id,7
curse,7
troubled,7
Davins,7
deeper,7
less,7
send,7
milk,7
moist,7
lives,7
Newman,7
veiled,7
finger,7
malice,7
loose,7
closing,7
heretic,7
shivered,7
habit,7
QUASI,7
roads,7
angrily,7
burst,7
easily,7
slight,7
gate,7
picture,7
captain,7
break,7
tomorrow,7
accent,7
sodality,7
flames,7
wilful,7
innocence,7
offered,6
individual,6
quadrangle,6
fat,6
bank,6
minister,6
clearly,6
leaving,6
singing,6
rapidly,6
formal,6
THAT,6
greater,6
dread,6
nervous,6
fury,6
dream,6
paid,6
shouted,6
Take,6
bore,6
beat,6
wandered,6
ease,6
drops,6
leather,6
Another,6
board,6
sit,6
staring,6
mystery,6
Johnny,6
hymn,6
artistic,6
Amen,6
quivering,6
bearing,6
Ay,6
pushed,6
temple,6
forms,6
knife,6
sake,6
station,6
discussion,6
Such,6
attention,6
capable,6
business,6
parlour,6
silk,6
added,6
serve,6
band,6
stuck,6
bidden,6
stirred,6
iron,6
tabernacle,6
corruption,6
sleeves,6
Thee,6
flower,6
asking,6
kingdom,6
manner,6
putting,6
sloth,6
instinct,6
Peter,6
kneeling,6
threshold,6
cars,6
inside,6
faster,6
memories,6
frame,6
Time,6
servant,6
landing,6
AD,6
creature,6
difficulty,6
patience,6
bless,6
blessed,6
trick,6
fourth,6
Byron,6
Saturday,6
doors,6
Belvedere,6
slide,6
experience,6
penitent,6
lazy,6
service,6
pieces,6
hours,6
car,6
pink,6
shoes,6
nodding,6
horses,6
upper,6
phrases,6
sank,6
colours,6
early,6
need,6
circling,6
escaped,6
briskly,6
dying,6
odours,6
Look,6
gardens,6
helpless,6
lie,6
glanced,6
animals,6
cigarette,6
liquid,6
stop,6
roar,6
Mother,6
maroon,6
Adam,6
nearer,6
Mercedes,6
miles,6
wicked,6
whistle,6
noiselessly,6
punish,6
Have,6
deed,6
gross,6
anyone,6
pipe,6
beasts,6
ones,6
soldiers,6
bars,6
Damn,6
bear,6
energy,6
eating,6
term,6
gates,6
wretched,6
changes,6
sought,6
vacation,6
consider,6
practice,6
brooded,6
bring,6
corridors,6
cod,6
tundish,6
sincere,6
provincial,6
trivial,6
edge,6
papers,6
vestry,6
according,6
top,6
firmly,6
torture,6
quality,6
smelt,6
Eileen,6
horrible,6
LIKE,6
dry,6
basket,6
swift,6
innocent,6
wings,6
river,6
sunny,6
verse,6
knocked,6
centre,6
chill,6
Because,6
interest,6
loathing,6
parted,6
played,6
sickness,6
sold,6
everlasting,6
stream,6
rim,6
married,6
friendly,6
spell,6
dried,6
rich,6
shaft,6
physical,6
houses,6
bend,6
trail,6
wake,6
clean,6
swung,6
abroad,6
Donovan,6
theme,6
songs,6
action,6
parts,5
park,5
stasis,5
Flynn,5
glance,5
Mike,5
counter,5
Like,5
boyish,5
future,5
outer,5
Blackrock,5
pulled,5
tips,5
stale,5
IVORY,5
won,5
visible,5
reeking,5
bluntly,5
encounter,5
shops,5
eleven,5
confessed,5
week,5
fancy,5
gas,5
silly,5
marched,5
groups,5
slightly,5
spite,5
sombre,5
lane,5
soaring,5
fortune,5
plain,5
Admit,5
baffled,5
herself,5
noted,5
coals,5
awe,5
brush,5
Wicklow,5
childhood,5
older,5
mountains,5
possible,5
recalled,5
wait,5
orders,5
vapours,5
forgiveness,5
eagerly,5
raising,5
stained,5
yard,5
king,5
protestant,5
Boyle,5
style,5
happened,5
sums,5
visit,5
grounds,5
farther,5
simply,5
started,5
bats,5
pick,5
rage,5
hoarse,5
breaking,5
beginning,5
excited,5
worn,5
shawl,5
hit,5
side-pockets,5
bells,5
seven,5
job,5
subjected,5
straight,5
traversed,5
lent,5
Ha,5
piece,5
ladies,5
greeting,5
broad,5
sometimes,5
loneliness,5
nervously,5
gay,5
scattered,5
hatred,5
stretched,5
bedroom,5
schemer,5
appear,5
clock,5
position,5
timidly,5
Didnt,5
Maurice,5
refused,5
pages,5
thousand,5
win,5
pandied,5
movements,5
writer,5
apple,5
symbols,5
mysterious,5
sprang,5
shallow,5
goodness,5
languor,5
flogging,5
crowd,5
sensation,5
issued,5
spinning,5
vital,5
hurried,5
mud,5
meeting,5
Before,5
weeds,5
packet,5
huge,5
ground,5
revery,5
chief,5
danced,5
sum,5
bare,5
legend,5
wandering,5
roll,5
saints,5
pointing,5
trousers,5
vain,5
adventure,5
ahead,5
worldly,5
painted,5
fascinated,5
kinds,5
mood,5
consumptive,5
circumstances,5
ugly,5
Away,5
soon,5
struggled,5
squalor,5
wrapped,5
serious,5
reply,5
candles,5
caps,5
move,5
rang,5
carry,5
lanterns,5
limbo,5
truth,5
cunning,5
chocolate,5
pictures,5
certainly,5
humility,5
shone,5
listless,5
change,5
themes,5
shaken,5
kindly,5
pause,5
sweat,5
stinking,5
Himself,5
boldly,5
Nobody,5
doctor,5
mouths,5
reach,5
admire,5
fit,5
ditch,5
parents,5
clasped,5
law,5
disbelieve,5
culture,5
guilty,5
nodded,5
appeal,5
mock,5
holly,5
merciful,5
drop,5
patient,5
willing,5
object,5
express,5
doing,5
received,5
lain,5
solemn,5
doubt,5
science,5
literary,5
turkey,5
fires,5
Kickham,5
approach,5
FROM,5
changed,5
masses,5
flatly,5
existed,5
stranger,5
First,5
ocean,5
remembers,5
sacred,5
presented,5
hideous,5
sister,5
devotion,5
seraphim,5
disease,5
buried,5
intense,5
burns,5
plants,5
gentlemen,5
bodily,5
weakness,5
Trinity,5
YOU,5
meant,5
Right,5
freely,5
BE,5
somewhere,5
duties,5
click,5
news,5
eternally,5
bowl,5
Help,5
playing,5
shocked,5
bishops,5
tongues,5
sighed,5
railway,5
Europe,5
funnel,5
Clane,5
fill,5
spare,5
lift,5
indifferent,5
dishes,5
interesting,5
WHICH,5
pudding,5
everything,5
moustache,5
fearing,5
longed,5
miserable,5
stench,5
lately,5
persons,5
drink,5
notion,5
worm,5
character,5
hanging,5
THY,5
eyelids,5
dew,5
feared,5
dignity,5
soothed,5
Goggins,5
Victoria,5
cross,5
justice,5
file,5
feels,5
abyss,5
enter,5
bitterly,5
haste,5
multiplied,5
HIS,5
cut,5
Thy,5
noisily,5
Give,5
freedom,5
hearth,5
Kildare,5
philosophy,5
WE,5
pound,5
showed,5
depths,5
torn,5
bath,5
notes,5
peasants,5
BUT,5
solemnly,5
longing,5
spectacles,4
beard,4
creation,4
purified,4
beings,4
mirthless,4
twenty,4
striking,4
Pull,4
stroke,4
grate,4
danger,4
balls,4
mirrored,4
passage,4
William,4
address,4
chain,4
comfort,4
torments,4
sending,4
printed,4
Tralala,4
rested,4
entering,4
instead,4
Ask,4
Lady,4
nails,4
pock,4
governor,4
growth,4
multitude,4
rooms,4
Tusker,4
extension,4
glory,4
coal,4
personal,4
scalding,4
draw,4
palm,4
sly,4
presents,4
feast,4
imagery,4
crept,4
impalpable,4
thrown,4
intend,4
daylight,4
jesting,4
outhouse,4
holder,4
desires,4
chin,4
flirt,4
Whose,4
getting,4
beads,4
sorrowful,4
prophecy,4
compared,4
tingling,4
utter,4
sloping,4
lying,4
tightly,4
promise,4
Sunday,4
pleased,4
turf,4
struggle,4
disgust,4
grain,4
lamps,4
period,4
peer,4
vermin,4
millions,4
pack,4
WILL,4
kindled,4
1,4
Mulrennan,4
winding,4
delighted,4
handle,4
fight,4
tells,4
worshippers,4
Soon,4
manners,4
Out,4
unto,4
foolish,4
team,4
wash,4
million,4
worse,4
acts,4
portraits,4
beating,4
buy,4
grand,4
hide,4
promised,4
offering,4
missed,4
Get,4
Other,4
finish,4
sharp,4
medical,4
busy,4
university,4
lucid,4
answering,4
striving,4
Welcome,4
Ten,4
LORD,4
coats,4
patron,4
rough,4
breakfast,4
breathing,4
shot,4
grievous,4
chilled,4
Ignatius,4
homage,4
choir,4
echoes,4
loving,4
darkly,4
beast,4
ark,4
sinless,4
forgive,4
cheers,4
poison,4
audience,4
Nothing,4
picking,4
ME,4
brief,4
sleeping,4
Hurroo,4
explain,4
comprehend,4
flogged,4
Oh,4
hole,4
sluggish,4
dirty,4
Told,4
flat,4
ALL,4
fields,4
highest,4
lake,4
Corrigan,4
whispered,4
sheets,4
gods,4
closer,4
centuries,4
card,4
invisible,4
withheld,4
thus,4
Little,4
stumbled,4
club,4
IF,4
wander,4
ache,4
harm,4
asleep,4
branches,4
responses,4
WITHOUT,4
girlish,4
strove,4
mental,4
doubts,4
approached,4
wondering,4
mask,4
signs,4
dared,4
bowing,4
brimstone,4
upstairs,4
main,4
surface,4
overcome,4
wayward,4
bone,4
judged,4
rocks,4
curtain,4
bitter,4
Arnalls,4
Paddy,4
breeze,4
maam,4
undressed,4
fork,4
OGrady,4
remembering,4
immediate,4
corpse,4
salute,4
offend,4
lose,4
relation,4
void,4
dormitory,4
flaps,4
closely,4
liked,4
commit,4
violent,4
reflection,4
feigning,4
tunnel,4
TOWER,4
monstrous,4
material,4
grip,4
pour,4
mocking,4
urging,4
wearing,4
trouble,4
Eve,4
national,4
temptations,4
tradition,4
Rosie,4
womans,4
seated,4
please,4
honest,4
baptized,4
hospital,4
glimmer,4
INTO,4
riot,4
filthy,4
grains,4
pains,4
questioner,4
riding,4
catechism,4
failing,4
watch,4
preacher,4
sickened,4
tenuous,4
marshal,4
tobacco,4
beg,4
heres,4
deadly,4
rebellious,4
sideways,4
quaint,4
outward,4
hotly,4
tremulous,4
jacket,4
sisters,4
homeward,4
gleamed,4
climbed,4
rightly,4
constantly,4
wounded,4
Would,4
wrongly,4
childish,4
darkening,4
dramatic,4
fish,4
property,4
cup,4
dawn,4
threw,4
ragged,4
anyhow,4
whenever,4
harsh,4
humiliation,4
bacon,4
cave,4
washed,4
lank,4
strode,4
perfectly,4
bade,4
kneel,4
Aubrey,4
ONE,4
onward,4
sell,4
MY,4
declare,4
twelve,4
Again,4
EST,4
mirth,4
gang,4
founded,4
weather,4
cigarettes,4
lowered,4
definitions,4
rat,4
spit,4
jump,4
served,4
large,4
Asked,4
heaped,4
catholics,4
bliss,4
flutter,4
wound,4
fringe,4
ill,4
murmuring,4
Rody,4
meek,4
violently,4
stink,4
virgin,4
coughing,4
shy,4
Creator,4
cloth,4
linen,4
example,4
spaces,4
pace,4
loveless,4
happiness,4
laws,4
tapping,4
rob,4
fixed,4
EVER,4
virtue,4
rattling,4
excite,4
muddy,4
forgot,4
NIGHT,4
filth,4
flyleaf,4
City,4
fever,4
appeased,4
eucharist,4
trust,4
misery,4
nights,4
confessional,4
drifting,4
magistrate,4
Bous,4
tree,4
tapped,4
several,4
Collins,4
Apologize,4
month,4
keen,4
resting,4
gain,4
mantelpiece,4
footpath,4
summer,4
naked,4
keenly,4
squalid,4
inhuman,4
violence,4
writers,4
talked,4
cases,4
direction,4
Stephaneforos,4
theres,4
opposite,4
difficult,4
Confess,4
emerged,4
sleepy,4
celebrant,4
MORNING,4
sacrifice,4
coarse,4
lumps,4
delicate,4
kings,4
companionship,4
collar,4
fragrant,4
chilly,4
gravel,4
plates,4
shop,4
daily,4
geography,4
bar,4
leaping,4
someone,4
sustained,4
gift,4
mail,4
thanks,4
blind,4
holiness,4
religious,4
star,4
party,4
wants,4
contempt,4
begin,4
idly,4
impulse,4
chapter,4
wintry,4
sacraments,4
thirty,4
scenes,4
sentences,4
outlet,4
stung,4
ambition,4
Death,4
Tennyson,4
receive,4
ashes,4
beaten,4
freckled,4
prose,4
handful,4
peal,4
coloured,4
replied,4
mortify,4
Just,4
ape,4
follow,4
nakedness,4
dish,4
borne,4
swollen,4
ashplant,4
frightful,4
seats,4
Josephine,3
obliged,3
waist,3
gleaming,3
acceptable,3
species,3
likely,3
Redeemer,3
taste,3
baptism,3
sacrament,3
monkey,3
wishes,3
possess,3
salvation,3
hairs,3
Lucifer,3
wheeling,3
glimpse,3
loves,3
March,3
delivered,3
asunder,3
dung,3
Epictetus,3
plunging,3
cattle,3
cerements,3
revolted,3
intuition,3
mighty,3
hoofs,3
alike,3
Evening,3
ruin,3
produced,3
Eden,3
politely,3
deemed,3
marketplace,3
conceived,3
knowing,3
believing,3
virtues,3
rank,3
nostrils,3
humanity,3
dreams,3
heavenly,3
symbol,3
slighted,3
fragrance,3
golden,3
trumpet,3
built,3
artificer,3
blast,3
brushes,3
island,3
sadly,3
swallows,3
pigs,3
choirs,3
enjoy,3
profound,3
sighing,3
Tone,3
theirs,3
dangling,3
named,3
lowly,3
abode,3
particular,3
corrupt,3
fervently,3
Once,3
VISA,3
holds,3
fancied,3
olive,3
remote,3
eluded,3
Could,3
policeman,3
Many,3
voyaging,3
quays,3
THINGS,3
slope,3
prey,3
withered,3
east,3
distinguish,3
firelight,3
founder,3
glorious,3
gathering,3
speaks,3
brow,3
stern,3
disdain,3
sword,3
taunting,3
Isnt,3
serpent,3
shape,3
sunk,3
transfigured,3
fade,3
magic,3
straw,3
immortal,3
tails,3
beheld,3
annoyed,3
problem,3
custom,3
type,3
reflected,3
intellection,3
carriage,3
condition,3
generous,3
truly,3
stiff,3
Church,3
bred,3
knotted,3
tufted,3
poverty,3
examine,3
cares,3
awhile,3
canisters,3
proper,3
overcoat,3
indulgent,3
cutting,3
theory,3
impure,3
confessor,3
secrecy,3
alley,3
eaten,3
oath,3
lover,3
mournful,3
Liffey,3
proof,3
Last,3
Saint,3
succeeded,3
neighbour,3
knows,3
Everyone,3
limits,3
fruit,3
expressed,3
drawl,3
anguish,3
messenger,3
habits,3
belong,3
none,3
phantoms,3
Remember,3
bake,3
Doyle,3
portals,3
bursts,3
fantastic,3
recall,3
cigar,3
pressure,3
shrivelled,3
emotional,3
NOS,3
Leave,3
corners,3
weep,3
October,3
CONFITEOR,3
sensitive,3
lashes,3
whatsoever,3
lingered,3
finally,3
gipsy,3
banter,3
revile,3
admit,3
broadly,3
bleating,3
calf,3
Great,3
flattered,3
fare,3
yours,3
teller,3
malignant,3
behold,3
generations,3
begins,3
Aristotle,3
cleft,3
monk,3
grin,3
tempted,3
appointed,3
Excuse,3
remotest,3
handed,3
event,3
Place,3
Shelleys,3
neglected,3
heresy,3
framed,3
pursuit,3
ourselves,3
purely,3
smiles,3
Lacy,3
Lynchs,3
Mick,3
message,3
join,3
hardly,3
hill,3
birth,3
progress,3
shrewd,3
initials,3
background,3
bet,3
nerves,3
emptied,3
awaken,3
further,3
tumult,3
polite,3
actual,3
mute,3
Venus,3
contrition,3
brotherhood,3
addressed,3
improper,3
kinetic,3
lecture,3
forgiven,3
phases,3
fumes,3
sufferings,3
growing,3
film,3
error,3
confessions,3
tragic,3
humbled,3
jaded,3
aiding,3
connexion,3
German,3
Thomas,3
din,3
awake,3
satisfying,3
agile,3
speculation,3
agreed,3
battered,3
shield,3
slyly,3
infinitely,3
painful,3
mad,3
tidings,3
hypothesis,3
authority,3
admired,3
likeness,3
consent,3
vesture,3
scruples,3
swept,3
brings,3
assumed,3
powerless,3
summons,3
handiwork,3
mere,3
literature,3
marked,3
priest-like,3
base,3
jaws,3
twofold,3
flush,3
humiliated,3
BEAUTY,3
faculty,3
emotions,3
slobbering,3
pillar,3
element,3
sons,3
thief,3
affair,3
Imagine,3
whereon,3
unfolding,3
extinguished,3
Wont,3
avail,3
Ennis,3
rogues,3
fled,3
blessing,3
damnation,3
spirits,3
saved,3
borrowed,3
verge,3
Under,3
courtesy,3
visitors,3
MacAlister,3
nightfall,3
gymnasium,3
unknown,3
horse,3
timid,3
HA,3
makes,3
8216;Il,3
tail,3
WAS,3
scribbler,3
applied,3
ticking,3
SUNT,3
DEDALUS,3
Towards,3
liberty,3
continually,3
checked,3
pierced,3
dance,3
Said,3
MUSICAL,3
spent,3
cowl,3
BRIGHT,3
stripped,3
Long,3
envy,3
crown,3
QUAE,3
admonition,3
anew,3
Almighty,3
using,3
unlawful,3
refuge,3
sash,3
Anthony,3
classmates,3
England,3
venial,3
confidence,3
mornings,3
Italian,3
unable,3
command,3
shrubs,3
rays,3
demons,3
obey,3
villanelle,3
ellipsoidal,3
Emma,3
EXALTATA,3
SUM,3
uplifted,3
frank,3
afflict,3
greeted,3
longings,3
realize,3
piano,3
noble,3
failure,3
bass,3
divided,3
boundless,3
evoked,3
wasting,3
softer,3
VOS,3
trim,3
prelude,3
supple,3
attracted,3
statue,3
AS,3
stumbling,3
urbanely,3
CLARITAS,3
Divine,3
terms,3
pretty,3
Shes,3
tortured,3
price,3
inasmuch,3
afflicted,3
upbraid,3
powerful,3
veins,3
apprehend,3
blank,3
unlike,3
bony,3
rivals,3
bitterness,3
UT,3
various,3
ITS,3
rite,3
bosom,3
intricate,3
epical,3
perfumed,3
quarter,3
skirts,3
gospel,3
special,3
lean,3
embraced,3
score,3
useful,3
pattering,3
strongly,3
Try,3
eager,3
peopled,3
lyrical,3
strayed,3
Tsars,3
enchantment,3
murmurous,3
roof,3
thinks,3
brutal,3
revolt,3
tortures,3
post,3
Upon,3
oozing,3
maze,3
discovered,3
doom,3
unspeakable,3
prolonged,3
swooning,3
EGO,3
jews,3
lala,3
happen,3
Goodbye,3
fifth,3
accents,3
stockings,3
bedside,3
peered,3
Often,3
ghost,3
shiver,3
Barrett,3
dog,3
melody,3
attitude,3
thighs,3
vested,3
nobody,3
PEACE,3
necessary,3
FATHER,3
watery,3
UPON,3
empty,3
Poor,3
OUR,3
havent,3
sauce,3
nave,3
fluttering,3
shore,3
copy,3
cheered,3
shake,3
Larras,3
arranged,3
descended,3
maddening,3
whistled,3
palms,3
waiter,3
steadied,3
thrill,3
gestures,3
unjust,3
mirror,3
sheet,3
Probably,3
death-wound,3
declared,3
senate,3
Hurray,3
pandy,3
rolling,3
Baldyhead,3
certitude,3
lighting,3
AWAY,3
carpet,3
shouting,3
priestly,3
pushing,3
obeyed,3
Quite,3
waning,3
creeping,3
preach,3
minutes,3
flock,3
throng,3
smiler,3
shoved,3
passion,3
BETTER,3
Ao,3
uttered,3
thrilled,3
recede,3
peel,3
lest,3
Too,3
cadence,3
marks,3
turnips,3
bicycle,3
isnt,3
kicking,3
scut,3
stamping,3
Till,3
smoking,3
VISIT,3
entire,3
struggling,3
censer,3
waste,3
sacristy,3
THEE,3
HOUSE,3
GOD,3
supper,3
aid,3
sob,3
Forsters,3
duty,3
corduroy,3
breathed,3
cottage,3
Baldwin,3
suavely,3
Forster,3
cottages,3
Victor,3
maimed,3
quicker,3
whistling,3
mantle,3
leader,3
Hello,3
letter,3
wail,3
harbour,3
pierhead,3
greet,3
Please,3
portfolio,3
nine,3
destiny,3
bogwater,3
plunges,3
tissue,3
deftly,3
hats,3
classroom,3
marry,3
social,3
flog,3
medicine,3
metal,3
Kneel,3
fattish,3
limes,3
grating,3
averted,3
leg,3
county,3
grapes,3
breeches,3
thigh,3
riddle,3
stolen,3
drunk,3
months,3
joke,3
Greece,3
town,3
foreign,3
satisfaction,3
eldest,3
cities,3
leaped,3
pallid,3
weaker,3
lice,3
happiest,3
emperor,3
suit,3
cloudy,3
crack,3
except,3
Friday,3
inner,3
no-coloured,3
whisky,3
bearded,3
underneath,3
clapping,3
frowned,3
Hugo,3
stocking,3
nets,3
white-grey,3
Pray,3
irritation,3
pretended,3
lands,3
livid,3
keys,3
lawn,3
Hill,3
curve,3
welcome,3
kissed,3
swish,3
trickled,3
strike,3
cinder-path,3
McGlade,3
hid,3
rebellion,3
smacking,3
parting,3
fold,3
waxed,3
shivery,3
Any,3
turf-coloured,3
march,3
Hoho,3
idler,3
rats,3
withdrew,3
building,3
hostile,3
goodbye,3
veil,3
blinded,3
colourless,3
Sure,3
straightened,3
tucked,3
Tom,3
Afraid,3
Sorry,3
Leicester,3
ANGELS,3
condemned,3
uneasily,3
About,3
IM,3
pay,3
protestants,3
thumb,3
elders,3
lap,3
worked,3
BLINDED,3
brim,3
plenty,3
strangers,3
abandon,3
May,3
seriously,3
purgatory,3
lapping,3
linger,3
Irishman,3
folds,3
affection,3
cream,3
York,3
frowning,3
conqueror,3
White,3
Portuguese,3
cloister,3
tables,3
vanished,3
famous,3
handsome,3
badge,3
surely,3
ought,3
fist,3
repeat,3
roses,3
lifting,3
Scott,3
temper,3
eagerness,3
forty,3
apron,3
slime,3
smoked,3
breakwater,3
terribly,3
Still,3
awaited,3
triumph,3
statement,3
blackened,3
believed,3
Belgium,3
greasy,3
MR,3
features,3
respect,3
craft,3
twisted,3
learnt,3
conviction,3
basin,3
failed,3
scrupulously,3
pulpit,3
task,3
tore,3
mercy,3
pig,3
brittle,3
instance,3
matting,3
classes,3
Hotel,3
priest-ridden,3
descend,3
hiss,3
countries,3
Abbey,3
fabulous,3
pint,2
unpleasant,2
brilliant,2
reflex,2
purse,2
infernal,2
hundred,2
sonorously,2
feigned,2
deceived,2
education,2
leaders,2
hurtful,2
gland,2
serving,2
Caseys,2
believer,2
mildly,2
rapier,2
sundered,2
replacing,2
dense,2
fumbling,2
betray,2
locker,2
jar,2
Persons,2
sewer,2
filial,2
bitches,2
Thanks,2
manufacturing,2
caused,2
rotted,2
breathe,2
tenor,2
grows,2
stronger,2
peak,2
appetite,2
akin,2
tweed,2
dogs,2
sideboard,2
cycles,2
activity,2
goatee,2
bedad,2
fragment,2
stimulus,2
accomplices,2
briefly,2
renegade,2
misrule,2
SUPER,2
Pride,2
opinions,2
thrice,2
HOPE,2
shell,2
barren,2
knives,2
Art,2
disputes,2
fasts,2
companionless,2
climbing,2
dropped,2
result,2
singer,2
uses,2
stiffly,2
occasion,2
usual,2
proceeds,2
design,2
chosen,2
rules,2
forge,2
hares,2
stuff,2
instrument,2
Arklow,2
Has,2
reckoning,2
tablet,2
working,2
ships,2
transformed,2
pot,2
amount,2
unfinished,2
wainscot,2
GOLD,2
Next,2
aim,2
greyhounds,2
smells,2
kinship,2
sixpence,2
fifty,2
rancour,2
sugar,2
scowl,2
happier,2
routed,2
enormity,2
hypotenuse,2
gas-jets,2
raging,2
sordid,2
imperfections,2
pulp,2
molten,2
meat,2
tides,2
Useless,2
brass,2
grease,2
wrinkled,2
brains,2
loan,2
rare,2
dairy,2
nasal,2
essence,2
ideal,2
texture,2
exactly,2
Byrons,2
public-house,2
season,2
nun,2
spikes,2
rid,2
leagues,2
mutely,2
blossoms,2
mounted,2
distillery,2
system,2
AM,2
responded,2
snares,2
crooning,2
clad,2
sway,2
forming,2
Inverarity,2
ship,2
handball,2
thud,2
endeavoured,2
blunt,2
intelligible,2
marshalled,2
member,2
household,2
commonwealth,2
war,2
paced,2
definition,2
heed,2
proudly,2
leprous,2
nameless,2
banked,2
surprised,2
dusky,2
garish,2
yells,2
innumerable,2
Chapel,2
ruddy,2
eyeglass,2
munched,2
slab,2
occurred,2
sill,2
whinny,2
natures,2
scale,2
arrests,2
shes,2
equivocal,2
stories,2
occur,2
contemplation,2
rooted,2
Maker,2
warning,2
swear,2
addresses,2
carrying,2
Malahide,2
prettier,2
food,2
leisurely,2
groins,2
mists,2
instruments,2
blame,2
unites,2
enjoyed,2
health,2
exhalation,2
daresay,2
kick,2
physics,2
Thursday,2
oarsman,2
Tried,2
comic,2
actor,2
lo,2
swallow,2
spittle,2
fowl,2
notebooks,2
stay,2
lulled,2
Must,2
futile,2
hansom,2
orgies,2
shadowed,2
loathe,2
theologian,2
defiles,2
direct,2
almighty,2
Harcourt,2
musings,2
sacrilege,2
hate,2
peering,2
BY,2
worthy,2
plucked,2
brutish,2
MAN,2
severed,2
shrank,2
sadness,2
servile,2
lively,2
suspicious,2
risen,2
CAST,2
fly,2
searched,2
stifling,2
criticism,2
HIM,2
WERE,2
ABOUT,2
desert,2
Mardyke,2
meal,2
aisle,2
examples,2
LITTLE,2
ghostly,2
fianna,2
ordered,2
Certainly,2
European,2
morality,2
depart,2
womanish,2
glee,2
uncovered,2
sprung,2
spared,2
weakly,2
Moran,2
eke,2
shapeless,2
flouted,2
Groceries,2
pastors,2
bleak,2
dripping,2
racket,2
streaming,2
sympathy,2
Sallygap,2
shortest,2
gifts,2
contrite,2
translate,2
EBUR,2
sentries,2
TEMPORA,2
fiery,2
runner,2
withdrawing,2
recognized,2
Praxiteles,2
lend,2
regretfully,2
clearer,2
practices,2
occasions,2
drinking,2
dragged,2
reproaches,2
repose,2
bounty,2
monster,2
sigh,2
cabbage,2
MUTANTUR,2
Bedad,2
mode,2
inclined,2
licking,2
profusely,2
hounds,2
bald,2
execration,2
noises,2
returning,2
Christy,2
aching,2
keeper,2
eats,2
MUTAMUR,2
seconds,2
glimmering,2
cowdung,2
effort,2
ILLIS,2
brisk,2
hopeless,2
confusion,2
Cashman,2
telegraph-poles,2
Yellow,2
idiot,2
intervals,2
insistent,2
whines,2
stave,2
static,2
rapture,2
unless,2
dumb,2
Respect,2
yield,2
promptings,2
luck,2
nearly,2
ill-gotten,2
Whom,2
abased,2
jingle,2
boat,2
finished,2
treated,2
Blast,2
spoiled,2
Queenstown,2
dove,2
furious,2
sidled,2
allow,2
arrested,2
meekly,2
bands,2
Pascal,2
urges,2
sellers,2
anointed,2
barmaids,2
beggars,2
absolve,2
market,2
MONTE,2
procession,2
dreamed,2
vivid,2
guts,2
mortification,2
wearied,2
lip,2
saluted,2
undo,2
jim,2
awoke,2
slim,2
sex,2
grimace,2
shelves,2
Book,2
reveal,2
friendship,2
fog,2
displeased,2
lid,2
Wolsey,2
opinion,2
dare,2
abbots,2
surlily,2
bucket,2
filed,2
pierce,2
franciscan,2
Buy,2
honourable,2
zealous,2
handsel,2
laying,2
oil,2
granted,2
Sallins,2
cough,2
covenant,2
crocodile,2
continents,2
Nile,2
College,2
embrace,2
deans,2
fattening,2
mens,2
Spaniard,2
Grafton,2
cigars,2
powerlessness,2
throbbing,2
feed,2
worms,2
tawdry,2
Rath,2
Jimmy,2
Magee,2
devoured,2
HAS,2
centres,2
veiling,2
threatening,2
goes,2
blushed,2
turbulent,2
tallow,2
Canker,2
dial,2
hearthrug,2
stirring,2
fourteenth,2
stare,2
god,2
Possibly,2
philosopher,2
fellow-students,2
wishing,2
colder,2
childs,2
eloquence,2
mug,2
seventh,2
pasted,2
assembled,2
marbles,2
clay,2
expanse,2
warmer,2
seventy-six,2
seventy-seven,2
annual,2
Ecclesiastes,2
nay,2
soldier,2
regret,2
lonely,2
degraded,2
Indies,2
India,2
intercede,2
obtain,2
holidays,2
THOU,2
moral,2
courage,2
Satan,2
listeners,2
NO,2
Hamilton,2
convert,2
profit,2
imposition,2
shown,2
benefit,2
DIEU,2
slugs,2
ordination,2
rendered,2
elder,2
shun,2
demeanour,2
backwards,2
Lower,2
lasting,2
languages,2
Alas,2
forbidden,2
offer,2
Rowan,2
yawn,2
yawned,2
trigonometry,2
studied,2
mysteries,2
fully,2
reflect,2
imagining,2
pained,2
sounded,2
stopping,2
stumble,2
expect,2
Be,2
sinewy,2
LOOK,2
copybook,2
uncertain,2
DANGEROUS,2
clever,2
westward,2
worldlings,2
erred,2
frequently,2
EARTHLY,2
pinned,2
accomplished,2
whited,2
loveliness,2
fluttered,2
DEVIL,2
PREPARED,2
FIRE,2
final,2
PULCRA,2
wives,2
silken,2
STAR,2
drily,2
elements,2
weeks,2
America,2
Lancaster,2
thy,2
suck,2
cocks,2
flooded,2
smitten,2
tangled,2
Shame,2
6,2
disposition,2
wantonness,2
lavatory,2
candle-butts,2
Whatever,2
trampled,2
louder,2
daring,2
smote,2
playroom,2
festering,2
preachers,2
abject,2
victory,2
wrath,2
conceive,2
Mad,2
mice,2
throw,2
robe,2
harlots,2
shattered,2
draped,2
EVERLASTING,2
CURSED,2
Nor,2
LES,2
enthusiasm,2
hurled,2
balance,2
chestnut,2
figs,2
Buck,2
unwatchful,2
angelical,2
JUPES,2
prince,2
nimbly,2
archangel,2
venal,2
Whats,2
elbows,2
snuff,2
elephants,2
swop,2
roaring,2
stress,2
upward,2
Met,2
reward,2
hacking,2
learned,2
fired,2
seasoned,2
inch,2
vowel,2
blasts,2
diffident,2
farthest,2
Omnipotent,2
PLACENT,2
Brigid,2
EMBLEM,2
bottomless,2
Supreme,2
DEPART,2
YE,2
prepared,2
lavender,2
Judge,2
stuffs,2
QUOD,2
butter,2
daughters,2
discreet,2
wise,2
warmth,2
indistinct,2
spectre,2
judge,2
chant,2
attended,2
limp,2
blinds,2
Man,2
Lamb,2
animal,2
apostle,2
rubbing,2
shamed,2
Alphonsus,2
Read,2
oblong,2
massed,2
clusters,2
millionfold,2
photograph,2
Coming,2
equation,2
husband,2
Fresh,2
gaudy,2
jargon,2
yawning,2
candle,2
reddish,2
drunken,2
mixed,2
dejection,2
loth,2
Free,2
dissolving,2
spark,2
darker,2
swoon,2
Patience,2
surrendering,2
virginal,2
towels,2
widening,2
intelligence,2
receded,2
athlete,2
vitality,2
indifference,2
Consider,2
chaos,2
mortally,2
beds,2
platinoid,2
significant,2
washing,2
guilt,2
Bonaventure,2
tossed,2
teacher,2
spreading,2
rotting,2
resistance,2
quenched,2
indices,2
bobbins,2
foxing,2
characters,2
inward,2
tepid,2
crouched,2
foulness,2
Nice,2
crumble,2
armed,2
Youll,2
21,2
devout,2
unspoken,2
SANGUINARIUS,2
indignity,2
rages,2
ESTIS,2
rushed,2
racehorses,2
Firbolg,2
farewell,2
duration,2
CREDO,2
lanes,2
doorways,2
sports,2
belted,2
MALO,2
distorted,2
HUMORE,2
details,2
subterfuge,2
falsehood,2
demure,2
bluish,2
pauses,2
luxury,2
avenues,2
incredible,2
lecherous,2
transgression,2
tremor,2
filling,2
check,2
vapoury,2
cope,2
gowns,2
Cantwell,2
homely,2
chemical,2
exhausted,2
poker,2
loins,2
gown,2
roadway,2
awakened,2
ingenuity,2
catafalque,2
coffin,2
Beside,2
sufferers,2
Six,2
blandly,2
streams,2
PAX,2
iniquitous,2
signed,2
drawling,2
graveyard,2
wrangling,2
substance,2
Farewell,2
burn,2
explained,2
fills,2
probably,2
clergy,2
linked,2
curled,2
curtains,2
purchase,2
crowned,2
thurible,2
flashing,2
robber,2
nightshirt,2
fearful,2
swamp,2
response,2
seed,2
becomes,2
mankind,2
protest,2
peach,2
deepening,2
Moynihans,2
lewd,2
lance,2
fabrics,2
offends,2
commandment,2
carriage-lamps,2
obscure,2
tier,2
arid,2
fool,2
hurry,2
Person,2
Second,2
Most,2
afternoon,2
effaced,2
Wednesday,2
DRIVE,2
perishing,2
BESEECH,2
groaning,2
followers,2
Spanish,2
HABITATION,2
THIS,2
MAY,2
Eternal,2
criminal,2
invented,2
CHRIST,2
AMEN,2
compound,2
layman,2
beatitude,2
promises,2
consecrated,2
PER,2
absolved,2
carpenter,2
quartet,2
Findlaters,2
INFUSING,2
HEAVEN,2
president,2
retaining,2
silvery,2
scroll,2
repelled,2
raced,2
heat,2
Began,2
exterior,2
symbolizing,2
vestments,2
gives,2
glories,2
captive,2
cheap,2
pierglass,2
caress,2
slept,2
nurse,2
inaudible,2
dressing,2
cost,2
myth,2
offal,2
horror,2
spouse,2
increased,2
Noises,2
ere,2
offence,2
gnaws,2
plant,2
sunken,2
Bruno,2
temptation,2
matriculation,2
wickedness,2
DEDI,2
impelled,2
Buttevant,2
Crokes,2
TELLING,2
murderers,2
bodys,2
formula,2
outlined,2
advance,2
strait,2
Byrne,2
cheer,2
billiard,2
gradual,2
writes,2
Through,2
tame,2
noiseless,2
designed,2
plane,2
intellectual,2
elliptical,2
impression,2
W,2
pillow,2
coarsely,2
tarrying,2
hash,2
penitents,2
leisure,2
Broke,2
dressing-table,2
preparing,2
mention,2
Darkness,2
ATROX,2
jumped,2
capuchin,2
interrupted,2
palate,2
Lazy,2
S,2
inspiration,2
brooding,2
fail,2
handling,2
loafer,2
omnipotent,2
process,2
baldy,2
dome,2
D,2
reasoning,2
undefined,2
trace,2
lustre,2
falls,2
Tomorrow,2
retired,2
shower,2
wear,2
chatting,2
loafers,2
sharpened,2
rhythmic,2
DOLAN,2
plural,2
natural,2
wife,2
Ever,2
OR,2
sternly,2
penny,2
shimmer,2
stewing,2
Rather,2
flakes,2
addressing,2
summoned,2
SIMPLICITER,2
Eyes,2
Hynes,2
Up,2
teach,2
especially,2
smacks,2
languid,2
windless,2
schoolboy,2
stinkpot,2
hurt,2
glassy,2
cowled,2
sprays,2
fresh,2
conductor,2
driver,2
difference,2
forgetting,2
faithful,2
spine,2
accident,2
west,2
blackish,2
rice,2
saddened,2
floated,2
deliberately,2
drawers,2
flecked,2
availed,2
Those,2
soothing,2
feverish,2
searching,2
piercing,2
mark,2
spade,2
forefinger,2
thankful,2
fishermen,2
scalded,2
whence,2
emerald,2
footboard,2
swished,2
deepened,2
motto,2
crimes,2
poem,2
poems,2
afterglow,2
title,2
blow,2
rose-like,2
gloomily,2
sobs,2
stretch,2
reddened,2
Above,2
incapable,2
Goes,2
ballocks,2
Smoke,2
shrink,2
Lure,2
consumed,2
ablaze,2
pressing,2
lambent,2
cloudlets,2
doll,2
Tallon,2
pleasantly,2
discovery,2
Harford,2
pens,2
wrists,2
Bertie,2
flanked,2
brazen,2
stepping,2
impatience,2
tribute,2
bitch,2
powdered,2
pen,2
Eternity,2
baskets,2
infinite,2
threads,2
geese,2
destined,2
Anything,2
argue,2
sunbonnet,2
eyebrows,2
wig,2
curly,2
copious,2
headline,2
flags,2
helped,2
puts,2
kills,2
minute,2
ascending,2
radiance,2
entry,2
sorrows,2
intensely,2
travelling,2
heaps,2
latter,2
forest,2
Um,2
chewed,2
dwarf,2
trailing,2
looping,2
moorings,2
cables,2
Theyll,2
grinned,2
ferrule,2
listener,2
tittered,2
impatient,2
scholastic,2
choice,2
expelled,2
variety,2
sink,2
curves,2
dais,2
theme-books,2
scandalous,2
removed,2
recognize,2
Sacrament,2
Against,2
louse,2
scales,2
countless,2
dumbbells,2
clubs,2
atoms,2
Indian,2
simplest,2
russet,2
3,2
narrative,2
HAD,2
vapour,2
reel,2
AT,2
Chinese,2
yoke,2
eons,2
worst,2
immense,2
speckled,2
Flemings,2
feathers,2
alarm,2
stooped,2
stole,2
younger,2
chord,2
stature,2
purple,2
seaborne,2
major,2
swinging,2
gravity,2
Longer,2
steal,2
dappled,2
manifold,2
WHY,2
section,2
battle,2
clipped,2
vaulting,2
parcels,2
singlets,2
IMAGE,2
hue,2
Fill,2
temples,2
secretary,2
heavens,2
deference,2
display,2
Rome,2
Parley,2
Davitt,2
bowels,2
jutting,2
mistrust,2
Pawn,2
track,2
frown,2
reluctance,2
suffused,2
American,2
astir,2
conception,2
unchangeable,2
poised,2
foreknowledge,2
spurning,2
journal,2
repugnance,2
canvas,2
whirring,2
Though,2
nightly,2
enclose,2
shuffling,2
lighted,2
darting,2
circles,2
comments,2
curving,2
stones,2
sawdust,2
aflame,2
tryst,2
favourite,2
Towser,2
premonition,2
EYES,2
Duck,2
hills,2
Walter,2
inexperience,2
prolongs,2
timidity,2
shared,2
tenderness,2
cat,2
odorous,2
Stephanoumenos,2
errands,2
dealt,2
distinguished,2
enfolded,2
clasping,2
Put,2
Sometimes,2
GUIDE,2
tanned,2
lull,2
dimmed,2
influence,2
HOME,2
modern,2
trainers,2
marvellous,2
moonlit,2
grimy,2
subjects,2
fluid,2
journey,2
refusal,2
drenched,2
nimble,2
constitutional,2
Heaven,2
amateur,2
village,2
luminous,2
RADIANCE,2
sunward,2
vowels,2
ancient,2
dimly,2
evenings,2
WITH,2
pored,2
winged,2
scenery,2
ON,2
hawk-like,2
trellises,2
Marseille,2
Words,2
haze,2
clapped,2
cows,2
bestial,2
augury,2
aloud,2
oils,2
seawrack,2
turns,2
autumn,2
stubble-covered,2
flabby,2
bran,2
clots,2
cowyard,2
clamour,2
dip,2
foreshore,2
grand-uncle,2
wildly,2
embrasure,2
imperishable,2
Sundays,2
sticks,2
thereby,2
incertitude,2
fainting,2
handkerchief,2
forays,2
share,2
counsel,2
oval,2
suave,2
ringletted,2
pantomime,2
Hunter,2
Mabel,2
Forester,2
musingly,2
ebbing,2
demurely,2
edges,2
ascent,2
MAJOREM,2
DEI,2
GLORIAM,2
fiends,2
reflector,2
Flanders,2
embittered,2
ached,2
beset,2
current,2
nape,2
myriads,2
muffled,2
brighter,2
Aloysius,2
induce,2
brood,2
bravely,2
absolutely,2
Loyola,2
amend,2
whining,2
composed,2
Baldhead,2
feeble,2
Suddenly,2
suspended,2
cheerily,2
Ellen,2
Cross,2
converted,2
Harolds,2
crevice,2
sucking,2
expressions,2
heartily,2
jagged,2
spray,2
impossible,2
timeless,2
spectral,2
filing,2
flickered,2
odd,2
deserving,2
detest,2
christendom,2
displease,2
Blake,2
unlit,2
summon,2
swallowed,2
incoherent,2
snaky,2
frankly,2
errors,2
excrement,2
solid,2
swans,2
feeding,2
cheerless,2
chalice,2
practising,2
Stephanos,2
tranquilly,2
serene,2
Weary,2
Eh,2
isles,2
brushed,2
vans,2
wisps,2
hustled,2
strewn,2
beach,2
lightclad,2
bestially,2
languorous,2
Dwyer,2
shrunken,2
Merrion,2
upraise,2
drive,2
blankets,2
rivulet,2
prevent,2
brows,2
porters,2
trailed,2
crawled,2
merchandise,2
bustling,2
seaweed,2
search,2
drift,2
strand,2
womanhood,2
carefully,2
excitedly,2
disorder,2
settling,2
eucharistic,2
complex,2
shapely,2
sacrificing,2
Rise,2
lays,2
panting,2
hurrying,2
united,2
desired,2
hypocrite,2
ignorance,2
personality,2
unbaptized,2
smaller,2
STEPHEN,2
crowds,2
monkish,2
worth,2
wheezing,2
downwards,2
eggs,2
Square,2
correspond,2
doubted,2
psychology,2
testament,2
friar,2
clerical,2
cruelty,2
evils,2
comradeship,2
amusing,2
patchwork,2
slates,2
Third,2
creamy,2
observed,2
Lessing,2
speeches,2
corrects,2
sweets,2
momentary,2
burly,2
grasses,2
flies,2
temporal,2
Jonson,2
appears,2
leads,2
excitable,2
wines,2
Hoosh,2
chambering,2
waned,2
fenian,2
remark,2
allusion,2
paring,2
stump,2
Ben,2
tusks,2
Might,2
intangible,2
easy-chair,2
pursuing,2
crushed,2
Glynns,2
perfect,2
Youd,2
Adelphi,2
disheartening,2
CONSONANTIA,2
INTEGRITAS,2
elephant,2
THEM,2
somebody,2
bally,2
union,2
court,2
coughed,2
spurned,2
crude,2
Into,2
Godforsaken,2
Being,2
ripe,2
Tuesday,2
eddies,2
bowling,2
labour,2
ministers,2
cinders,2
invention,2
goat,2
remains,2
cash,2
invited,2
football,2
splendour,2
snort,2
absolution,2
token,2
touching,2
terminology,2
jibes,2
fecked,2
applause,2
pomps,2
Neither,2
wooed,2
sausages,2
triple,2
quickening,2
fountain,2
puck,2
lightnings,2
brimming,2
compliments,2
shelf,2
regard,2
planting,2
moody,2
cared,2
mysteriously,2
immeasurable,2
sounds,2
vocation,2
Aristotles,2
breathless,2
dray,2
divested,2
twisters,2
resolute,2
swarming,2
Hurry,2
chewing,2
penance,2
repented,2
lore,2
lobs,2
spring,2
hollow-sounding,2
brick,2
Joness,2
antelopes,2
Bulls,2
cuts,2
wholeness,2
tear,2
circumstance,2
toss,2
Drumcondra,2
synthesis,2
Nay,2
putrefaction,2
bow,2
tormentors,2
wrenched,2
awkwardly,2
communicant,2
sharply,2
tearing,2
charcoal,2
committed,2
elderly,2
luminously,2
mockery,2
mire,2
wedged,2
scraping,2
guest,2
indulgently,2
canal,2
episode,2
traitor,2
fashion,2
CORPUS,2
shaven,2
spotless,2
dolls,2
newly,2
NOSTRI,2
KITTY,2
blowing,2
dainty,2
attempt,2
Elizabethans,2
entreated,2
continual,2
ripping,2
threatened,2
Bull,2
qualities,2
heels,2
OSHEA,2
rocking,2
clenched,2
Having,2
bawl,2
wire,2
crash,2
rests,2
excitement,2
Paul,2
presses,2
deeds,2
scope,2
smarting,2
DOMINI,2
swirling,2
recite,2
scampering,2
wealth,2
ageing,2
PHTH,2
bid,2
Nashs,2
streamed,2
crest,2
allured,2
gutter,2
content,2
madly,2
ciborium,2
spitting,2
scream,2
fox,2
JESUS,2
spat,2
moreover,2
Devil,2
profane,2
terrier,2
Augustine,2
POSSIBILITY,2
painlessly,2
lunches,2
delving,2
sobbing,2
vent,2
perfume,2
dishonour,2
REACHING,2
funny,2
wretches,2
limitless,2
halt,2
harts,2
irresolutely,2
sour,2
pull,2
remorse,2
bunting,2
ARE,2
couldnt,2
alluring,2
comrades,2
insists,2
disheartened,2
demon,2
Vincent,2
implore,2
Cardinal,2
flagstaff,2
juice,2
valleyed,1
receding,1
races,1
Magus,1
capture,1
entrenched,1
salt-eaten,1
laces,1
OURSELVES,1
poetics,1
uncontaminated,1
THERES,1
elevate,1
immune,1
discerning,1
citadelled,1
woodbegirt,1
SCHOLASTICAE,1
placard,1
thanked,1
SYNOPSIS,1
Virgil,1
PHILOSOPHIAE,1
midnight,1
afterwards,1
Castletownroche,1
brackish,1
wildhearted,1
STILLY,1
OFT,1
sea-harvest,1
youngest,1
subjection,1
leastways,1
unheeded,1
chasuble,1
dates,1
wounds,1
imprints,1
thingmote,1
Kilmallock,1
Ballyhoura,1
tarnished,1
wreaths,1
queen,1
crook,1
favourable,1
aims,1
cranes,1
weigh,1
lutenists,1
unbent,1
doubting,1
wipe,1
caman,1
reverence,1
seabird,1
midstream,1
ace,1
unfavourable,1
waist-coateers,1
hinds,1
shells,1
gayclad,1
indelible,1
tangle,1
rabbits,1
Disheartened,1
nomads,1
HERE,1
formless,1
novena,1
STAY,1
8216;COME,1
deserts,1
reverberation,1
waded,1
elfin,1
YOUVE,1
jetsam,1
Sea,1
Melchisedec,1
nominal,1
clambered,1
CALL,1
rapt,1
garner,1
recurring,1
essential,1
lurking-place,1
slow-drifting,1
bush,1
high-drifting,1
redden,1
Orders,1
racing,1
horizon,1
seatangle,1
pitch,1
overtone,1
lifes,1
martyr,1
spied,1
Emerald,1
echoed,1
enlighten,1
distinctly,1
boughs,1
wilder,1
FRIGHTENED,1
wanderer,1
hawk,1
eagle,1
quicken,1
strengthening,1
TIME,1
strokes,1
parried,1
assign,1
matted,1
nobility,1
antagonism,1
dalmatic,1
UK,1
minor,1
unbuttoned,1
rod,1
commingled,1
Clontarf,1
windswept,1
characterless,1
Shuley,1
drownded,1
Cripes,1
piercingly,1
ritual,1
CHILDREN,1
Whaleys,1
ringed,1
McCann,1
HER,1
ITE,1
EXPERIENCE,1
linens,1
acquainted,1
cloud-like,1
scrambled,1
horseplay,1
aliens,1
deliverance,1
brine,1
precision,1
winds,1
EVERY,1
smacked,1
seawater,1
extra-territorial,1
disloyalty,1
deacon,1
pricked,1
greyness,1
leanness,1
buttoned,1
brimless,1
subdeacon,1
crouching,1
sovereignty,1
pitiable,1
Dedalos,1
Dan,1
humeral,1
prophecies,1
aloof,1
liberal,1
Danes,1
hazewrapped,1
abruptly,1
rounded,1
device,1
impersonal,1
Crosby,1
medieval,1
police,1
dusty,1
forging,1
paten,1
span,1
hoardings,1
offices,1
Near,1
fearlessly,1
Clontail,1
clasp,1
divining,1
upheld,1
Connolly,1
tunicle,1
sword-like,1
adolescence,1
repellent,1
timing,1
barrack,1
flapless,1
furled,1
safe,1
Norfolk,1
workshop,1
BEEN,1
shooting,1
Howth,1
Already,1
kisser,1
fitful,1
northward,1
self-mistrust,1
absence,1
pomp,1
wavelets,1
States,1
THOMAE,1
altarsteps,1
partly,1
acolyte,1
jibing,1
United,1
guardians,1
HERSELF,1
sacrificial,1
beckoned,1
outboro,1
sacramental,1
intimacy,1
hoydenish,1
constrained,1
barefoot,1
Inca,1
wading,1
inaction,1
MENTEM,1
fitfully,1
nebulous,1
longdrawn,1
bat-like,1
guile,1
newsagents,1
triple-branching,1
UTTERANCE,1
VOICE,1
currents,1
NATURE,1
guilelessness,1
bunch,1
GIVING,1
DIVI,1
Eleven,1
diminished,1
perished,1
ware,1
MISSA,1
fire-consumed,1
supports,1
thereafter,1
Hopkins,1
mould,1
diving-stone,1
rain-sodden,1
sundering,1
rawly,1
dutiful,1
gallant,1
unanswering,1
arisen,1
Egan,1
Burnchapel,1
Whaley,1
grave-clothes,1
shrunk,1
quench,1
rough-hewn,1
stone-block,1
create,1
silent-mannered,1
challenge,1
sexes,1
collectively,1
equality,1
democrat,1
Guzzle,1
Wolfe,1
tourist,1
PAIN,1
plains,1
discouraged,1
WEARINESS,1
deepen,1
VIVE,1
LIRLANDE,1
massbook,1
Green,1
brake,1
corpse-white,1
antisocial,1
medley,1
delegates,1
YET,1
reverent,1
dovetailed,1
Jaws,1
mottled,1
sawn,1
mingled,1
considering,1
IVOIRE,1
AVORIO,1
Hauptmann,1
Katey,1
reformed,1
droll,1
Foxy,1
lectures,1
foreknew,1
sunrise,1
sour-favoured,1
hallway,1
eyeless,1
Tea,1
tinges,1
latchless,1
commiseration,1
twenty-five,1
Lantern,1
suffocated,1
Boody,1
Gerhart,1
cumbrous,1
remoteness,1
dispassionate,1
fitted,1
enamelled,1
citys,1
block,1
sanctuary,1
falconry,1
involuntarily,1
hitherto,1
miseries,1
vagueness,1
harmonized,1
fetters,1
rain-laden,1
plays,1
Angry,1
downward,1
accomplishing,1
Maggy,1
treasure,1
Gardiner,1
Campbell,1
watered,1
drivel,1
twines,1
well-made,1
resounding,1
Pair,1
poise,1
Grantham,1
muse,1
Ivy,1
Coat,1
Buskins,1
crusts,1
cadences,1
pools,1
squad,1
wells,1
embedded,1
pith,1
inbred,1
islanding,1
sugared,1
shyness,1
veils,1
cloistral,1
deep-rooted,1
Reverend,1
version,1
jars,1
exorcism,1
jampots,1
changing,1
teacups,1
sloblands,1
Milesian,1
gills,1
stain,1
uncouth,1
bottoms,1
thoughtfully,1
S.J,1
grey-fringed,1
Articles,1
Fairview,1
tutor,1
fleece,1
Mans,1
Call,1
orchards,1
azure,1
Discarded,1
Pants,1
heraldry,1
definite,1
shrine,1
DENARIORUM,1
kissing,1
everybody,1
denaries,1
adieu,1
OLLAM,1
nuns,1
top-heavy,1
madhouse,1
Hickey,1
time-worn,1
Tolka,1
potsherds,1
farmhand,1
lapse,1
MacArdle,1
mouldering,1
chines,1
unfallen,1
Horace,1
Quaid,1
orator,1
Contrahit,1
solitary,1
terrace,1
tape-like,1
stagnation,1
secessions,1
cabbages,1
dour,1
victories,1
choosing,1
vates,1
vegetable,1
rubbish,1
crises,1
encampment,1
collars,1
waterlogged,1
DISCRIMINE,1
loosely-hanging,1
screeching,1
IMPLERE,1
variant,1
fowl-wise,1
ham-shaped,1
trite,1
TANTO,1
pole,1
rue,1
youll,1
maniac,1
overall,1
offending,1
bark,1
ear-splitting,1
learning,1
nicknamed,1
irrevocable,1
courtly,1
adoration,1
Idle,1
Ovid,1
interstices,1
INDIA,1
scrub,1
loosed,1
glove,1
jargons,1
MITTIT,1
northern,1
Metamorphoses,1
root,1
construe,1
embittering,1
Dry,1
whimsical,1
genuflecting,1
swing,1
Malcolm,1
incensing,1
exhortation,1
therein,1
bitten,1
elusive,1
Keogh,1
Duncan,1
masculine,1
richer,1
genders,1
tenfold,1
worlds,1
claims,1
screech,1
elaborate,1
mutterings,1
porkers,1
Latinist,1
myrtle,1
vervain,1
Hm,1
hoop,1
skyline,1
marine,1
acquiesced,1
November,1
bind,1
dealers,1
disremember,1
downs,1
infrahuman,1
poorer,1
winter,1
Heavenly,1
detached,1
sufferance,1
speakers,1
Smiling,1
worship,1
hurling,1
embayed,1
theboro,1
palor,1
Becauseboro,1
bloodless,1
rivers,1
shadowings,1
tumults,1
luxurious,1
sands,1
reflecting,1
throb,1
removal,1
Fallon,1
passionless,1
novitiate,1
houseboro,1
troubling,1
dismay,1
Whatsoever,1
dreaded,1
self-communion,1
stonecutting,1
obeying,1
cavern,1
Talbot,1
Ibsen,1
Coupling,1
France,1
password,1
legion,1
aglow,1
outburst,1
turrets,1
sand-built,1
wearier,1
Limericks,1
fashioned,1
willboro,1
wielding,1
fuller,1
lordboro,1
phantom,1
prone,1
soft-hued,1
minding,1
putboro,1
appealing,1
assailed,1
cellar-damp,1
desolate,1
platform,1
woeful,1
decay,1
squarely,1
arras,1
striding,1
forwards,1
usboro,1
knee,1
buff,1
mused,1
slate-blue,1
upright,1
Own,1
death-mask,1
kilted,1
slow-flowing,1
dissolves,1
dark-plumaged,1
landboro,1
carmine,1
masts,1
Boys,1
bestow,1
hips,1
Fonsy,1
bared,1
fabric,1
fringes,1
cousin,1
Fearless,1
Thurles,1
concertina,1
feathering,1
Bairds,1
crisping,1
succession,1
grey-blue,1
Glimmering,1
shapes,1
bluntness,1
grossness,1
acquiescence,1
repelling,1
crimson,1
richly,1
storied,1
starving,1
curfew,1
denied,1
watchers,1
Goneboro,1
toboro,1
cyclic,1
casual,1
Side,1
allaying,1
instantaneous,1
stolid,1
Strand,1
palest,1
flooding,1
stomach,1
recalling,1
glowed,1
delight,1
rhythms,1
priesthood,1
many-coloured,1
silver-veined,1
associations,1
sandhill,1
prism,1
disband,1
vainly,1
turnover,1
ravaged,1
semblance,1
shod,1
Gael,1
trickling,1
flushes,1
skill,1
Cusack,1
North,1
woke,1
provision,1
processes,1
unwieldy,1
lungs,1
tales,1
confusedly,1
anoint,1
listlessness,1
envoy,1
landward,1
wane,1
diffusing,1
courts,1
reasoned,1
recreate,1
advent,1
gasflames,1
loyal,1
serf,1
nightshade,1
err,1
irradiate,1
meaningless,1
dull-witted,1
pulses,1
squall,1
askance,1
reckless,1
sandknolls,1
worshipped,1
unsustaining,1
Dollymount,1
nook,1
planks,1
lookboro,1
quickened,1
prowess,1
Mat,1
tramp,1
sandy,1
shingle,1
inhaling,1
Cavalcanti,1
dilated,1
aboro,1
shaped,1
seaward,1
atboro,1
Guido,1
gossip,1
render,1
periodic,1
depend,1
MONA,1
toothpick,1
intently,1
figseed,1
dislodged,1
wiseacre,1
descendant,1
settled,1
branch,1
Clanbrassil,1
chieftain,1
daughter,1
gait,1
shambling,1
simplicity,1
Bantry,1
mannikin,1
caressing,1
elaborately,1
mistress,1
quarts,1
hunter,1
hack,1
dining,1
rooting,1
Giraldus,1
Reproduction,1
Irelands,1
zoology,1
facing,1
heredity,1
sneering,1
bits,1
firm-featured,1
dual,1
credit,1
patted,1
skipped,1
deaf,1
FAMILIA,1
PERVETUSTA,1
PERNOBILIS,1
Cambrensis,1
farted,1
vehemently,1
FUTURUM,1
POST,1
PAULO,1
flamingest,1
rain-fragrant,1
Face,1
absently,1
toneless,1
sounding,1
well-shod,1
OX,1
urbane,1
displayed,1
melancholy,1
unshaven,1
dwarfish,1
signet,1
DISEASES,1
titlepage,1
frontispiece,1
dictionaries,1
turnstile,1
clicking,1
inclining,1
chess,1
guns,1
complain,1
snap,1
TABLET,1
stubble-grown,1
monkeyish,1
green-white,1
fouled,1
incestuous,1
marred,1
rainy,1
shield-like,1
red-brown,1
athwart,1
woollen,1
witnessing,1
genteel,1
Sadder,1
purred,1
pursed,1
monkey-puckered,1
Warm,1
Delightful,1
Simply,1
flexible,1
LAMMERMOOR,1
BRIDE,1
delightful,1
injuries,1
uncover,1
IPSO,1
FACTO,1
allude,1
prodding,1
tittering,1
Examination,1
monthly,1
Tuition,1
tuition,1
profiting,1
examinations,1
indulging,1
jerking,1
armpit,1
pediment,1
supply,1
Brightness,1
sirs,1
particularly,1
remarks,1
obvious,1
reprovingly,1
indication,1
barefooted,1
butt,1
perambulator,1
Roscommon,1
Romans,1
voicing,1
unpleasantness,1
arse,1
scornfully,1
charging,1
fleet-footed,1
roughly,1
snatched,1
Limbo,1
youd,1
titter,1
blasphemous,1
emphasis,1
amiably,1
emphatically,1
thusness,1
sugan,1
Lead,1
brutally,1
orthodox,1
brightness,1
spasm,1
cesspool,1
Stuart,1
mantled,1
softness,1
Byrd,1
tasted,1
ambered,1
gentlewomen,1
pavan,1
airs,1
fallings,1
Dowland,1
shadows,1
dismounted,1
rudeness,1
intrusions,1
Temples,1
creaking,1
constabulary,1
lutelike,1
fairy,1
babble,1
frayed,1
Covent,1
Garden,1
distilled,1
desirously,1
seethed,1
Vaguely,1
CORNELIUS,1
LAPIDE,1
louse-eaten,1
fed,1
tickling,1
sixth,1
figseeds,1
sweetness,1
wenches,1
pox-fouled,1
balconies,1
wooing,1
taverns,1
yielding,1
disinterred,1
entangled,1
inflaming,1
ravishers,1
pillared,1
readers,1
scullery-maid,1
Rude,1
toy,1
Bah,1
fret,1
lingering,1
fragments,1
kitchen-girl,1
begged,1
hoydens,1
reflections,1
helpers,1
phrase-book,1
San,1
Borgo,1
da,1
Gherardino,1
Donnino,1
lithe,1
toying,1
doves,1
sophistry,1
web,1
clatter,1
KILLARNEYS,1
unveil,1
schooled,1
Moycullen,1
potboy,1
priested,1
discharging,1
transmuting,1
unbroken,1
arising,1
despairing,1
everliving,1
paramour,1
railing,1
shoe,1
sole,1
FELLS,1
LAKES,1
Jacobs,1
biscuit,1
latticed,1
transgressions,1
bat,1
factory,1
profaner,1
discreetly,1
blaze,1
oceans,1
rhyme,1
lured,1
chamber,1
stammering,1
panes,1
soup,1
Fearing,1
roselight,1
twittered,1
virgins,1
seraph,1
madness,1
passionlessly,1
inbreathed,1
purest,1
wakes,1
moth,1
Gabriel,1
womb,1
flashed,1
seraphic,1
candlestick,1
tendrils,1
untenanted,1
Heart,1
Sacred,1
print,1
chords,1
Agincourt,1
carnival,1
instants,1
sarcasm,1
Greensleeves,1
confounded,1
sofa,1
ledge,1
groping,1
singed,1
socket,1
stanzas,1
neat,1
horsehair,1
reminded,1
lumpy,1
cardboard,1
thanksgiving,1
indulgence,1
eaves,1
homes,1
unlasting,1
south,1
prudence,1
Bend,1
Oona,1
eave,1
nest,1
gazes,1
Aleel,1
document,1
commas,1
captivity,1
portents,1
augur,1
curved,1
osier-woven,1
Thoth,1
bottle-nosed,1
cusped,1
ibis,1
reed,1
oceanic,1
sea-dusk,1
Germany,1
Made,1
libel,1
gusts,1
Blasphemy,1
atheists,1
switched,1
electric,1
buddhists,1
budding,1
hisses,1
catcalls,1
Symbol,1
turret,1
chime,1
hurtled,1
departure,1
crooned,1
sweated,1
scene-cloths,1
stalls,1
balcony,1
perverted,1
seasons,1
approve,1
wronged,1
arm-chair,1
wrest,1
Folly,1
compassion,1
pallor,1
lavish-limbed,1
temptress,1
Conscious,1
fulfilled,1
egg-shells,1
cowlwise,1
Shrinking,1
bolster,1
painfully,1
copied,1
blanket,1
overblown,1
descending,1
roseway,1
wallpaper,1
tattered,1
circumfluent,1
lavish,1
insistently,1
spools,1
unwound,1
clove,1
swerving,1
airy,1
correspondence,1
Swedenborg,1
Agrippa,1
Cornelius,1
beaks,1
trilled,1
smoky,1
limp-hung,1
Molesworth,1
limb,1
flash,1
swerve,1
squeak,1
thirteen,1
Twelve,1
count,1
foiled,1
abrupt,1
pronounces,1
protrudes,1
BERGAMASCA,1
ALLA,1
RISOTTO,1
carnal,1
Crossing,1
regiment,1
infantry,1
ninety-seventh,1
countrymen,1
recipe,1
pidgin,1
skylight,1
re-enter,1
lying-in,1
those-between,1
Cannot,1
Got,1
Nolan,1
Ghezzi,1
wrangle,1
threepence,1
dice,1
crucified,1
MISSED,1
clodhoppers,1
HAVE,1
WILLIE,1
Orchestra,1
25,1
Want,1
Strange,1
pillars,1
ascend,1
gallery,1
Gladstone,1
Ewart,1
alarmed,1
Am,1
reviews,1
Went,1
Bond,1
assuredly,1
Among,1
nobs,1
Rotunda,1
diorama,1
Papa,1
Handicapped,1
add,1
Elizabeth,1
Thought,1
Hence,1
Hardly,1
Zacchary,1
precursor,1
locusts,1
belly,1
chiefly,1
Item,1
talks,1
plentifully,1
grizzled,1
Unkempt,1
salt,1
Pepper,1
attends,1
coursing,1
regularly,1
dues,1
Pays,1
matches,1
honey,1
Also,1
Sits,1
Unwell,1
23,1
heifer,1
mammas,1
peevish,1
B.V.M,1
Subject,1
24,1
gruel,1
hungry,1
Dislike,1
decollated,1
Puzzled,1
Decollation,1
veronica,1
percursor,1
lock,1
sizeable,1
22,1
bury,1
Soul,1
phosphorescent,1
streaks,1
15,1
sorts,1
gripping,1
horny,1
red-rimmed,1
Turned,1
valve,1
patented,1
apparatus,1
refrigerating,1
spiritual-heroic,1
cabin,1
Asiatic,1
shine,1
arrow,1
cloven,1
caresses,1
gems,1
journeys,1
14,1
13,1
Vague,1
11,1
Alighieri,1
Talked,1
secondhand,1
26,1
exultant,1
kinsman,1
prays,1
millionth,1
stead,1
27,1
uncreated,1
smithy,1
kinsmen,1
nations,1
throwing,1
revolutionary,1
unluckily,1
plans,1
peas,1
People,1
embraces,1
16,1
Sleep,1
hoped,1
dreamless,1
Faintly,1
Shining,1
bushel,1
lynx-eyed,1
OBriens,1
Mooney,1
sweater,1
hurley,1
Introduction,1
Holyhead,1
VIA,1
Tara,1
Johnstons,1
cakes,1
Crocodile,1
harping,1
proposing,1
30,1
mentality,1
Lepidus,1
Saw,1
2,1
Disapprove,1
operation,1
observant,1
refreshment,1
Houpla,1
blush,1
auburn,1
romping,1
Statues,1
hinder,1
10,1
wrap,1
Robartes,1
LATER,1
Girls,1
apple-trees,1
Says,1
Wants,1
Pennyfeathers,1
rowing,1
More,1
crocodiles,1
Dark,1
Scudding,1
Wild,1
5,1
farmer,1
Strong,1
tightening,1
technical,1
praiser,1
bankrupt,1
tax-gatherer,1
hearer,1
deal,1
dunghill,1
unsure,1
utterance,1
ifor,1
somebodys,1
story-teller,1
enumerate,1
well-to-do,1
affairs,1
pry,1
glibly,1
attributes,1
drinker,1
investor,1
landlord,1
politician,1
carries,1
ambitions,1
pervert,1
finely,1
blackguard,1
plainly,1
sepulchre,1
Somewhat,1
communicate,1
fire-arms,1
reopened,1
closure,1
wafer,1
hardening,1
apologized,1
carelessness,1
jackass,1
Ideas,1
Play,1
contact,1
Gonzaga,1
Suarez,1
scant,1
neatly,1
objected,1
your...father,1
Nine,1
skin-tight,1
imaginations,1
high-pitched,1
jarvies,1
agents,1
squires,1
begat,1
flitting,1
belonged,1
ignoble,1
breed,1
commissions,1
army,1
billiards,1
shouts,1
parleyed,1
SIGFRIED,1
Maples,1
polished,1
housed,1
patricians,1
sleek,1
drawing-room,1
pool-mottled,1
bogs,1
glorified,1
Judgement,1
Taking,1
cursed,1
somewhat,1
impassible,1
unite,1
unhappy,1
supersaturated,1
dispassionately,1
ye,1
Depart,1
quarrel,1
Moses,1
blithering,1
southward,1
easter,1
estranged,1
Addressing,1
examined,1
discuss,1
embarrassed,1
thunder-storms,1
machinery,1
lawfully,1
Kill,1
Talavera,1
de,1
Mariana,1
King,1
goblet,1
secular,1
chastisement,1
saddlebow,1
smear,1
Juan,1
Apply,1
whereby,1
discover,1
washing-pot,1
Pothead,1
unfettered,1
acknowledgement,1
belief,1
provisional,1
rights,1
Freedom,1
robbed,1
carelessly,1
risk,1
separate,1
Alone,1
slowed,1
noblest,1
truest,1
sixty-one,1
thoughtlessness,1
Attacked,1
20,1
lifelong,1
fears,1
fatherland,1
smelling,1
view,1
deflower,1
defence,1
exile,1
Cunning,1
Park,1
Leeson,1
steered,1
Doherty,1
dogmas,1
diffused,1
neediness,1
villas,1
Pembroke,1
township,1
Behind,1
hedge,1
CANTAT,1
MULIER,1
glimmered,1
laurel,1
illogical,1
coherent,1
extreme,1
veneration,1
sacrilegious,1
malevolent,1
penal,1
self-respect,1
logical,1
absurdity,1
forsake,1
liberation,1
enchanting,1
fainter,1
stressed,1
pro-paroxytone,1
intoned,1
ERAS,1
refrain,1
weaknesses,1
surprise,1
believers,1
outlaw,1
strive,1
GALILAEO,1
JESU,1
liturgy,1
quelled,1
strife,1
persuading,1
white-robed,1
girdle,1
CUM,1
TU,1
chanting,1
intoning,1
Over,1
dewy,1
monosyllable,1
droning,1
SCIENCE,1
pronounce,1
mocker,1
doubling,1
trebling,1
ohms,1
coil,1
somnolent,1
quadrupling,1
betrayed,1
elect,1
twine-coloured,1
overgrown,1
Skull,1
heavy-built,1
unkindness,1
Belfast,1
bartered,1
Say,1
whey-pale,1
bowstring,1
Closing,1
gents,1
QUIA,1
FACIES,1
MENDAX,1
survey,1
besotted,1
VOSTRA,1
MONSTRAT,1
Brand,1
Ready,1
tiptop,1
DAMNO,1
UNIVERSALIS,1
HABEO,1
irregular,1
frames,1
photographs,1
crowded,1
signatures,1
rebuffs,1
communed,1
thin-lipped,1
stroking,1
leading,1
juggle,1
Ulster,1
ambling,1
tumbling,1
round-headed,1
herd,1
leafage,1
capering,1
kilting,1
protesting,1
nicknames,1
frog,1
leap,1
cropping,1
giraffe,1
gust-blown,1
sabbath,1
caper,1
setting,1
portly,1
florid,1
discussing,1
economics,1
feathery,1
bursar,1
usage,1
dust,1
insulated,1
temperature,1
coefficient,1
preferred,1
insulates,1
ebonite,1
paraffin,1
saturated,1
induced,1
extra,1
Platinoid,1
urchin,1
Martino,1
F,1
wires,1
proceeded,1
surname,1
discoverer,1
clacking,1
electrocution,1
Martin,1
Water,1
stimulants,1
votes,1
facts,1
Minor,1
Metaphors,1
flourish,1
impress,1
poets,1
peace-offering,1
bystanders,1
GLOBUM,1
SANGUINARIUM,1
TOTUM,1
reactionary,1
bob,1
denounced,1
preached,1
Socialism,1
foam,1
priestcraft,1
Middlesex,1
Lottie,1
Anthonys,1
pip,1
Pip,1
jerked,1
Keep,1
blunt-featured,1
signature,1
MacCanns,1
JOCABIMUS,1
BALLUM,1
crisply,1
altruism,1
recognizing,1
crankery,1
Intellectual,1
responsibility,1
MANUM,1
admirer,1
gulped,1
immensely,1
legitimate,1
icon,1
gulping,1
Feeling,1
imbecile,1
religions,1
independent,1
jostled,1
Easy,1
gripped,1
decaying,1
seaport,1
idioms,1
versions,1
quaintly,1
Late,1
combine,1
silver-wrapped,1
punctuality,1
tendency,1
progressive,1
Elizabethan,1
depress,1
taunt,1
AUT,1
QUIS,1
pours,1
sourly,1
epitaph,1
heaviness,1
quagmire,1
lumpish,1
friendships,1
peeped,1
propagandists,1
Stead,1
rescript,1
fluent,1
inviting,1
disarmament,1
arbitration,1
Marx,1
cheaply,1
secure,1
international,1
equine,1
mercenary,1
Hom,1
seeming,1
wits,1
breast-pocket,1
tugged,1
straw-coloured,1
onlookers,1
gipsy-like,1
idealist,1
testimonial,1
gust,1
cavalry,1
determined,1
earthen,1
bucketful,1
dissertations,1
philosophical,1
butts,1
fused,1
dullness,1
torpor,1
focus,1
jingling,1
smokes,1
guidance,1
fortnight,1
astonishment,1
menace,1
nosegay,1
lucky,1
cliffs,1
explore,1
diver,1
trained,1
Moher,1
thundercloud,1
charged,1
conversions,1
Englishman,1
clamorous,1
follower,1
prodigal,1
intrigue,1
late-comer,1
establishment,1
abhorring,1
dissenters,1
tardy,1
parable,1
reflectively,1
DETAINING,1
detained,1
Newmans,1
Undoubtedly,1
DETAIN,1
jaw,1
Thefunnel,1
overflow,1
careful,1
choose,1
ladys,1
staff,1
prelatic,1
sanctity,1
saintly,1
aught,1
ungraced,1
mortified,1
responsive,1
hunkers,1
silver-pointed,1
greyed,1
combat,1
tending,1
irk,1
busied,1
kindle,1
flagstone,1
Kneeling,1
server,1
levite,1
ephod,1
bell-bordered,1
canonicals,1
levites,1
blinking,1
solve,1
fabled,1
subtler,1
legendary,1
Ignatiuss,1
apostleship,1
shifts,1
BACULUS,1
SENIS,1
ATQUE,1
SIMILITER,1
lame,1
limping,1
APPETITUS,1
TENDIT,1
BONUM,1
pleasing,1
satisfies,1
craving,1
matters,1
draught,1
ajar,1
nail,1
implicit,1
welter,1
tones,1
coughs,1
cobwebbed,1
Kentish,1
rounds,1
Leopardstown,1
snoutish,1
necessity,1
rustling,1
Amid,1
impassive,1
signalled,1
prudent,1
half-brother,1
knightly,1
serving-man,1
desolating,1
steadfast,1
earned,1
lukewarm,1
lax,1
pleaded,1
unworldly,1
obediently,1
coiling,1
Gilbert,1
vaster,1
verges,1
radiating,1
untrue,1
cue,1
chase,1
axes,1
principal,1
ellipsoid,1
twilight,1
paler,1
velocity,1
spectre-like,1
calculations,1
uncoiling,1
atheist,1
freemason,1
rarer,1
projecting,1
mathematicians,1
painless,1
coarser,1
Student,1
Tundish,1
struggles,1
pence,1
zinc-roofed,1
receipt,1
sensitiveness,1
courteous,1
countryman,1
smart,1
foe,1
vigilant,1
disciple,1
insufflation,1
peculiar,1
principle,1
schisms,1
sectarianism,1
snake,1
baptists,1
fine-spun,1
cotton,1
dogmatists,1
supralapsarian,1
ALE,1
MASTER,1
despondent,1
brightly,1
talent,1
pedalling,1
ASPERA,1
ASTRA,1
impartially,1
Leaning,1
arrival,1
oversee,1
uphill,1
Set,1
frets,1
bay,1
accepted,1
acquired,1
sublime,1
inquire,1
degree,1
inanition,1
conclusively,1
speculations,1
MacAlisters,1
linking,1
TRIA,1
REQUIRUNTUR,1
PULCRITUDINEM,1
Find,1
pancake-eating,1
THREE,1
NEEDED,1
butchers,1
excrementitious,1
HARMONY,1
WHOLENESS,1
resembled,1
curling,1
ultra-profound,1
idealistic,1
interested,1
Laocoon,1
benevolently,1
suspicion,1
mate,1
pancakes,1
intended,1
amounting,1
slung,1
inverted,1
harmonious,1
wittily,1
separable,1
divisible,1
multiple,1
connotation,1
inexact,1
generalization,1
representation,1
idealism,1
symbolism,1
THING,1
analysis,1
audible,1
bounding,1
phase,1
separates,1
spatial,1
selfbounded,1
perception,1
structure,1
balanced,1
selfcontained,1
romantic,1
classical,1
results,1
exams,1
neckcloth,1
Mount,1
DEUS,1
Griffin,1
Halpin,1
Clarks,1
OShaughnessy,1
civil,1
OFlynn,1
LIGNO,1
REGNAVIT,1
IMPLETA,1
Fortunatus,1
Venantius,1
REGIS,1
CONCINIT,1
DAVID,1
NATIONIBUS,1
DICENDO,1
CARMINE,1
FIDELI,1
curry,1
bloated,1
respectable,1
highly,1
stew,1
onions,1
Glenmalure,1
acquisition,1
Goethe,1
denial,1
esthetics,1
essays,1
Bring,1
muttered,1
fat-encircled,1
success,1
advanced,1
benevolent,1
lurking-places,1
MacCullagh,1
woollen-gloved,1
stately,1
botany,1
mathematics,1
outshine,1
conditions,1
refined,1
fingernails,1
reprojected,1
impersonalizes,1
refines,1
Trying,1
refine,1
sheltering,1
perpetrated,1
prating,1
dukes,1
assumes,1
eddied,1
progresses,1
broods,1
emerging,1
utters,1
equidistant,1
passes,1
HERO,1
TURPIN,1
ballad,1
narration,1
arcade,1
beloved,1
prattled,1
diamonds,1
pulsation,1
LIVERPOOLIO,1
umbrellas,1
angles,1
sundown,1
rosary,1
harshly,1
raindrops,1
PAUPERUM,1
VITA,1
chances,1
examination,1
lapsed,1
heedless,1
liners,1
bubble,1
Depends,1
commercial,1
midwifery,1
Liverpool,1
oar,1
rhythmical,1
refers,1
wider,1
thought-enchanted,1
Galvani,1
Luigi,1
influenced,1
necessarily,1
finding,1
mediate,1
progressing,1
divides,1
physiologist,1
cardiac,1
permissible,1
esthetically,1
logically,1
analysed,1
QUIDDITAS,1
WHATNESS,1
harmony,1
beautifully,1
likened,1
Shelley,1
answers,1
CHAIR,1
AN,1
THERE,1
MAKE,1
WOOD,1
COW,1
WORK,1
verbal,1
inferior,1
statues,1
ART,1
BLOCK,1
FURY,1
COMIC,1
TRAGIC,1
MADE,1
FINELY,1
PORTRAIT,1
LISA,1
HACKING,1
SEE,1
DESIRE,1
GOOD,1
VEXILLA,1
processional,1
private,1
surge,1
SPEECH,1
INNOCENT,1
syllable,1
friendliness,1
ancestors,1
enemy,1
affections,1
debts,1
foreigners,1
league,1
informers,1
numbers,1
Fianna,1
incline,1
quote,1
nationalist,1
foremost,1
informer,1
indispensable,1
hurleysticks,1
sneerer,1
reviled,1
invite,1
Stop,1
Horan,1
defined,1
insolence,1
notice,1
Pity,1
sufferer,1
lorry,1
London,1
Repeat,1
Terror,1
pinning,1
doddering,1
sow,1
mystic,1
nationality,1
ideals,1
farrow,1
disputing,1
side-thrust,1
exclaiming,1
rebound,1
insisting,1
petition,1
David,1
bible,1
bigger,1
floundering,1
cackling,1
queerest,1
wriggled,1
flaring,1
thuds,1
neared,1
walks,1
weedy,1
newcomers,1
matric,1
lowest,1
conversing,1
escaping,1
jealous,1
threadbare,1
Hackett,1
boarder,1
querulous,1
earnestly,1
n,1
Jean-Jacques,1
Rousseau,1
key,1
pitched,1
peaked,1
lounged,1
muscular,1
delightedly,1
goose,1
intent,1
tussle,1
girth,1
go-by-the-wall,1
expressionless,1
kill,1
anybody,1
cask,1
outright,1
SPOTTUM,1
chamber-pot,1
emotionalist,1
Individual,1
Institution,1
institution,1
needle,1
reporter,1
offspring,1
breasts,1
flanks,1
SPECIES,1
ORION,1
sulphur-yellow,1
liar,1
Sir,1
laden,1
wit,1
energetically,1
lecture-room,1
eugenics,1
Copt,1
Turk,1
Greek,1
Something,1
Hottentot,1
female,1
dislike,1
drearier,1
propagation,1
functions,1
Patrick,1
Duns,1
require,1
reproduction,1
gestation,1
phenomena,1
Maundy,1
PANGE,1
majestic,1
hymnal,1
GLORIOSI,1
LINGUA,1
extends,1
jolly,1
satisfy,1
ill-humour,1
heel,1
jangled,1
coincide,1
stages,1
quoting,1
vastly,1
amuses,1
pennyworth,1
impatiently,1
attribute,1
glint,1
alert,1
reptile-like,1
reptile,1
hooded,1
poignant,1
self-embittered,1
responds,1
dreads,1
shrinks,1
parenthesis,1
flattened,1
recovering,1
pornographical,1
Desire,1
feelings,1
ARREST,1
didactic,1
backside,1
carmelite,1
charming,1
normal,1
Museum,1
eyelid,1
closes,1
kinesis,1
apprehensions,1
pleases,1
Proceed,1
produces,1
right-angled,1
Truth,1
Plato,1
Static,1
triangle,1
distressing,1
wretch,1
induces,1
awakens,1
Beauty,1
critically,1
dissolved,1
Rhythm,1
sleepy-headed,1
expresses,1
blushing,1
cake,1
secrets,1
CINNAMOMUM,1
diplomacy,1
Shows,1
interjected,1
NINE,1
reassumed,1
provincials,1
LAUGH,1
HEARTY,1
DINNER,1
TOLD,1
TWICE,1
UP,1
imitated,1
CHAP,1
MANLY,1
Annoyed,1
mincing,1
MIND,1
SEND,1
YOUNG,1
YOURSELF,1
TOGETHER,1
OVER,1
untidy,1
sweaters,1
hillocks,1
piled,1
jacketed,1
winning,1
programme,1
elected,1
reputation,1
gymnastic,1
barbells,1
companies,1
Stewards,1
grass-plot,1
dressing-room,1
Whitsuntide,1
Belvedereans,1
loitered,1
lantern,1
Ceremony,1
ushered,1
corporation,1
impudent,1
balmy,1
vividly,1
tram-men,1
insignificant,1
maiden,1
protagonists,1
mutton,1
awaiting,1
L,1
leafless,1
incident,1
dint,1
moiety,1
Bray,1
diagrams,1
daydream,1
notices,1
grapple,1
MacSwiney,1
Roderick,1
desisting,1
gravy,1
relish,1
thick-headed,1
holiday,1
Youve,1
wheel,1
ruffian,1
theyll,1
bye,1
mumbled,1
screwed,1
c.a.t,1
gamecocks,1
Fed,1
Christian,1
arrange,1
bang,1
coated,1
Stink,1
Micky,1
arent,1
theyre,1
Mud,1
formed,1
farcical,1
HEATHENA,1
THEEA,1
LET,1
CHURCHA,1
PUBLICANA,1
imitation,1
tolerantly,1
blankety,1
mouthpiece,1
prevented,1
HEAR,1
rippingly,1
introduction,1
overcoated,1
dandyish,1
halting,1
lark,1
tonight,1
pedantic,1
imitate,1
schoolmaster,1
model,1
bazaars,1
expressively,1
nudged,1
timorous,1
rout,1
melt,1
Indeed,1
PART,1
WHAT,1
inquisitive,1
deucedly,1
virtual,1
dullards,1
ruffled,1
shock,1
beaked,1
mobile,1
hooked,1
close-set,1
undistinguished,1
inexpressive,1
prominent,1
poke,1
salaamed,1
violets,1
Neapolitan,1
troop,1
laggards,1
curtsying,1
pink-dressed,1
rouged,1
delicately,1
pencilled,1
old-fashioned,1
flapping,1
hustling,1
testing,1
sergeant,1
knickers,1
pedagogue,1
springboard,1
silver-coated,1
rattle,1
hollow,1
peeping,1
curiosity,1
bonnet,1
dumbbell,1
artillery,1
journeying,1
incommunicable,1
speck,1
aromatic,1
trusty,1
throaty,1
recognised,1
shelter,1
sentiment,1
waltz,1
schoolhouse,1
admiration,1
murmurs,1
exclaimed,1
clashes,1
festive,1
plots,1
hulks,1
anchored,1
ornamental,1
collected,1
muddied,1
boarded,1
uncarpeted,1
furnished,1
van-men,1
footstool,1
foggy,1
enlisted,1
enemies,1
monologue,1
dozed,1
attract,1
furniture,1
dismantle,1
tramping,1
caravans,1
rope,1
safely,1
lumbering,1
red-eyed,1
stowed,1
whip,1
poking,1
rumbling,1
quay,1
bobbing,1
corks,1
carts,1
ill-dressed,1
bales,1
suggested,1
strangeness,1
vastness,1
docks,1
unchallenged,1
contented,1
freer,1
witless,1
sonny,1
neighbouring,1
skeleton,1
customhouse,1
central,1
map,1
Weakness,1
surrounded,1
puddles,1
Stradbrook,1
mare,1
tractable,1
steaming,1
troughs,1
cow,1
drives,1
battles,1
September,1
milking,1
Carrickmines,1
fought,1
maids,1
lieutenant,1
heightened,1
shaggy,1
weed-grown,1
milk-car,1
milkman,1
stragglers,1
hayseeds,1
milkmans,1
clattering,1
mares,1
obscured,1
shocks,1
tramtrack,1
Rock,1
overt,1
seek,1
unsubstantial,1
rove,1
dissipated,1
sag,1
pleasant,1
jug,1
scrubbed,1
Whenever,1
driving,1
deliver,1
gingernuts,1
bag,1
gloves,1
stocked,1
aloft,1
flattering,1
travelled,1
dancers,1
agitation,1
exciting,1
stayed,1
footsteps,1
tickets,1
blithely,1
latest,1
hiding,1
snug,1
romped,1
crackers,1
spoils,1
games,1
merriment,1
cocked,1
withdrawn,1
sung,1
sunbonnets,1
noses,1
hers,1
exercise,1
ink,1
bottle,1
corrugated,1
initial,1
A.M.D.G,1
titles,1
similar,1
C,1
E,1
shreds,1
ticket,1
waiters,1
vanities,1
urge,1
cork,1
listlessly,1
seemingly,1
deserted,1
watcher,1
tranquil,1
watchful,1
childrens,1
reshaping,1
impulses,1
embitterment,1
causes,1
insincerity,1
chronicled,1
flavour,1
mortifying,1
tasting,1
detaching,1
adorned,1
array,1
wineshops,1
sum-warmed,1
wakened,1
steamers,1
dissatisfaction,1
lowering,1
jovial,1
relatives,1
skies,1
backless,1
aunts,1
arches,1
sayings,1
bustled,1
dark-windowed,1
vaults,1
galleries,1
feebly,1
OO,1
caverns,1
complaining,1
shouldering,1
devotedly,1
tiptoe,1
aunt,1
japanned,1
exquisite,1
crookedly,1
mauled,1
promptly,1
load,1
DOES,1
TAKE,1
restlessness,1
restlessly,1
halts,1
Dead,1
duped,1
southern,1
desks,1
anatomy,1
irritated,1
entertained,1
Pottlebelly,1
paces,1
Queens,1
mentioned,1
purposes,1
local,1
youngster,1
Along,1
dozen,1
garrulous,1
bloom,1
depressed,1
FOETUS,1
den,1
abase,1
sweep,1
furiously,1
Manys,1
Harry,1
Dyas,1
Bob,1
Mountain,1
Peard,1
thronging,1
reveries,1
broad-shouldered,1
evoke,1
absent,1
startled,1
jack-knife,1
jogged,1
malady,1
capered,1
tan,1
cross-examined,1
drisheens,1
dispossession,1
auction,1
evoker,1
flask,1
phantasy,1
Maryborough,1
sleepers,1
neighbourhood,1
unpeopled,1
Mallow,1
draughts,1
sighs,1
steamed,1
Kingsbridge,1
piss,1
LOTTS,1
slipping,1
stations,1
evocation,1
twinkling,1
manned,1
chink,1
galloping,1
fades,1
tis,1
Amerikay,1
injured,1
dies,1
tremors,1
COME-ALL-YOU,1
twirling,1
COME-ALL-YOUS,1
festooned,1
cured,1
Makes,1
traffic,1
windowledge,1
allayed,1
punctual,1
examining,1
craning,1
Tis,1
phrasing,1
water-jug,1
Moriarty,1
Frenchman,1
encouraging,1
flirted,1
oglings,1
curvetings,1
unearthed,1
traces,1
Dilectus,1
passages,1
finer,1
Lee,1
bout,1
saucer,1
Pickackafax,1
Corkonian,1
lob,1
importuned,1
jackeen,1
Newcombes,1
rattled,1
Dedaluss,1
coffee-house,1
correct,1
level-headed,1
Tim,1
twenty-seven,1
century,1
nearing,1
eighteen,1
Draw,1
Kerry,1
five-barred,1
vault,1
asserted,1
fire-eater,1
great-grandfather,1
boldest,1
complacently,1
nonsense,1
bother,1
tiled,1
drifted,1
grandchildren,1
bouncing,1
Yerra,1
barmen,1
elastic,1
limestone,1
watering,1
maid,1
arabs,1
glare,1
treble,1
mix,1
enthusiasms,1
battling,1
revellers,1
uniforms,1
bystreet,1
Keevers,1
good-hearted,1
Corbet,1
Joey,1
Tantiles,1
cricketers,1
wicket-bag,1
blazers,1
flannels,1
player,1
Irishmen,1
respond,1
infuriated,1
signboards,1
interpret,1
insensible,1
gladness,1
wardrobe,1
Names,1
dejected,1
rosy,1
lakelike,1
South,1
treat,1
kidney,1
associate,1
Terrace,1
maneens,1
breaking-suddenly,1
handsomest,1
pipes,1
laneway,1
cobbled,1
explanation,1
broadened,1
Fudge,1
Marryat,1
vows,1
rhymester,1
loft,1
uneducated,1
scornful,1
nudging,1
Captain,1
dunce,1
Halt,1
chiding,1
OAh,1
submission,1
attendants,1
wagging,1
wonderment,1
bookcases,1
Clonliffe,1
couplet,1
classmate,1
pinioned,1
onset,1
signal,1
Behave,1
Struggling,1
blows,1
jeering,1
fence,1
barbed,1
knotty,1
buck,1
prisoner,1
Jerusalem,1
Tyson,1
pony,1
rode,1
Alec,1
Kafoozelum,1
trans,1
immoral,1
lieutenants,1
NEARER,1
APPROACHING,1
indelicateness,1
resented,1
reproof,1
fairly,1
playful,1
tingle,1
Herons,1
dimples,1
irreverence,1
submissively,1
weve,1
pleasantry,1
allusions,1
indelicate,1
Jove,1
SING,1
leave-taking,1
moodiness,1
wearying,1
courses,1
forbidding,1
undivined,1
disquieted,1
hush,1
triumphs,1
weekly,1
pathway,1
dug,1
starched,1
rrmAh,1
Rrmrrm,1
detection,1
creaked,1
goal,1
outstrip,1
subversive,1
intimately,1
affected,1
phenomenon,1
ferment,1
writings,1
pitting,1
incidents,1
fate,1
clenching,1
fists,1
jerks,1
able-bodied,1
hauled,1
apparel,1
awry,1
acting,1
actors,1
lifeless,1
disjointed,1
rehearsals,1
clothed,1
mistrustfulness,1
distractedly,1
pungent,1
joking,1
desecration,1
LILY,1
KILLARNEY,1
infection,1
compact,1
remembrance,1
rift,1
acted,1
breakneck,1
Without,1
Georges,1
nudges,1
speed,1
herbs,1
morgue,1
resentment,1
anguished,1
sudden-risen,1
stares,1
exodus,1
onwards,1
mummery,1
deformed,1
magically,1
overtake,1
flickering,1
forced,1
elude,1
cheerlessly,1
well-dressed,1
decency,1
senior,1
haughty,1
steadier,1
lighter,1
quarrelsome,1
rival,1
sincerity,1
turbulence,1
mistrusted,1
seduced,1
unnerved,1
appearance,1
cowardice,1
whit,1
tormented,1
hearers,1
descriptions,1
unreal,1
sudden-woven,1
divesting,1
homewards,1
anticipation,1
manhood,1
furtive,1
gingerly,1
chalks,1
paints,1
fingertips,1
rhythmically,1
curls,1
glossy,1
toes,1
dabbling,1
shabby,1
revival,1
healthy,1
manly,1
irresolution,1
foresaw,1
labours,1
fresh-faced,1
phantasmal,1
meanwhile,1
unadorned,1
remain,1
birthday,1
cramped,1
his-neck,1
coat-tail,1
Queen,1
hadnt,1
ozone,1
Yes...O,1
likelihood,1
Yes...I,1
coattails,1
boss,1
ivy-twined,1
flamed,1
moaning,1
deck,1
chandelier,1
jiffy,1
toasted,1
easy-chairs,1
covers,1
Head,1
stir,1
meals,1
hearty,1
Sit,1
puppy,1
Bless,1
pearled,1
guinea,1
skewered,1
trussed,1
glistening,1
dewlaps,1
foxes,1
thimbleful,1
decanter,1
coat-tails,1
shortly,1
whet,1
Christopher,1
jack,1
warts,1
champagne,1
twinkled,1
moonless,1
fond,1
Dear,1
tramhorse,1
rake,1
toll,1
tolling,1
BURY,1
churchyard,1
Bury,1
Dingdong,1
Butter,1
toast,1
Hayfoot,1
Quick,1
collywobbles,1
Minister,1
Strawfoot,1
cabinet,1
buttered,1
undressing,1
bottles,1
OLD,1
CHURCHYARD,1
buttons,1
liberator,1
granduncle,1
shilling,1
waistcoats,1
rabbitskin,1
Someone,1
Holland,1
grown-up,1
beer,1
Roches,1
Saurins,1
tip,1
jumpers,1
spiffing,1
beef-tea,1
accidents,1
shipwrecks,1
bedclothes,1
riddles,1
Mine,1
Dunns,1
DOlier,1
tasty,1
carvers,1
splashes,1
Eat,1
popes,1
prong,1
receiving,1
dish-cover,1
winked,1
carving,1
the...I,1
coolly,1
THAN,1
RATHER,1
SEA,1
DEPTHS,1
SHOULD,1
SCANDALIZE,1
ONES,1
LEAST,1
THESE,1
Billy,1
tub,1
Low-lived,1
rend,1
Sons,1
hounded,1
behaved,1
Honour,1
indignation,1
instructive,1
insulted,1
defend,1
Parnells,1
pawns,1
coachman,1
Leitrims,1
Princes,1
Armagh,1
Lords,1
Tub,1
Really,1
bestiality,1
winters,1
NECK,1
TIED,1
oldish,1
Eton,1
nursery,1
flag,1
hungrily,1
lopsided,1
curl,1
Havent,1
sauceboat,1
roguery,1
sprigs,1
almonds,1
Daly,1
Ally,1
breastbone,1
prodded,1
ham,1
celery,1
peeled,1
studded,1
plum,1
canon,1
ILL,1
meddle,1
whos,1
political,1
flocks,1
WOE,1
WHOM,1
MILLSTONE,1
WOULD,1
COMETH,1
SCANDAL,1
election,1
confine,1
WHEN,1
DUES,1
YOUR,1
PAY,1
CEASE,1
TURNING,1
advice,1
fools,1
POLLING-BOOTH,1
Sleek,1
cancer,1
wettish,1
stopper,1
tie,1
Suck,1
Always,1
cracked,1
sailor,1
Forge,1
wins,1
Bravo,1
McGlades,1
lace,1
slippers,1
jewelly,1
fender,1
Cancer,1
Mozambique,1
Channel,1
heartburn,1
well-read,1
longest,1
bets,1
cards,1
breadbasket,1
Sick,1
whats,1
magistrates,1
looks,1
Dalkey,1
dominoes,1
pretending,1
woolly,1
roared,1
hogwash,1
tins,1
clumsy,1
tablecloth,1
prints,1
Lavender,1
scullion,1
girt,1
cocoa,1
Saurin,1
scullions,1
spelling,1
Spelling,1
tralaladdy,1
hornpipe,1
sailors,1
nicer,1
cachou,1
Vances,1
charge,1
eagles,1
apologize,1
Eileens,1
oilsheet,1
gets,1
moocow,1
tuckoo,1
baby,1
hairy,1
Betty,1
lemon,1
botheth,1
wothe,1
platt,1
footballers,1
orb,1
useless,1
dodged,1
Lawtons,1
scrimmage,1
ha-ha,1
flowerbeds,1
Cornwells,1
Doctor,1
shortbread,1
butler,1
whirl,1
waving,1
runs,1
dog-in-the-blanket,1
hamper,1
greaves,1
Hed,1
toe,1
five-shilling,1
double,1
rump,1
knotting,1
Tullabeg,1
whips,1
drivers,1
merrily,1
Cheers,1
Bodenstown,1
farmhouse,1
cheering,1
Cheer,1
Farmer,1
Jolly,1
Getting,1
Going,1
ironing-room,1
murderer,1
Down,1
coverlet,1
battlefield,1
Prague,1
battlefields,1
marshals,1
ghosts,1
half-doors,1
smouldering,1
rods,1
curtain-rings,1
Lovely,1
Holly,1
splashed,1
basins,1
spy,1
clinging,1
loosened,1
horrid,1
chandeliers,1
twined,1
unlocking,1
locking,1
guards,1
facings,1
whistles,1
Allen,1
ropes,1
poles,1
telegraph,1
tucking,1
undress,1
nation,1
Universe,1
World,1
County,1
dwellingplace,1
expectation,1
scissors,1
ripped,1
everywhere,1
bottom,1
Wood,1
Elements,1
playrooms,1
plop,1
shouldered,1
kisses,1
wetted,1
Sitting,1
Class,1
Dantes,1
crayons,1
arguing,1
rhetoric,1
DWELL,1
HOLY,1
ENEMY,1
SNARES,1
HEREIN,1
PRESERVE,1
THROUGH,1
ALWAYS,1
BLESSINGS,1
half-door,1
Incline,1
shivering,1
Night,1
Term,1
tunnels,1
seawall,1
kettle,1
announce,1
punch,1
hob,1
Catholic,1
ironically,1
wetting,1
lessons,1
excuse,1
kind-looking,1
placing,1
Faster,1
cradle,1
sky-high,1
cinderpath,1
bumped,1
chairs,1
baize,1
Kostka,1
Stanislaus,1
patrons,1
berretta,1
Gonzago,1
Berchmans,1
fumbled,1
sweeping,1
Kenny,1
locked,1
hoisted,1
Anywhere,1
bump,1
shies,1
gallnuts,1
nicely,1
salubrious,1
repaired,1
mollifying,1
gunpowder,1
villainous,1
pavilion,1
Bartons,1
Conmee,1
groans,1
flinging,1
directions,1
decentest,1
anyway,1
Major,1
digged,1
obedient,1
Ricci,1
Lorenzo,1
helplessly,1
calming,1
elses,1
palsy,1
hushed,1
helping,1
steel-rimmed,1
corrected,1
Yorkists,1
mistakes,1
whine,1
crashing,1
rims,1
steel,1
fluff,1
Dolans,1
straighten,1
stinging,1
quivered,1
crumpled,1
crumple,1
fault,1
pandy-bat,1
besides,1
Corrigans,1
straining,1
bushes,1
slapped,1
tiles,1
stairs,1
decide,1
waxy,1
dreadfully,1
heath,1
Tales,1
potatoes,1
Wednesdays,1
fritters,1
hed,1
Richmal,1
Magnalls,1
Parleys,1
History,1
Questions,1
greased,1
jambs,1
legends,1
Munster,1
wayside,1
Trudging,1
avid,1
glimpses,1
avenger,1
CRISTO,1
COUNT,1
translation,1
Sandyford,1
Dundrum,1
walker,1
squandered,1
respecting,1
catchwords,1
corns,1
Stillorgan,1
thence,1
Goatstown,1
Either,1
divined,1
wonderful,1
Mills,1
ally,1
muscatel,1
Madam,1
adventurers,1
buttonhole,1
chose,1
Napoleons,1
daggerwise,1
attached,1
sadder,1
adventures,1
Outside,1
tinsel,1
strips,1
transfers,1
whitewashed,1
rosebushes,1
landmark,1
measured,1
Both,1
sprinkle,1
font,1
whiskers,1
rugged,1
hale,1
BLARNEY,1
messages,1
Carysfort,1
exposed,1
handfuls,1
liberally,1
Avenue,1
GROVES,1
HAIR,1
hummed,1
sounding-box,1
tools,1
arbour,1
contentedly,1
TWINE,1
GOLDEN,1
BLUE,1
BOWER,1
boxes,1
barrels,1
gather,1
nursemaids,1
wonderstruck,1
comically,1
athletics,1
runners,1
pouch,1
fibres,1
lustreless,1
illustrate,1
trainer,1
grandnephews,1
generously,1
apples,1
seize,1
shopman,1
Theyre,1
favoured,1
booked,1
list,1
exempted,1
Imy,1
emancipation,1
1829,1
aspirations,1
Cornwallis,1
denounce,1
Terence,1
Cullen,1
guffaw,1
MacManus,1
Bellew,1
Marquess,1
loyalty,1
APPLE,1
THEY,1
TOUCH,1
mahogany,1
EYE,1
adulterer,1
Lanigan,1
Bishop,1
protruded,1
hoarsely,1
seizing,1
Kickhams,1
Lyons,1
terror-stricken,1
sobbed,1
shares,1
stealing,1
Procession,1
boatbearer,1
surplices,1
crimped,1
holders,1
freeing,1
starting,1
screamed,1
Blasphemer,1
cobweb,1
reasonably,1
upsetting,1
slammed,1
Fiend,1
napkin-ring,1
whiteboy,1
portrait,1
killed,1
tig,1
moan,1
tower,1
booing,1
baaing,1
PRIEST-HUNTER,1
screaming,1
bawling,1
harridan,1
litany,1
severe,1
digest,1
grunting,1
flushing,1
blackest,1
convent,1
Alleghanies,1
chainies,1
trinkets,1
savages,1
PARIS,1
FUNDS,1
ONeill,1
Sergeant,1
wagonette,1
OShea,1
chinstrap,1
Cabinteely,1
unfortunate,1
QUEEN,1
SAVE,1
esplanade,1
Kitty,1
swayed,1
Tullamore,1
quid,1
saving,1
FOX,1
sully,1
MARY,1
ENTIRELY,1
DROWNDED,1
JOSEPH,1
spoonful,1
hissed,1
Napoleon,1
generals,1
winy,1
sickish,1
Gentlemen,1
corrections,1
noun,1
decline,1
insult,1
blot,1
scraped,1
Kelly,1
tight,1
ADRIFT,1
SHIP,1
PRUDENCE,1
capital,1
waxes,1
Dominic,1
benediction,1
monstrance,1
MARE,1
ablative,1
contorted,1
armpits,1
squeezing,1
Hold,1
rosin,1
schemers,1
Write,1
Make,1
Furlongs,1
poked,1
banged,1
leapt,1
idlest,1
black-looking,1
ashamed,1
singular,1
Copy,1
letting,1
moustaches,1
beards,1
high-up,1
Zeal,1
shirt,1
Rangers,1
Bective,1
fifteen,1
smugging,1
tuskers,1
slabs,1
Balbus,1
closets,1
pinholes,1
slate,1
Smugging,1
Caught,1
grit,1
cinder,1
machine,1
sprinter,1
goalposts,1
Barnes,1
rounders,1
Flowers,1
prof,1
closet,1
backhand,1
rolled-up,1
Athys,1
whalebone,1
bum,1
knuckly,1
inky,1
pared,1
cuffs,1
shiny,1
spot,1
Besides,1
Belly,1
Calico,1
Caesar,1
Julius,1
eight,1
twisting,1
wears,1
expulsion,1
ferulae,1
Boy,1
drain,1
sin-corrupted,1
cowardly,1
assailing,1
over-cloud,1
wrapping,1
filthily,1
binding,1
huddling,1
impenitence,1
hardened,1
scatter,1
benumbed,1
ascertain,1
endeavour,1
endeavouring,1
considerable,1
plenipotentiary,1
Murmuring,1
routing,1
Bodily,1
murmurously,1
strain,1
thistles,1
rictus,1
glittered,1
india-rubber,1
hornybrowed,1
malignity,1
greyly,1
complained,1
waistcoat,1
flannel,1
ribs,1
Goatish,1
Creatures,1
marshlight,1
tufts,1
Thick,1
nettle-bunches,1
ordure,1
bristling,1
crusted,1
sluggishly,1
grey-green,1
Faces,1
inhabit,1
murders,1
deaths,1
robberies,1
diseases,1
unpunished,1
transgressor,1
Begotten,1
consequences,1
retrieve,1
cohort,1
wars,1
illusion,1
racks,1
preys,1
everlastingly,1
devours,1
woe,1
decreed,1
mete,1
astonished,1
Men,1
brethren,1
provoke,1
cleaving,1
fervour,1
erring,1
wavering,1
region,1
viscid,1
pining,1
knob,1
porcelain,1
grasping,1
strengthen,1
confirm,1
Saviour,1
compassionate,1
mangled,1
trample,1
trod,1
wine-press,1
crucifies,1
transfixing,1
thorn,1
monotonously,1
Soft,1
DAY,1
HARBINGER,1
PURITY,1
BREATHING,1
LIGHT,1
PILGRIM,1
LED,1
HAST,1
STILL,1
LEAD,1
ETERNAL,1
SOAK,1
NOW,1
STATE,1
SUITED,1
LUSTRE,1
VERY,1
FACE,1
MOTHER,1
DEAR,1
FORM,1
DARK,1
ACROSS,1
cowering,1
Madness,1
abasing,1
cowered,1
guardian,1
wilfully,1
Frowsy,1
arrive,1
ill-lit,1
madman,1
marrow,1
torpid,1
repentantly,1
wept,1
WILDERNESS,1
BLEAK,1
housedoor,1
flagstones,1
understands,1
sinfully,1
happens,1
COMELINESS,1
CREATURES,1
Air,1
entrails,1
revolting,1
clogging,1
washstand,1
convulsion,1
thicket,1
yellowish,1
cocoon,1
vomited,1
pouring,1
goatish,1
swishing,1
issuing,1
dragging,1
spittleless,1
besmeared,1
shite,1
reserved,1
terrific,1
thrusting,1
showers,1
shimmering,1
CAME,1
SO,1
BEDIMMED,1
MAJESTY,1
HIMSELF,1
WEAKNESS,1
STEAD,1
CREATURE,1
SENT,1
POWER,1
SHROUDED,1
SAFELY,1
EARTH,1
COME,1
MEANT,1
ONCE,1
HEAVENLY,1
GLORY,1
COULD,1
THEN,1
SINNED,1
sustains,1
varied,1
perpetual,1
arises,1
engendered,1
DAMNI,1
Pope,1
Innocent,1
research,1
libraries,1
all-devouring,1
inflicted,1
POENA,1
separation,1
otherwise,1
inalienably,1
bonds,1
obstinately,1
inexhaustible,1
exiled,1
separated,1
nothingness,1
supremely,1
treasures,1
gorgeous,1
impart,1
fruitless,1
comforts,1
honours,1
bewail,1
deepest,1
abominable,1
indulgences,1
religiously,1
opportunity,1
dross,1
fume,1
hoard,1
miser,1
delicacy,1
feasts,1
revengeful,1
merciless,1
hellfire,1
adulterous,1
revelled,1
deprived,1
totally,1
favourites,1
Royal,1
gulf,1
Undefiled,1
intriguers,1
ant-like,1
Four,1
quietude,1
mounds,1
laboured,1
browsing,1
knee-deep,1
shrieking,1
corolla,1
Flames,1
tenement,1
Voices,1
funk,1
bike,1
spin,1
ThatS,1
muscle,1
quail,1
composition,1
exercises,1
cage,1
twenty-third,1
endure,1
Sin,1
consists,1
angelic,1
beast-like,1
instincts,1
thirtieth,1
Psalms,1
Far,1
sincerely,1
slid,1
ventricles,1
besought,1
abjection,1
THINE,1
SIGHT,1
craved,1
wallowed,1
appealed,1
grasps,1
seashore,1
insect,1
extensive,1
reaching,1
extending,1
beak,1
particles,1
enormous,1
thickness,1
unbearably,1
intolerably,1
requires,1
lustful,1
demands,1
outraged,1
redemption,1
vilest,1
dire,1
crowning,1
vile,1
billions,1
trillions,1
fiendishly,1
gloat,1
enrage,1
goaded,1
dupes,1
raiment,1
cessation,1
ray,1
pardon,1
respite,1
gnawed,1
beatific,1
eon,1
immeasurably,1
sinkings,1
risings,1
dizzily,1
vouchsafed,1
repetition,1
ceaseless,1
unceasingly,1
unceasing,1
Boundless,1
external,1
faculties,1
internal,1
lends,1
fitting,1
alternate,1
possesses,1
impotent,1
reigns,1
interior,1
counteracting,1
contrary,1
viper,1
threefold,1
gained,1
Ruler,1
core,1
hellish,1
counteracts,1
evade,1
scorned,1
bears,1
Opposed,1
weight,1
sinking,1
overcomes,1
loathed,1
re-endowing,1
enkindled,1
maintained,1
succumbing,1
fiercer,1
humblest,1
lord,1
soften,1
admixtures,1
contraries,1
coexistent,1
Company,1
elsewhere,1
coveted,1
hated,1
source,1
curbstones,1
dank,1
channel,1
sources,1
dried-up,1
desolation,1
scrupulous,1
unrepented,1
visits,1
communions,1
self-surrender,1
reception,1
dryness,1
fasting,1
close-shut,1
twitching,1
outbursts,1
Images,1
recurred,1
discouraging,1
harder,1
merge,1
comparison,1
Liguori,1
sere,1
perilous,1
surrender,1
COMMORABITUR,1
MEA,1
attraction,1
meditations,1
ejaculation,1
fevered,1
wavelet,1
advancing,1
UBERA,1
INTER,1
interwoven,1
canticles,1
fervent,1
foxpapered,1
communicants,1
arise,1
leopards,1
Amana,1
espousal,1
needed,1
devotions,1
fire-shovel,1
sharpening,1
flee,1
control,1
twigging,1
instinctive,1
experiments,1
comparisons,1
tar,1
outdoor,1
exerted,1
balked,1
Each,1
peril,1
fraught,1
saintliness,1
rigorous,1
discipline,1
shunned,1
downcast,1
rule,1
fishy,1
long-standing,1
gospels,1
itch,1
patiently,1
positions,1
undried,1
self-restraint,1
disturbed,1
sneeze,1
suppression,1
unworthy,1
uncomfortable,1
consciously,1
distraction,1
strict,1
practised,1
urine,1
divert,1
savours,1
inventiveness,1
assiduous,1
foods,1
undone,1
filched,1
flippant,1
pandies,1
high-spirited,1
athletic,1
doctrine,1
muffin,1
openly,1
presumed,1
seduce,1
disobeyed,1
intelligent,1
disingenuous,1
articles,1
kindling,1
modified,1
ridiculous,1
reins,1
Stradbrooke,1
rose-soft,1
soft-worded,1
harness,1
Lately,1
judgements,1
blindcord,1
Think,1
important,1
caves,1
uniting,1
communing,1
designs,1
Ladys,1
sodalists,1
shows,1
cycle-track,1
perceive,1
eminent,1
deliberate,1
Macaulay,1
accustomed,1
critics,1
Louis,1
Masked,1
unresting,1
Veuillot,1
cycling,1
troublesome,1
hasty,1
fruitlessly,1
attain,1
perfections,1
wrung,1
concerned,1
amended,1
amendment,1
surest,1
imminent,1
holily,1
freed,1
trials,1
frequency,1
unawares,1
immunity,1
Frequent,1
citadel,1
wilfulness,1
inattention,1
raged,1
crossblind,1
cord,1
anxious,1
dominican,1
unforeseen,1
guess,1
dubitative,1
capuchins,1
cloisters,1
retain,1
franciscans,1
sober,1
sequel,1
grooved,1
total,1
deft,1
roofs,1
cordially,1
colleges,1
respectful,1
cordial,1
transference,1
achieve,1
lowliest,1
dishonourable,1
misfortunes,1
Sixteen,1
Priest,1
unmanly,1
farthing,1
Drive,1
astray,1
parching,1
quaking,1
oozed,1
vice,1
vanity,1
gluttony,1
Sins,1
lies,1
disobedience,1
Icommitted,1
sore,1
Andwith,1
impurity,1
tempts,1
hates,1
ETERNAM,1
VITAM,1
rail,1
cups,1
hallowed,1
heroic,1
whetted,1
pontiff,1
sovereign,1
intentions,1
dresser,1
shade,1
ascended,1
mercifulness,1
Blinded,1
Promise,1
pervading,1
pardoned,1
peaceful,1
forbearance,1
willed,1
Eight,1
FAULT,1
workmen,1
Bearded,1
Thank,1
directed,1
guiding,1
canopy,1
boards,1
confessionals,1
side-altars,1
sacristan,1
shifted,1
oilcan,1
dimmer,1
favour,1
dearer,1
bleakly,1
merged,1
Consciousness,1
unlived,1
unfelt,1
tract,1
planing,1
teaching,1
crucifix,1
blindly,1
armrest,1
vanishing,1
Everybody,1
whimpering,1
GRIEVOUS,1
MOST,1
bounded,1
clicked,1
vaporous,1
cease,1
mending,1
shaping,1
trade,1
carpenters,1
powdery,1
alighting,1
murder,1
crime,1
heated,1
side-altar,1
interleaved,1
incomprehensibility,1
august,1
acceptance,1
easier,1
passions,1
pronounced,1
slipped,1
penetrate,1
abiding,1
invested,1
proceeding,1
Spirit,1
dwelt,1
trepidation,1
enlightened,1
distinct,1
Paraclete,1
robed,1
begetting,1
Perfections,1
contemplating,1
grasp,1
Gradually,1
burden,1
omnipresent,1
Meek,1
foully,1
pieties,1
mortifications,1
desist,1
exaltation,1
dangers,1
forewarned,1
continue,1
unquestionable,1
twig,1
Life,1
symmetrical,1
enriched,1
thank,1
Giver,1
universality,1
theorem,1
complexity,1
confident,1
defiled,1
suffrage,1
remitted,1
zeal,1
penances,1
agonizing,1
purgatorial,1
circle,1
increasing,1
moisture,1
differed,1
canonical,1
achieving,1
devotional,1
catacombs,1
testaments,1
prayer-book,1
areas,1
ejaculations,1
quarantines,1
ungrudgingly,1
stored,1
supererogation,1
regarded,1
chaplets,1
odourless,1
hueless,1
unearthly,1
grow,1
theological,1
joyful,1
sanctified,1
redeemed,1
coronals,1
rosaries,1
repercussion,1
radiantly,1
revibrate,1
circled,1
keyboard,1
register,1
column,1
immediately,1
start,1
cracking,1
bubbling,1
lulling,1
cultus,1
age-long,1
late-blossoming,1
CEDRUS,1
LIBANON,1
GADES,1
PALMA,1
SION,1
CUPRESSUS,1
late-flowering,1
emblems,1
psalms,1
restrained,1
unworthiness,1
confessing,1
spikenard,1
myrrh,1
lineage,1
royal,1
frankincense,1
PLANTATIO,1
ROSAE,1
SUAVITATEM,1
ELECTA,1
MYRRHA,1
ODOREM,1
ODORIS,1
humiliate,1
shyly,1
dwelling,1
re-entering,1
knight,1
AROMATIZANS,1
BALSAMUM,1
CAMPIS,1
SPECIOSA,1
ULIVA,1
JERICHO,1
PLATANUS,1
JUXTA,1
SICUT,1
PLATEIS,1
AQUAM,1
wing,1
kneeling-desk,1
succeeding,1
ardour,1
established,1
Instead,1
atonement,1
fountains,1
beggar,1
alms,1
refresh,1
sanctifying,1
excess,1
reigned,1
accompanying,1
starry,1
cycle,1
disappearing,1
stardust,1
unfold,1
quenching,1
folding,1
bale-fire,1
measure,1
Devotion,1
hypocrisy,1
hair-oil,1
sickly,1
morally,1
sceptical,1
cajole,1
cushioned,1
prefecture,1
certificate,1
illuminated,1
bareheaded,1
embers,1
hellward,1
hurl,1
destruction,1
lusted,1
atoned,1
All-seeing,1
blundering,1
surd,1
All-knowing,1
frenzy,1
emblem,1
ONLY,1
REMEMBER,1
afar,1
simoom,1
LAST,1
SHALT,1
strangely,1
rheum,1
fortieth,1
SIN,1
tawny,1
fisher,1
baptizing,1
Japan,1
Africa,1
Indians,1
idolaters,1
China,1
grief,1
moves,1
Sancian,1
rearisen,1
cemetery,1
Spain,1
fame,1
transmit,1
preceding,1
RETREAT,1
salutary,1
concerning,1
workaday,1
withdrawal,1
signifies,1
honoured,1
bringing,1
tropics,1
Year,1
celebrate,1
bustle,1
immersed,1
professional,1
stewardship,1
rendering,1
seminaries,1
nobleman,1
Paris,1
grope,1
James,1
condemnation,1
silences,1
covetousness,1
vices,1
glowering,1
enjoyment,1
gluttonous,1
calumnious,1
penetrating,1
doctrines,1
tunelessly,1
hum,1
schoolroom,1
savour,1
EXCELLENT,1
FRIEND,1
rigid,1
Shut,1
BOMBADOS,1
proposed,1
amass,1
Monday,1
oclock,1
Mass,1
confessors,1
Beware,1
Lawless,1
illustrious,1
withering,1
grim,1
catechisms,1
vinegar,1
instituted,1
valid,1
mineral,1
accruing,1
8216;Christ,1
divinity,1
contain,1
particle,1
Does,1
appearing,1
eliminated,1
INGOMAR,1
bill,1
arrived,1
fruits,1
LADY,1
LYONS,1
bulged,1
guests,1
Vienna,1
squares,1
delicacies,1
groceries,1
Dinner,1
Barnardos,1
guineas,1
priced,1
Underdones,1
dearness,1
prizes,1
merrymaking,1
mile,1
copper,1
coins,1
novel,1
squandering,1
ill-plastered,1
paint,1
enterprises,1
coffers,1
elegance,1
break-water,1
build,1
desuetude,1
enamel,1
trams,1
resolutions,1
overhauled,1
everyone,1
bought,1
lists,1
loans,1
interests,1
receipts,1
borrowers,1
thinly,1
pinched,1
Foster,1
cousins,1
grieving,1
ineffectual,1
Highland,1
sentry,1
exhibition,1
moneys,1
pounds,1
parading,1
ineffectiveness,1
alternation,1
regrets,1
strifes,1
temperament,1
cronies,1
vigour,1
male,1
Wandering,1
thou,1
joys,1
prize,1
coin,1
Kendal,1
Grattan,1
Henry,1
Flood,1
Bushe,1
noblemen,1
July,1
merry,1
roved,1
ten-acre,1
Hutchinson,1
Hely,1
chatted,1
composure,1
bestowed,1
respectively,1
career,1
deferred,1
piously,1
parliament,1
commons,1
dam,1
conduct,1
lightsome,1
Willie,1
detain,1
clamouring,1
undid,1
noting,1
relief,1
Tears,1
weeping,1
hysterical,1
slumber,1
arrayed,1
dismayed,1
singers,1
laneways,1
urinal,1
Jews,1
Women,1
halls,1
arose,1
gas-flames,1
tinkling,1
rascal,1
playbill,1
clothless,1
froth,1
stultified,1
pigeon,1
Number,1
peacocks,1
starred,1
eyed,1
Nelly,1
quest,1
prowled,1
brothels,1
vehicle,1
fearless,1
caressed,1
devious,1
whores,1
sin-loving,1
hairpins,1
lazily,1
scrawl,1
obscene,1
alien,1
appease,1
fosterbrother,1
fosterchild,1
savage,1
enormities,1
defile,1
exulted,1
riots,1
cynically,1
fosterage,1
mystical,1
jostle,1
barriers,1
recurrence,1
active,1
fiercely,1
crumbled,1
bridged,1
isolation,1
mole,1
orgiastic,1
humiliating,1
convulsively,1
penetrated,1
besieged,1
irresistibly,1
penetration,1
incited,1
abandonment,1
entreaty,1
strangled,1
exult,1
prowling,1
estrangement,1
rose-bushes,1
autumnal,1
wanderings,1
Claude,1
Melnotte,1
moaned,1
inarticulate,1
eased,1
derive,1
worthless,1
decomposing,1
putrid,1
enclosed,1
unbreathable,1
jelly-like,1
choking,1
sickening,1
decomposition,1
loathsome,1
nauseous,1
infect,1
suffice,1
purged,1
conflagration,1
plague,1
Pharaohs,1
prodigious,1
quantity,1
pestilential,1
exhale,1
intolerable,1
fetid,1
carcasses,1
destroys,1
Moreover,1
specially,1
sulphurous,1
shorter,1
preserves,1
shoreless,1
extent,1
limited,1
widespread,1
frustrate,1
preparations,1
whereas,1
maintain,1
tyrant,1
fungus,1
unrepentant,1
consumes,1
inventing,1
combustible,1
attacks,1
plagues,1
storm,1
mission,1
Judea,1
cowhouse,1
Word,1
mocked,1
scourged,1
soldiery,1
rabble,1
jewish,1
thorns,1
begotten,1
heirs,1
resist,1
archtempter,1
wiles,1
blasphemy,1
disappointment,1
hardship,1
redeem,1
fullness,1
earn,1
garments,1
hanged,1
utterly,1
prisoners,1
cell,1
prisons,1
Anselm,1
similitudes,1
ending,1
furnace,1
Babylonian,1
remove,1
expressly,1
straitness,1
prevail,1
Calvary,1
Merciful,1
gibbet,1
rock,1
endowed,1
foul-smelling,1
resumed,1
persisted,1
record,1
vitals,1
brutes,1
covet,1
indulge,1
hundredth,1
guide,1
crush,1
attend,1
precepts,1
goods,1
restore,1
counsels,1
temptings,1
suggestions,1
immodest,1
seeds,1
sowed,1
tempters,1
Catherine,1
jeer,1
prefer,1
Siena,1
avoid,1
dangerous,1
sheath,1
headless,1
malefactors,1
gibbeted,1
headlong,1
random,1
simmering,1
swirl,1
ravenous,1
poring,1
waterproofs,1
overcoats,1
disgusted,1
compatible,1
reproach,1
fiendish,1
outrages,1
pollutes,1
scalp,1
rejection,1
ringing,1
abetted,1
aided,1
howls,1
noisome,1
impenetrable,1
therewith,1
execrations,1
suffocating,1
ever-increasing,1
fanned,1
goads,1
redhot,1
cleanse,1
vengeance,1
bursting,1
boiling,1
boils,1
seethes,1
red-hot,1
strength,1
ire,1
directly,1
boundlessness,1
God-head,1
Evil,1
cock,1
sack,1
casting,1
murderous,1
intention,1
law-givers,1
throats,1
parched,1
hateful,1
parricide,1
olden,1
ties,1
overturned,1
withdraw,1
noxious,1
relationships,1
howl,1
curses,1
blasphemies,1
intensified,1
promising,1
vessel,1
degrading,1
lurking,1
hoodwinked,1
hoodwink,1
tiniest,1
imperfection,1
trial,1
inventor,1
atrocity,1
heinous,1
commands,1
disobey,1
terrified,1
plump-bellied,1
scuttling,1
rot,1
pleading,1
sparing,1
defy,1
warnings,1
scoff,1
weighed,1
howling,1
principalities,1
archangels,1
Shepherd,1
Sorrows,1
powers,1
thrones,1
casts,1
Everlasting,1
cherubim,1
dominations,1
Nazareth,1
Jehoshaphat,1
luminary,1
fig-tree,1
doomsday,1
vindicated,1
sackcloth,1
blood-red,1
valley,1
arch,1
firmament,1
Thrust,1
hirelings,1
merits,1
misfortune,1
unutterable,1
foundation,1
Franciss,1
memorable,1
thousandfold,1
hundredfold,1
sacrificed,1
Banish,1
thankfulness,1
surroundings,1
expected,1
remind,1
doth,1
needful,1
preserve,1
unseemly,1
maybe,1
officers,1
infringed,1
compass,1
stupor,1
extremities,1
bovine,1
perturbed,1
dishonoured,1
creep,1
thickening,1
Carry,1
Nail,1
gurgling,1
vanquished,1
congealing,1
insistence,1
clearing,1
abandoned,1
grease-strewn,1
surly,1
licks,1
chaps,1
boorish,1
Forms,1
pane,1
Friend,1
husbands,1
Forty,1
wreckage,1
litter,1
corpses,1
HELL,1
ENLARGED,1
ANY,1
MOUTH,1
OPENED,1
SOUL,1
floating,1
choked,1
candlesticks,1
brasses,1
embossed,1
spear,1
battle-worn,1
armour,1
tops,1
monuments,1
Rain,1
LIMITS,1
Isaias,1
heir,1
ills,1
fruitful,1
vegetation,1
imposed,1
fiend,1
forfeited,1
inheritance,1
envied,1
subtlest,1
luxuriant,1
teeming,1
Theologians,1
vacant,1
considered,1
chainless,1
NON,1
SERVIAM,1
resplendent,1
Damascus,1
SERVE,1
wan,1
fissure,1
deathbed,1
Addison,1
performing,1
approaching,1
earl,1
Warwick,1
lair,1
disclosed,1
probed,1
aimed,1
attending,1
fulfilling,1
sepulchres,1
hypocrites,1
dearly,1
counselled,1
smooth,1
unexpected,1
parent,1
unaided,1
cometh,1
presumptuous,1
jewel-eyed,1
hingeless,1
jewel,1
ape-like,1
sinning,1
niche,1
hedges,1
filtered,1
reproachful,1
condensed,1
bashful,1
shameless,1
mane,1
huddled,1
squeaking,1
hurricane,1
brute-like,1
chivalry,1
flue,1
soot-coated,1
stank,1
reinforcing,1
